learning_item_id,learning_item_version_id,source_id,source_file_path,source_item_key,source_commit,source_content_hash,question_stem,answer_text,correct_option_key,knowledge_point_id,knowledge_point_name,mapping_candidate_id,mapping_confidence,mapping_method,mapping_review_status,answer_review_status,source_review_status,publish_decision,reviewer_id,reviewer_note
item-18c786b106a9c26ecac4,item-version-ad1a439f683b574063c1,microsoft-ml-for-beginners,quiz-app/src/assets/translations/en.json,json-0,d0d0ea2b2d22cddca31f9c6d108df7daa87a1b46,b278cb874c3e66ef48b20f766c69648f1f9331b9d414730f6461f2d6a3a5a27c,Applications of machine learning are all around us,True,A,kp-ml-intro,Introduction to Machine Learning,mapping-candidate-fb4b767ccdd0b7b1a5c8,0.99,upstream_quiz_group,pending,pending,pending,hold,,
item-98949404cccf0c1a9911,item-version-80496b4af6822c413f03,microsoft-ml-for-beginners,quiz-app/src/assets/translations/en.json,json-1,d0d0ea2b2d22cddca31f9c6d108df7daa87a1b46,b278cb874c3e66ef48b20f766c69648f1f9331b9d414730f6461f2d6a3a5a27c,What is the technical difference between classical ML and deep learning?,the use of neural networks,B,kp-ml-intro,Introduction to Machine Learning,mapping-candidate-69afa3ed74d53b47f78b,0.99,upstream_quiz_group,pending,pending,pending,hold,,
item-8b9fce098bbe0a93945c,item-version-905c886239baca2f4548,microsoft-ml-for-beginners,quiz-app/src/assets/translations/en.json,json-2,d0d0ea2b2d22cddca31f9c6d108df7daa87a1b46,b278cb874c3e66ef48b20f766c69648f1f9331b9d414730f6461f2d6a3a5a27c,Why might a business want to use ML strategies?,both of the above,C,kp-ml-intro,Introduction to Machine Learning,mapping-candidate-398f5de328efd8f27b84,0.99,upstream_quiz_group,pending,pending,pending,hold,,
item-6af764196d9579819796,item-version-a88057bcd7eb0845b097,microsoft-ml-for-beginners,quiz-app/src/assets/translations/en.json,json-3,d0d0ea2b2d22cddca31f9c6d108df7daa87a1b46,b278cb874c3e66ef48b20f766c69648f1f9331b9d414730f6461f2d6a3a5a27c,Machine learning algorithms are meant to simulate,the human brain,B,kp-ml-intro,Introduction to Machine Learning,mapping-candidate-e70ff62fc03d08c1dc23,0.99,upstream_quiz_group,pending,pending,pending,hold,,
item-1eef268c6d7c01470479,item-version-afd835fa51c4f61580f8,microsoft-ml-for-beginners,quiz-app/src/assets/translations/en.json,json-4,d0d0ea2b2d22cddca31f9c6d108df7daa87a1b46,b278cb874c3e66ef48b20f766c69648f1f9331b9d414730f6461f2d6a3a5a27c,What is an example of a classical ML technique?,natural language processing,A,kp-ml-intro,Introduction to Machine Learning,mapping-candidate-2bfe8dcab9d910e21501,0.99,upstream_quiz_group,pending,pending,pending,hold,,
item-c875c554b0ae8a2775aa,item-version-2ea8d7a8747e205bae0d,microsoft-ml-for-beginners,quiz-app/src/assets/translations/en.json,json-5,d0d0ea2b2d22cddca31f9c6d108df7daa87a1b46,b278cb874c3e66ef48b20f766c69648f1f9331b9d414730f6461f2d6a3a5a27c,Why should everyone learn the basics of ML?,both of the above,C,kp-ml-intro,Introduction to Machine Learning,mapping-candidate-04375183f38a71e76a1c,0.99,upstream_quiz_group,pending,pending,pending,hold,,
item-ce33c8dd06c3b94bc42d,item-version-73f210a3d00ea32386f1,microsoft-ml-for-beginners,quiz-app/src/assets/translations/en.json,json-6,d0d0ea2b2d22cddca31f9c6d108df7daa87a1b46,b278cb874c3e66ef48b20f766c69648f1f9331b9d414730f6461f2d6a3a5a27c,Approximately when was the term 'artificial intelligence' coined?,1950s,B,kp-ml-history,History of Machine Learning,mapping-candidate-f2ade003794a6e81becc,0.99,upstream_quiz_group,pending,pending,pending,hold,,
item-cd9cfc3245d57e504b0a,item-version-9a81e32fc887b90bef75,microsoft-ml-for-beginners,quiz-app/src/assets/translations/en.json,json-7,d0d0ea2b2d22cddca31f9c6d108df7daa87a1b46,b278cb874c3e66ef48b20f766c69648f1f9331b9d414730f6461f2d6a3a5a27c,Who was one of the early pioneers of machine learning?,Alan Turing,A,kp-ml-history,History of Machine Learning,mapping-candidate-5e09441baa9ef043dd2a,0.99,upstream_quiz_group,pending,pending,pending,hold,,
item-6e2630b56f56fec3c1f1,item-version-84abb67211b15157c065,microsoft-ml-for-beginners,quiz-app/src/assets/translations/en.json,json-8,d0d0ea2b2d22cddca31f9c6d108df7daa87a1b46,b278cb874c3e66ef48b20f766c69648f1f9331b9d414730f6461f2d6a3a5a27c,What is one of the reasons that advancement in AI slowed in the 1970s?,Limited compute power,A,kp-ml-history,History of Machine Learning,mapping-candidate-4e7a69a0f4ba01d017bb,0.99,upstream_quiz_group,pending,pending,pending,hold,,
item-9f05a916420cb83bbac9,item-version-2dfe5792fdaf70912397,microsoft-ml-for-beginners,quiz-app/src/assets/translations/en.json,json-9,d0d0ea2b2d22cddca31f9c6d108df7daa87a1b46,b278cb874c3e66ef48b20f766c69648f1f9331b9d414730f6461f2d6a3a5a27c,What's an example of a 'scruffy' AI system?,ELIZA,A,kp-ml-history,History of Machine Learning,mapping-candidate-1c6d2ef606b411646dfb,0.99,upstream_quiz_group,pending,pending,pending,hold,,
item-9c65f1ccb6ba7b6b9a15,item-version-0296b4dc5f1a1462c6aa,microsoft-ml-for-beginners,quiz-app/src/assets/translations/en.json,json-10,d0d0ea2b2d22cddca31f9c6d108df7daa87a1b46,b278cb874c3e66ef48b20f766c69648f1f9331b9d414730f6461f2d6a3a5a27c,What is an example of a technology that was developed during 'The Golden Years'?,Blocks world,A,kp-ml-history,History of Machine Learning,mapping-candidate-89ddb64b3861bff14961,0.99,upstream_quiz_group,pending,pending,pending,hold,,
item-f732dba826755361c6d1,item-version-70fb6a4d33c79e8ccac2,microsoft-ml-for-beginners,quiz-app/src/assets/translations/en.json,json-11,d0d0ea2b2d22cddca31f9c6d108df7daa87a1b46,b278cb874c3e66ef48b20f766c69648f1f9331b9d414730f6461f2d6a3a5a27c,Which event was foundational in the creation and expansion of the field of artificial intelligence?,Dartmouth Summer Research Project,B,kp-ml-history,History of Machine Learning,mapping-candidate-7334ed67988919342cb4,0.99,upstream_quiz_group,pending,pending,pending,hold,,
item-f932097e5231d3bb4d60,item-version-4e9449ec02ec20a0ade7,microsoft-ml-for-beginners,quiz-app/src/assets/translations/en.json,json-12,d0d0ea2b2d22cddca31f9c6d108df7daa87a1b46,b278cb874c3e66ef48b20f766c69648f1f9331b9d414730f6461f2d6a3a5a27c,Unfairness in Machine Learning can happen,both of the above,C,kp-ml-fairness,Fairness and Machine Learning,mapping-candidate-fd6a6fa4de71ffec0f4f,0.99,upstream_quiz_group,pending,pending,pending,hold,,
item-75e44310069424f503a9,item-version-40424ff87b5e02710c69,microsoft-ml-for-beginners,quiz-app/src/assets/translations/en.json,json-13,d0d0ea2b2d22cddca31f9c6d108df7daa87a1b46,b278cb874c3e66ef48b20f766c69648f1f9331b9d414730f6461f2d6a3a5a27c,The term 'unfairness' in ML connotes:,harms for a group of people,A,kp-ml-fairness,Fairness and Machine Learning,mapping-candidate-665ab8f1dffae2d23662,0.99,upstream_quiz_group,pending,pending,pending,hold,,
item-af524f08f7cfacf66ed5,item-version-4b77c8a2e0a2c09e1a82,microsoft-ml-for-beginners,quiz-app/src/assets/translations/en.json,json-14,d0d0ea2b2d22cddca31f9c6d108df7daa87a1b46,b278cb874c3e66ef48b20f766c69648f1f9331b9d414730f6461f2d6a3a5a27c,The five main types of harms include,"allocation, quality of service, stereotyping, denigration, and over- or under- representation",A,kp-ml-fairness,Fairness and Machine Learning,mapping-candidate-93ddd45dccdf20ddc8ac,0.99,upstream_quiz_group,pending,pending,pending,hold,,
item-dc8d5d0ae2d5464dea32,item-version-30a167af869ec0db3e29,microsoft-ml-for-beginners,quiz-app/src/assets/translations/en.json,json-15,d0d0ea2b2d22cddca31f9c6d108df7daa87a1b46,b278cb874c3e66ef48b20f766c69648f1f9331b9d414730f6461f2d6a3a5a27c,Unfairness in a model can be caused by,over reliance on historical data,A,kp-ml-fairness,Fairness and Machine Learning,mapping-candidate-089f4bba0293deac5343,0.99,upstream_quiz_group,pending,pending,pending,hold,,
item-085b4f28392947c567df,item-version-fe05f77ce48bb1d5eee9,microsoft-ml-for-beginners,quiz-app/src/assets/translations/en.json,json-16,d0d0ea2b2d22cddca31f9c6d108df7daa87a1b46,b278cb874c3e66ef48b20f766c69648f1f9331b9d414730f6461f2d6a3a5a27c,"To mitigate unfairness, you can",both the above,C,kp-ml-fairness,Fairness and Machine Learning,mapping-candidate-1f9b72f21cb6800daf0f,0.99,upstream_quiz_group,pending,pending,pending,hold,,
item-5f96c95137f04aa36c7f,item-version-a48b21a29ef04105ed1c,microsoft-ml-for-beginners,quiz-app/src/assets/translations/en.json,json-17,d0d0ea2b2d22cddca31f9c6d108df7daa87a1b46,b278cb874c3e66ef48b20f766c69648f1f9331b9d414730f6461f2d6a3a5a27c,Fairlearn is a package that can,compare multiple models by using fairness and performance metrics,A,kp-ml-fairness,Fairness and Machine Learning,mapping-candidate-3c330f44236538de7f86,0.99,upstream_quiz_group,pending,pending,pending,hold,,
item-c711bac8017976ace0c5,item-version-b704e6727b3438162a28,microsoft-ml-for-beginners,quiz-app/src/assets/translations/en.json,json-18,d0d0ea2b2d22cddca31f9c6d108df7daa87a1b46,b278cb874c3e66ef48b20f766c69648f1f9331b9d414730f6461f2d6a3a5a27c,"When building a model, you should:","prepare your data, then train your model",A,kp-ml-tools,Tools and Techniques,mapping-candidate-e137b49abb790269563b,0.99,upstream_quiz_group,pending,pending,pending,hold,,
item-c21c6d75b8167311a3d6,item-version-3ca066d9ac423cc2067c,microsoft-ml-for-beginners,quiz-app/src/assets/translations/en.json,json-19,d0d0ea2b2d22cddca31f9c6d108df7daa87a1b46,b278cb874c3e66ef48b20f766c69648f1f9331b9d414730f6461f2d6a3a5a27c,Your data's ___ will impact the quality of your ML model,both of the above,C,kp-ml-tools,Tools and Techniques,mapping-candidate-0478075a758391d6c1f8,0.99,upstream_quiz_group,pending,pending,pending,hold,,
item-b19f822e1567a18f5aa2,item-version-d750096ff8275dacbba4,microsoft-ml-for-beginners,quiz-app/src/assets/translations/en.json,json-20,d0d0ea2b2d22cddca31f9c6d108df7daa87a1b46,b278cb874c3e66ef48b20f766c69648f1f9331b9d414730f6461f2d6a3a5a27c,A feature variable is:,a measurable property of your data,B,kp-ml-tools,Tools and Techniques,mapping-candidate-7fbb0c1762755662ae8a,0.99,upstream_quiz_group,pending,pending,pending,hold,,
item-84c0c579d88774f1415a,item-version-00c5b05f988cd0c5b091,microsoft-ml-for-beginners,quiz-app/src/assets/translations/en.json,json-21,d0d0ea2b2d22cddca31f9c6d108df7daa87a1b46,b278cb874c3e66ef48b20f766c69648f1f9331b9d414730f6461f2d6a3a5a27c,You should visualize your data because,both of these,C,kp-ml-tools,Tools and Techniques,mapping-candidate-23dcee88d37fbe8322de,0.99,upstream_quiz_group,pending,pending,pending,hold,,
item-e2ea56faddd9431261cd,item-version-afab888235497364f54b,microsoft-ml-for-beginners,quiz-app/src/assets/translations/en.json,json-22,d0d0ea2b2d22cddca31f9c6d108df7daa87a1b46,b278cb874c3e66ef48b20f766c69648f1f9331b9d414730f6461f2d6a3a5a27c,Split your data into:,training and test sets,B,kp-ml-tools,Tools and Techniques,mapping-candidate-12616212fb5049dfdf51,0.99,upstream_quiz_group,pending,pending,pending,hold,,
item-18b152203ff2befdbd6c,item-version-4cccbf87cb032637f1c0,microsoft-ml-for-beginners,quiz-app/src/assets/translations/en.json,json-23,d0d0ea2b2d22cddca31f9c6d108df7daa87a1b46,b278cb874c3e66ef48b20f766c69648f1f9331b9d414730f6461f2d6a3a5a27c,A common command to start the training process in various ML libraries is:,model.fit,C,kp-ml-tools,Tools and Techniques,mapping-candidate-502240807855aa106f30,0.99,upstream_quiz_group,pending,pending,pending,hold,,
item-3bc83b6056c68f07eadb,item-version-9cb1a60c15d9600d6f56,microsoft-ml-for-beginners,quiz-app/src/assets/translations/en.json,json-24,d0d0ea2b2d22cddca31f9c6d108df7daa87a1b46,b278cb874c3e66ef48b20f766c69648f1f9331b9d414730f6461f2d6a3a5a27c,Which of these variables is a numeric variable?,Height,A,kp-ml-regression-intro,Introduction to Regression,mapping-candidate-723f41a7dc5c5a64beec,0.99,upstream_quiz_group,pending,pending,pending,hold,,
item-c0fa0ae76924ca226999,item-version-d50e1cfcbce15ee88ee4,microsoft-ml-for-beginners,quiz-app/src/assets/translations/en.json,json-25,d0d0ea2b2d22cddca31f9c6d108df7daa87a1b46,b278cb874c3e66ef48b20f766c69648f1f9331b9d414730f6461f2d6a3a5a27c,Which of these variables is a categorical variable?,Blood Type,B,kp-ml-regression-intro,Introduction to Regression,mapping-candidate-b1f273f8efbbfc95d3ac,0.99,upstream_quiz_group,pending,pending,pending,hold,,
item-eb6b77844f9c010dfd1a,item-version-5d18e777190a3b98f1a5,microsoft-ml-for-beginners,quiz-app/src/assets/translations/en.json,json-26,d0d0ea2b2d22cddca31f9c6d108df7daa87a1b46,b278cb874c3e66ef48b20f766c69648f1f9331b9d414730f6461f2d6a3a5a27c,Which of these problems is a Regression analysis-based problem?,Predicting the final exam marks of a student,A,kp-ml-regression-intro,Introduction to Regression,mapping-candidate-abd3bc974b5150d54761,0.99,upstream_quiz_group,pending,pending,pending,hold,,
item-c68fcb2c15c47a804775,item-version-e21a1f609f0d97b4130f,microsoft-ml-for-beginners,quiz-app/src/assets/translations/en.json,json-27,d0d0ea2b2d22cddca31f9c6d108df7daa87a1b46,b278cb874c3e66ef48b20f766c69648f1f9331b9d414730f6461f2d6a3a5a27c,"If your Machine Learning model's training accuracy is 95 % and the testing accuracy is 30 %, then what type of condition it is called?",Overfitting,A,kp-ml-regression-intro,Introduction to Regression,mapping-candidate-331bf94cd39979e54637,0.99,upstream_quiz_group,pending,pending,pending,hold,,
item-bffdf9bcdca385464e0f,item-version-8f0ac055cd793d41c44b,microsoft-ml-for-beginners,quiz-app/src/assets/translations/en.json,json-28,d0d0ea2b2d22cddca31f9c6d108df7daa87a1b46,b278cb874c3e66ef48b20f766c69648f1f9331b9d414730f6461f2d6a3a5a27c,The process of identifying significant features from a set of features is called:,Feature Selection,C,kp-ml-regression-intro,Introduction to Regression,mapping-candidate-224eb8d3ee14c99b8678,0.99,upstream_quiz_group,pending,pending,pending,hold,,
item-052077d4fe34939b54b4,item-version-ed1cc682690176cdee6b,microsoft-ml-for-beginners,quiz-app/src/assets/translations/en.json,json-29,d0d0ea2b2d22cddca31f9c6d108df7daa87a1b46,b278cb874c3e66ef48b20f766c69648f1f9331b9d414730f6461f2d6a3a5a27c,The process of splitting a dataset into a certain ratio of training and testing dataset using Scikit Learn's 'train_test_split()' method/function is called:,Hold-Out Validation,B,kp-ml-regression-intro,Introduction to Regression,mapping-candidate-88b14ae28ee10dbd0d4f,0.99,upstream_quiz_group,pending,pending,pending,hold,,
item-33b512b745631313b2d9,item-version-c1da518758ed08ed336f,microsoft-ml-for-beginners,quiz-app/src/assets/translations/en.json,json-30,d0d0ea2b2d22cddca31f9c6d108df7daa87a1b46,b278cb874c3e66ef48b20f766c69648f1f9331b9d414730f6461f2d6a3a5a27c,Which of these Python modules is used to plot the visualization of data?,Matplotlib,C,kp-ml-regression-data,Prepare and Visualize Data for Regression,mapping-candidate-d36e2537ba1dc6281eb4,0.99,upstream_quiz_group,pending,pending,pending,hold,,
item-0577eb1d80e5755cb032,item-version-1879747deb42dd1d7e71,microsoft-ml-for-beginners,quiz-app/src/assets/translations/en.json,json-31,d0d0ea2b2d22cddca31f9c6d108df7daa87a1b46,b278cb874c3e66ef48b20f766c69648f1f9331b9d414730f6461f2d6a3a5a27c,"If you want to understand the spread or the other characteristics of data points of your dataset, then perform:",Data Visualization,A,kp-ml-regression-data,Prepare and Visualize Data for Regression,mapping-candidate-e06681582404b2dde25e,0.99,upstream_quiz_group,pending,pending,pending,hold,,
item-e1faeea32d6f3c5223ce,item-version-92df9de00c0175871d6f,microsoft-ml-for-beginners,quiz-app/src/assets/translations/en.json,json-32,d0d0ea2b2d22cddca31f9c6d108df7daa87a1b46,b278cb874c3e66ef48b20f766c69648f1f9331b9d414730f6461f2d6a3a5a27c,Which of these is a part of the Data Visualization step in a Machine Learning project?,Creating a pictorial representation of data using different plotting methods,B,kp-ml-regression-data,Prepare and Visualize Data for Regression,mapping-candidate-b3254180f4d338cb2f6a,0.99,upstream_quiz_group,pending,pending,pending,hold,,
item-005e2d6666c7efdc9918,item-version-d8f664340d13a54a9d37,microsoft-ml-for-beginners,quiz-app/src/assets/translations/en.json,json-33,d0d0ea2b2d22cddca31f9c6d108df7daa87a1b46,b278cb874c3e66ef48b20f766c69648f1f9331b9d414730f6461f2d6a3a5a27c,"Which of these code snippets is correct based on this lesson, if you want to check for the presence of missing values in your dataset? Suppose the dataset is stored in a variable named 'dataset' which is a Pandas DataFrame object.",dataset.isnull().sum(),A,kp-ml-regression-data,Prepare and Visualize Data for Regression,mapping-candidate-d71a2c25443cbf7d1556,0.99,upstream_quiz_group,pending,pending,pending,hold,,
item-b51473989fefa9ecad30,item-version-c8481f33b9ed039219b9,microsoft-ml-for-beginners,quiz-app/src/assets/translations/en.json,json-34,d0d0ea2b2d22cddca31f9c6d108df7daa87a1b46,b278cb874c3e66ef48b20f766c69648f1f9331b9d414730f6461f2d6a3a5a27c,Which of these plotting methods is useful when you would like to understand the spread of different groups of datapoints from your dataset?,Bar Plot,C,kp-ml-regression-data,Prepare and Visualize Data for Regression,mapping-candidate-580db2560c00ea1d8f29,0.99,upstream_quiz_group,pending,pending,pending,hold,,
item-47caf573a1bafba28a4e,item-version-12a5652f3fc85d037e9f,microsoft-ml-for-beginners,quiz-app/src/assets/translations/en.json,json-35,d0d0ea2b2d22cddca31f9c6d108df7daa87a1b46,b278cb874c3e66ef48b20f766c69648f1f9331b9d414730f6461f2d6a3a5a27c,What can Data Visualization NOT tell you?,The source from where the dataset is collected,B,kp-ml-regression-data,Prepare and Visualize Data for Regression,mapping-candidate-aedb594af224b316eaec,0.99,upstream_quiz_group,pending,pending,pending,hold,,
item-65c49e2fd7c93e07fcff,item-version-7717d3af747c09a3344f,microsoft-ml-for-beginners,quiz-app/src/assets/translations/en.json,json-36,d0d0ea2b2d22cddca31f9c6d108df7daa87a1b46,b278cb874c3e66ef48b20f766c69648f1f9331b9d414730f6461f2d6a3a5a27c,Matplotlib is a,data visualization library,B,kp-ml-linear-polynomial-regression,Linear and Polynomial Regression,mapping-candidate-e4a372153ba94ac3bbf2,0.99,upstream_quiz_group,pending,pending,pending,hold,,
item-81011cfc902ccb20fce2,item-version-57e404f67df1bd13991e,microsoft-ml-for-beginners,quiz-app/src/assets/translations/en.json,json-37,d0d0ea2b2d22cddca31f9c6d108df7daa87a1b46,b278cb874c3e66ef48b20f766c69648f1f9331b9d414730f6461f2d6a3a5a27c,Linear Regression uses the following to plot relationships between variables,a straight line,A,kp-ml-linear-polynomial-regression,Linear and Polynomial Regression,mapping-candidate-bfcef3c5e2382fb284a5,0.99,upstream_quiz_group,pending,pending,pending,hold,,
item-5aedc4b3724653498974,item-version-8fbe8092799930acf72c,microsoft-ml-for-beginners,quiz-app/src/assets/translations/en.json,json-38,d0d0ea2b2d22cddca31f9c6d108df7daa87a1b46,b278cb874c3e66ef48b20f766c69648f1f9331b9d414730f6461f2d6a3a5a27c,A good Linear Regression model has a ___ Correlation Coefficient,high,B,kp-ml-linear-polynomial-regression,Linear and Polynomial Regression,mapping-candidate-c20a2161bfdc88404220,0.99,upstream_quiz_group,pending,pending,pending,hold,,
item-d345727d141da99cca3d,item-version-90e5aeb788cfb3a85fc0,microsoft-ml-for-beginners,quiz-app/src/assets/translations/en.json,json-39,d0d0ea2b2d22cddca31f9c6d108df7daa87a1b46,b278cb874c3e66ef48b20f766c69648f1f9331b9d414730f6461f2d6a3a5a27c,"If your data is nonlinear, try a ___ type of Regression",polynomial,C,kp-ml-linear-polynomial-regression,Linear and Polynomial Regression,mapping-candidate-09e976436d9ec3f09726,0.99,upstream_quiz_group,pending,pending,pending,hold,,
item-837bc1c86c030bf5d94c,item-version-be3110f61e25825bd251,microsoft-ml-for-beginners,quiz-app/src/assets/translations/en.json,json-40,d0d0ea2b2d22cddca31f9c6d108df7daa87a1b46,b278cb874c3e66ef48b20f766c69648f1f9331b9d414730f6461f2d6a3a5a27c,These are all types of Regression methods,"Stepwise, Ridge, Lasso and Elasticnet",B,kp-ml-linear-polynomial-regression,Linear and Polynomial Regression,mapping-candidate-6609a473f93aefc0ac69,0.99,upstream_quiz_group,pending,pending,pending,hold,,
item-595f83d3287bdc0eee7f,item-version-e14b669773d026e2d480,microsoft-ml-for-beginners,quiz-app/src/assets/translations/en.json,json-41,d0d0ea2b2d22cddca31f9c6d108df7daa87a1b46,b278cb874c3e66ef48b20f766c69648f1f9331b9d414730f6461f2d6a3a5a27c,Least-Squares Regression means that all the datapoints surrounding the regression line are:,squared and then added up,C,kp-ml-linear-polynomial-regression,Linear and Polynomial Regression,mapping-candidate-4cca902a7251b0f4455e,0.99,upstream_quiz_group,pending,pending,pending,hold,,
item-d1e58fc9fbdc1537a96b,item-version-7c9b83634a45be64cb7a,microsoft-ml-for-beginners,quiz-app/src/assets/translations/en.json,json-42,d0d0ea2b2d22cddca31f9c6d108df7daa87a1b46,b278cb874c3e66ef48b20f766c69648f1f9331b9d414730f6461f2d6a3a5a27c,Use Logistic Regression to predict,whether an apple is ripe or not,A,kp-ml-logistic-regression,Logistic Regression,mapping-candidate-f757a671793fb792f0cb,0.99,upstream_quiz_group,pending,pending,pending,hold,,
item-10240d13729b1c88c1af,item-version-e5601941bd3fdf11a3ed,microsoft-ml-for-beginners,quiz-app/src/assets/translations/en.json,json-43,d0d0ea2b2d22cddca31f9c6d108df7daa87a1b46,b278cb874c3e66ef48b20f766c69648f1f9331b9d414730f6461f2d6a3a5a27c,Types of Logistic Regression include,multinomial and ordinal,B,kp-ml-logistic-regression,Logistic Regression,mapping-candidate-075e1ffc42bd97825354,0.99,upstream_quiz_group,pending,pending,pending,hold,,
item-f293fce96d5e7d194407,item-version-6cd8d353a357569fcedd,microsoft-ml-for-beginners,quiz-app/src/assets/translations/en.json,json-44,d0d0ea2b2d22cddca31f9c6d108df7daa87a1b46,b278cb874c3e66ef48b20f766c69648f1f9331b9d414730f6461f2d6a3a5a27c,Your data has weak correlations. The best type of Regression to use is:,Logistic,A,kp-ml-logistic-regression,Logistic Regression,mapping-candidate-bec06abf1343873c7767,0.99,upstream_quiz_group,pending,pending,pending,hold,,
item-9f1996e813d26a7a4b70,item-version-55b298a27778440f286f,microsoft-ml-for-beginners,quiz-app/src/assets/translations/en.json,json-45,d0d0ea2b2d22cddca31f9c6d108df7daa87a1b46,b278cb874c3e66ef48b20f766c69648f1f9331b9d414730f6461f2d6a3a5a27c,Seaborn is a type of,data visualization library,A,kp-ml-logistic-regression,Logistic Regression,mapping-candidate-4be5899ea616d66c42d4,0.99,upstream_quiz_group,pending,pending,pending,hold,,
item-d402e2a21702237b2bbb,item-version-996e7723da8c34b92ff7,microsoft-ml-for-beginners,quiz-app/src/assets/translations/en.json,json-46,d0d0ea2b2d22cddca31f9c6d108df7daa87a1b46,b278cb874c3e66ef48b20f766c69648f1f9331b9d414730f6461f2d6a3a5a27c,A confusion matrix is also known as a:,error matrix,A,kp-ml-logistic-regression,Logistic Regression,mapping-candidate-4feb613bfd6c95be7cfc,0.99,upstream_quiz_group,pending,pending,pending,hold,,
item-327755b4d4d458e420f3,item-version-5b9e82ea4cb0bf6ebf8a,microsoft-ml-for-beginners,quiz-app/src/assets/translations/en.json,json-47,d0d0ea2b2d22cddca31f9c6d108df7daa87a1b46,b278cb874c3e66ef48b20f766c69648f1f9331b9d414730f6461f2d6a3a5a27c,A good model will have:,a large number of true positives and true negatives in its confusion matrix,B,kp-ml-logistic-regression,Logistic Regression,mapping-candidate-eef0166eae5a76325166,0.99,upstream_quiz_group,pending,pending,pending,hold,,
item-f3c9fe101d02efa32392,item-version-5c6d8eda56e9b4bc2734,microsoft-ml-for-beginners,quiz-app/src/assets/translations/en.json,json-48,d0d0ea2b2d22cddca31f9c6d108df7daa87a1b46,b278cb874c3e66ef48b20f766c69648f1f9331b9d414730f6461f2d6a3a5a27c,What does ONNX stand for?,Open Neural Network Exchange,B,kp-ml-web-app,Build a Web App,mapping-candidate-3dfbcdcc62bcbc345830,0.99,upstream_quiz_group,pending,pending,pending,hold,,
item-affffbd055570ec934fe,item-version-0366886ff91844555853,microsoft-ml-for-beginners,quiz-app/src/assets/translations/en.json,json-49,d0d0ea2b2d22cddca31f9c6d108df7daa87a1b46,b278cb874c3e66ef48b20f766c69648f1f9331b9d414730f6461f2d6a3a5a27c,How is Flask defined by its creators?,micro-framework,C,kp-ml-web-app,Build a Web App,mapping-candidate-4b71164a3d69f3fb7dc7,0.99,upstream_quiz_group,pending,pending,pending,hold,,
item-7f1963e1aa5fafb4bf8f,item-version-bed909e8427d02f3b69d,microsoft-ml-for-beginners,quiz-app/src/assets/translations/en.json,json-50,d0d0ea2b2d22cddca31f9c6d108df7daa87a1b46,b278cb874c3e66ef48b20f766c69648f1f9331b9d414730f6461f2d6a3a5a27c,What does the Pickle module of Python do,Serializes and De-serializes a Python Object,C,kp-ml-web-app,Build a Web App,mapping-candidate-231fa59dc3bf33d127ea,0.99,upstream_quiz_group,pending,pending,pending,hold,,
item-e52984b61804b7671a3b,item-version-38c284f0435f493ebcc5,microsoft-ml-for-beginners,quiz-app/src/assets/translations/en.json,json-51,d0d0ea2b2d22cddca31f9c6d108df7daa87a1b46,b278cb874c3e66ef48b20f766c69648f1f9331b9d414730f6461f2d6a3a5a27c,What are the tools we can use to host a pre-trained model on the web using Python?,Flask,A,kp-ml-web-app,Build a Web App,mapping-candidate-5e4e87c8df37ed53dbfa,0.99,upstream_quiz_group,pending,pending,pending,hold,,
item-9503dec777d95f2af31d,item-version-2781856a959e1b6cc810,microsoft-ml-for-beginners,quiz-app/src/assets/translations/en.json,json-52,d0d0ea2b2d22cddca31f9c6d108df7daa87a1b46,b278cb874c3e66ef48b20f766c69648f1f9331b9d414730f6461f2d6a3a5a27c,What does SaaS stand for?,Software as a Service,B,kp-ml-web-app,Build a Web App,mapping-candidate-d7d519a5469169ad7f97,0.99,upstream_quiz_group,pending,pending,pending,hold,,
item-bee7ca828a24d51da75f,item-version-f84a091f69697d229bda,microsoft-ml-for-beginners,quiz-app/src/assets/translations/en.json,json-53,d0d0ea2b2d22cddca31f9c6d108df7daa87a1b46,b278cb874c3e66ef48b20f766c69648f1f9331b9d414730f6461f2d6a3a5a27c,What does Scikit-learn's LabelEncoder library do?,Encodes data alphabetically,A,kp-ml-web-app,Build a Web App,mapping-candidate-685e5853227437895a32,0.99,upstream_quiz_group,pending,pending,pending,hold,,
item-a3f2d04948d573ff1d9e,item-version-83ed178ba40853e54725,microsoft-ml-for-beginners,quiz-app/src/assets/translations/en.json,json-54,d0d0ea2b2d22cddca31f9c6d108df7daa87a1b46,b278cb874c3e66ef48b20f766c69648f1f9331b9d414730f6461f2d6a3a5a27c,Classification is a form of supervised learning that has a lot in common with,Regression techniques,B,kp-ml-classification-intro,Classification 1,mapping-candidate-6a250352d4a1a047e700,0.99,upstream_quiz_group,pending,pending,pending,hold,,
item-c870f31dc8ace4fec309,item-version-487b0ef8b1b14f74c1c8,microsoft-ml-for-beginners,quiz-app/src/assets/translations/en.json,json-55,d0d0ea2b2d22cddca31f9c6d108df7daa87a1b46,b278cb874c3e66ef48b20f766c69648f1f9331b9d414730f6461f2d6a3a5a27c,What question can classification help answer?,Is this email spam or not?,A,kp-ml-classification-intro,Classification 1,mapping-candidate-bd7f360be3484d81d0e9,0.99,upstream_quiz_group,pending,pending,pending,hold,,
item-e2e81e84fb2f627d2d88,item-version-7e63ecf725dead619143,microsoft-ml-for-beginners,quiz-app/src/assets/translations/en.json,json-56,d0d0ea2b2d22cddca31f9c6d108df7daa87a1b46,b278cb874c3e66ef48b20f766c69648f1f9331b9d414730f6461f2d6a3a5a27c,What is the first step to using Classification techniques?,cleaning and balancing your data,B,kp-ml-classification-intro,Classification 1,mapping-candidate-1efc44da5b6fcdaac70a,0.99,upstream_quiz_group,pending,pending,pending,hold,,
item-5d0e0efedd8e441a9e5d,item-version-b876b5f60e7806f5ec47,microsoft-ml-for-beginners,quiz-app/src/assets/translations/en.json,json-57,d0d0ea2b2d22cddca31f9c6d108df7daa87a1b46,b278cb874c3e66ef48b20f766c69648f1f9331b9d414730f6461f2d6a3a5a27c,What is a multiclass question?,the task of classifying data points into one of several classes,B,kp-ml-classification-intro,Classification 1,mapping-candidate-34e72c220d36ae460dd6,0.99,upstream_quiz_group,pending,pending,pending,hold,,
item-4931e2e79b55191d3568,item-version-989b6a8375b4150ee322,microsoft-ml-for-beginners,quiz-app/src/assets/translations/en.json,json-58,d0d0ea2b2d22cddca31f9c6d108df7daa87a1b46,b278cb874c3e66ef48b20f766c69648f1f9331b9d414730f6461f2d6a3a5a27c,It's important to clean out recurrent or unhelpful data to help your classifiers solve your problem.,true,A,kp-ml-classification-intro,Classification 1,mapping-candidate-779e7c740dcbbd3f351f,0.99,upstream_quiz_group,pending,pending,pending,hold,,
item-946a8a4417d56e75d3c0,item-version-a4f5701251aaa8dca2c7,microsoft-ml-for-beginners,quiz-app/src/assets/translations/en.json,json-59,d0d0ea2b2d22cddca31f9c6d108df7daa87a1b46,b278cb874c3e66ef48b20f766c69648f1f9331b9d414730f6461f2d6a3a5a27c,What's the best reason to balance your data?,Balancing your data yields better results because an ML model won't skew towards one class,B,kp-ml-classification-intro,Classification 1,mapping-candidate-37d47cc10fbdeda48b26,0.99,upstream_quiz_group,pending,pending,pending,hold,,
item-28383978b57a036bd181,item-version-43ec4454bf8e54fe01e5,microsoft-ml-for-beginners,quiz-app/src/assets/translations/en.json,json-60,d0d0ea2b2d22cddca31f9c6d108df7daa87a1b46,b278cb874c3e66ef48b20f766c69648f1f9331b9d414730f6461f2d6a3a5a27c,"Balanced, clean data yields the best classification results",true,A,kp-ml-classifiers-1,Classification 2,mapping-candidate-badcbd89fc4cc70016f3,0.99,upstream_quiz_group,pending,pending,pending,hold,,
item-5fc22040c0aa8fa02f12,item-version-10fc97316cfb1ec665be,microsoft-ml-for-beginners,quiz-app/src/assets/translations/en.json,json-61,d0d0ea2b2d22cddca31f9c6d108df7daa87a1b46,b278cb874c3e66ef48b20f766c69648f1f9331b9d414730f6461f2d6a3a5a27c,How do you choose the right classifier?,Both of the above,C,kp-ml-classifiers-1,Classification 2,mapping-candidate-5f39d1029e7d0b6724eb,0.99,upstream_quiz_group,pending,pending,pending,hold,,
item-43908e7ce23ebb0976a3,item-version-8b90b3354d9aa3626b90,microsoft-ml-for-beginners,quiz-app/src/assets/translations/en.json,json-62,d0d0ea2b2d22cddca31f9c6d108df7daa87a1b46,b278cb874c3e66ef48b20f766c69648f1f9331b9d414730f6461f2d6a3a5a27c,Classification is a type of,Supervised Learning,B,kp-ml-classifiers-1,Classification 2,mapping-candidate-98932bf4944ac2ba295c,0.99,upstream_quiz_group,pending,pending,pending,hold,,
item-6bef3e9f2f893aa181b7,item-version-411f589a5d257e82ea13,microsoft-ml-for-beginners,quiz-app/src/assets/translations/en.json,json-63,d0d0ea2b2d22cddca31f9c6d108df7daa87a1b46,b278cb874c3e66ef48b20f766c69648f1f9331b9d414730f6461f2d6a3a5a27c,What is a 'solver'?,the algorithm to use in the optimization problem,B,kp-ml-classifiers-1,Classification 2,mapping-candidate-5883b879d94242781766,0.99,upstream_quiz_group,pending,pending,pending,hold,,
item-690976062b0a01aa5cfd,item-version-844f4b1fee753eb49efa,microsoft-ml-for-beginners,quiz-app/src/assets/translations/en.json,json-64,d0d0ea2b2d22cddca31f9c6d108df7daa87a1b46,b278cb874c3e66ef48b20f766c69648f1f9331b9d414730f6461f2d6a3a5a27c,Which classifier did we use in this lesson?,Logistic Regression,A,kp-ml-classifiers-1,Classification 2,mapping-candidate-1a63b5f9f25b2447b773,0.99,upstream_quiz_group,pending,pending,pending,hold,,
item-a596ca37d49ea98d7749,item-version-4faaf7f59785fba7546a,microsoft-ml-for-beginners,quiz-app/src/assets/translations/en.json,json-65,d0d0ea2b2d22cddca31f9c6d108df7daa87a1b46,b278cb874c3e66ef48b20f766c69648f1f9331b9d414730f6461f2d6a3a5a27c,How do you know if the classification algorithm is working as expected?,By checking the accuracy of its predictions,A,kp-ml-classifiers-1,Classification 2,mapping-candidate-5ce7f07742b444d50a09,0.99,upstream_quiz_group,pending,pending,pending,hold,,
item-1502e8f0effe39cdcfe8,item-version-8caef7b4e4bc02c4bd15,microsoft-ml-for-beginners,quiz-app/src/assets/translations/en.json,json-66,d0d0ea2b2d22cddca31f9c6d108df7daa87a1b46,b278cb874c3e66ef48b20f766c69648f1f9331b9d414730f6461f2d6a3a5a27c,A good initial classifier to try is:,Linear SVC,A,kp-ml-classifiers-2,Classification 3,mapping-candidate-635459166607dfa0fdf4,0.99,upstream_quiz_group,pending,pending,pending,hold,,
item-1fbd5ea73ed1a56940f5,item-version-f2143b297a29c979ea2b,microsoft-ml-for-beginners,quiz-app/src/assets/translations/en.json,json-67,d0d0ea2b2d22cddca31f9c6d108df7daa87a1b46,b278cb874c3e66ef48b20f766c69648f1f9331b9d414730f6461f2d6a3a5a27c,Regularization controls:,the influence of parameters,A,kp-ml-classifiers-2,Classification 3,mapping-candidate-2c1708145a65067d2054,0.99,upstream_quiz_group,pending,pending,pending,hold,,
item-e63afa3925559330655f,item-version-5e360a0f79cff3bd2b83,microsoft-ml-for-beginners,quiz-app/src/assets/translations/en.json,json-68,d0d0ea2b2d22cddca31f9c6d108df7daa87a1b46,b278cb874c3e66ef48b20f766c69648f1f9331b9d414730f6461f2d6a3a5a27c,K-Neighbors classifier can be used for:,both of these,C,kp-ml-classifiers-2,Classification 3,mapping-candidate-79ba2fcb03f51cffee24,0.99,upstream_quiz_group,pending,pending,pending,hold,,
item-a5771fe5b16ebc6afd19,item-version-4688e0315d7d7ce86883,microsoft-ml-for-beginners,quiz-app/src/assets/translations/en.json,json-69,d0d0ea2b2d22cddca31f9c6d108df7daa87a1b46,b278cb874c3e66ef48b20f766c69648f1f9331b9d414730f6461f2d6a3a5a27c,Support-Vector classifiers can be used for,both of these,C,kp-ml-classifiers-2,Classification 3,mapping-candidate-2dd209873d905f304d86,0.99,upstream_quiz_group,pending,pending,pending,hold,,
item-1735f4fe19970ead2077,item-version-246ee54040e4290e8d2c,microsoft-ml-for-beginners,quiz-app/src/assets/translations/en.json,json-70,d0d0ea2b2d22cddca31f9c6d108df7daa87a1b46,b278cb874c3e66ef48b20f766c69648f1f9331b9d414730f6461f2d6a3a5a27c,Random Forest is a ___ type of classifier,Ensemble,A,kp-ml-classifiers-2,Classification 3,mapping-candidate-5e4f8806d90bdd22dfb4,0.99,upstream_quiz_group,pending,pending,pending,hold,,
item-6dc6e217ba4b7c2ecb30,item-version-fd4cd1169e6cbc553e8d,microsoft-ml-for-beginners,quiz-app/src/assets/translations/en.json,json-71,d0d0ea2b2d22cddca31f9c6d108df7daa87a1b46,b278cb874c3e66ef48b20f766c69648f1f9331b9d414730f6461f2d6a3a5a27c,Adaboost is known for:,focusing on the weights of incorrectly classified items,A,kp-ml-classifiers-2,Classification 3,mapping-candidate-bb497067eff7321f70ed,0.99,upstream_quiz_group,pending,pending,pending,hold,,
item-eab980b4b7fd0573b053,item-version-b458ecbcf779948e6a98,microsoft-ml-for-beginners,quiz-app/src/assets/translations/en.json,json-72,d0d0ea2b2d22cddca31f9c6d108df7daa87a1b46,b278cb874c3e66ef48b20f766c69648f1f9331b9d414730f6461f2d6a3a5a27c,Recommendation systems might be used for,Both of these,C,kp-ml-classification-applied,Classification 4,mapping-candidate-582bfbc23e3e83ab92d5,0.99,upstream_quiz_group,pending,pending,pending,hold,,
item-9a1247ea132b9152918c,item-version-171a97d7da2734b05ad1,microsoft-ml-for-beginners,quiz-app/src/assets/translations/en.json,json-73,d0d0ea2b2d22cddca31f9c6d108df7daa87a1b46,b278cb874c3e66ef48b20f766c69648f1f9331b9d414730f6461f2d6a3a5a27c,Embedding a model in a web app helps it to be offline-capable,true,A,kp-ml-classification-applied,Classification 4,mapping-candidate-3e71d5479c9ec7cf2049,0.99,upstream_quiz_group,pending,pending,pending,hold,,
item-9975f5e64a04d6e24e61,item-version-fc0d3588dfd626133a66,microsoft-ml-for-beginners,quiz-app/src/assets/translations/en.json,json-74,d0d0ea2b2d22cddca31f9c6d108df7daa87a1b46,b278cb874c3e66ef48b20f766c69648f1f9331b9d414730f6461f2d6a3a5a27c,Onnx Runtime can be used for,Running models in a web app,A,kp-ml-classification-applied,Classification 4,mapping-candidate-cf3430e83199fa02fb14,0.99,upstream_quiz_group,pending,pending,pending,hold,,
item-1777d393dfc4a5fbe08e,item-version-f156b19122342b658827,microsoft-ml-for-beginners,quiz-app/src/assets/translations/en.json,json-75,d0d0ea2b2d22cddca31f9c6d108df7daa87a1b46,b278cb874c3e66ef48b20f766c69648f1f9331b9d414730f6461f2d6a3a5a27c,Netron app helps you:,Visualize your model's structure,B,kp-ml-classification-applied,Classification 4,mapping-candidate-a2bec1f513b1fc8ebd6e,0.99,upstream_quiz_group,pending,pending,pending,hold,,
item-3c3b41cf42ebb43799a3,item-version-b6faf03ecb13e8a366c7,microsoft-ml-for-beginners,quiz-app/src/assets/translations/en.json,json-76,d0d0ea2b2d22cddca31f9c6d108df7daa87a1b46,b278cb874c3e66ef48b20f766c69648f1f9331b9d414730f6461f2d6a3a5a27c,Convert your Scikit-learn model for use with Onnx using:,sklearn-onnx,C,kp-ml-classification-applied,Classification 4,mapping-candidate-07ecbd77f284424e7a16,0.99,upstream_quiz_group,pending,pending,pending,hold,,
item-d80824361bc55c1b042f,item-version-55af444f4971303d46bd,microsoft-ml-for-beginners,quiz-app/src/assets/translations/en.json,json-77,d0d0ea2b2d22cddca31f9c6d108df7daa87a1b46,b278cb874c3e66ef48b20f766c69648f1f9331b9d414730f6461f2d6a3a5a27c,Using your model in a web app is called:,inference,A,kp-ml-classification-applied,Classification 4,mapping-candidate-a15fdc75dd31688c90ba,0.99,upstream_quiz_group,pending,pending,pending,hold,,
item-43204443334395e750e7,item-version-d98b3b3364a9265c4379,microsoft-ml-for-beginners,quiz-app/src/assets/translations/en.json,json-78,d0d0ea2b2d22cddca31f9c6d108df7daa87a1b46,b278cb874c3e66ef48b20f766c69648f1f9331b9d414730f6461f2d6a3a5a27c,A real-life example of clustering would be,Sorting the laundry,B,kp-ml-clustering-intro,Introduction to Clustering,mapping-candidate-3479973947397457bf8c,0.99,upstream_quiz_group,pending,pending,pending,hold,,
item-78b9d1ed489f900e4069,item-version-830e9baba7f180628b52,microsoft-ml-for-beginners,quiz-app/src/assets/translations/en.json,json-79,d0d0ea2b2d22cddca31f9c6d108df7daa87a1b46,b278cb874c3e66ef48b20f766c69648f1f9331b9d414730f6461f2d6a3a5a27c,Clustering techniques can be used in these industries,both of these,C,kp-ml-clustering-intro,Introduction to Clustering,mapping-candidate-6f46f8d8b8d95ef100bb,0.99,upstream_quiz_group,pending,pending,pending,hold,,
item-76815a18ecdca3b1b528,item-version-a709e7f23fd28a4685b8,microsoft-ml-for-beginners,quiz-app/src/assets/translations/en.json,json-80,d0d0ea2b2d22cddca31f9c6d108df7daa87a1b46,b278cb874c3e66ef48b20f766c69648f1f9331b9d414730f6461f2d6a3a5a27c,Clustering is a type of:,unsupervised learning,B,kp-ml-clustering-intro,Introduction to Clustering,mapping-candidate-134eee7bb8e527aa5ddf,0.99,upstream_quiz_group,pending,pending,pending,hold,,
item-52f97701b862ffe8e6c5,item-version-91aa3d1488703cd45734,microsoft-ml-for-beginners,quiz-app/src/assets/translations/en.json,json-81,d0d0ea2b2d22cddca31f9c6d108df7daa87a1b46,b278cb874c3e66ef48b20f766c69648f1f9331b9d414730f6461f2d6a3a5a27c,Euclidean geometry is arranged along,planes,A,kp-ml-clustering-intro,Introduction to Clustering,mapping-candidate-c4a8d29716b5ff02053a,0.99,upstream_quiz_group,pending,pending,pending,hold,,
item-c2b674b69b0563769cd7,item-version-fa54edcd1b34329763c4,microsoft-ml-for-beginners,quiz-app/src/assets/translations/en.json,json-82,d0d0ea2b2d22cddca31f9c6d108df7daa87a1b46,b278cb874c3e66ef48b20f766c69648f1f9331b9d414730f6461f2d6a3a5a27c,The density of your clustering data is related to its,noise,A,kp-ml-clustering-intro,Introduction to Clustering,mapping-candidate-6c0c323eb20be40efcb1,0.99,upstream_quiz_group,pending,pending,pending,hold,,
item-e7728783463b5015f512,item-version-586ad16b8b28a47b4911,microsoft-ml-for-beginners,quiz-app/src/assets/translations/en.json,json-83,d0d0ea2b2d22cddca31f9c6d108df7daa87a1b46,b278cb874c3e66ef48b20f766c69648f1f9331b9d414730f6461f2d6a3a5a27c,The best-known clustering algorithm is,k-means,A,kp-ml-clustering-intro,Introduction to Clustering,mapping-candidate-03d66176d0e1174929b6,0.99,upstream_quiz_group,pending,pending,pending,hold,,
item-fe736f19b2b226b77e94,item-version-dd4b049e0a769329abd0,microsoft-ml-for-beginners,quiz-app/src/assets/translations/en.json,json-84,d0d0ea2b2d22cddca31f9c6d108df7daa87a1b46,b278cb874c3e66ef48b20f766c69648f1f9331b9d414730f6461f2d6a3a5a27c,K-Means is derived from:,signal processing,B,kp-ml-kmeans,K-Means Clustering,mapping-candidate-07ec76ca60cf9dc01555,0.99,upstream_quiz_group,pending,pending,pending,hold,,
item-62ea63cd3ae934eae383,item-version-9171c7c8c183ed09be30,microsoft-ml-for-beginners,quiz-app/src/assets/translations/en.json,json-85,d0d0ea2b2d22cddca31f9c6d108df7daa87a1b46,b278cb874c3e66ef48b20f766c69648f1f9331b9d414730f6461f2d6a3a5a27c,A good Silhouette score means:,clusters are well-separated and well-defined,A,kp-ml-kmeans,K-Means Clustering,mapping-candidate-39f6afb0b89ce519912a,0.99,upstream_quiz_group,pending,pending,pending,hold,,
item-a3a20a67afd3d0a752c0,item-version-42be2586fa5a335c5b39,microsoft-ml-for-beginners,quiz-app/src/assets/translations/en.json,json-86,d0d0ea2b2d22cddca31f9c6d108df7daa87a1b46,b278cb874c3e66ef48b20f766c69648f1f9331b9d414730f6461f2d6a3a5a27c,Variance is:,both of these,C,kp-ml-kmeans,K-Means Clustering,mapping-candidate-4106c64f0356e2a3da74,0.99,upstream_quiz_group,pending,pending,pending,hold,,
item-f9544a553c8a3634975d,item-version-9502156b7ade82a2389c,microsoft-ml-for-beginners,quiz-app/src/assets/translations/en.json,json-87,d0d0ea2b2d22cddca31f9c6d108df7daa87a1b46,b278cb874c3e66ef48b20f766c69648f1f9331b9d414730f6461f2d6a3a5a27c,A Voronoi diagram shows:,a cluster's seed and its region,B,kp-ml-kmeans,K-Means Clustering,mapping-candidate-1fb6b1158310e1117d00,0.99,upstream_quiz_group,pending,pending,pending,hold,,
item-e22f904d8cf947b2b93c,item-version-8b3d1217b988aefdcf21,microsoft-ml-for-beginners,quiz-app/src/assets/translations/en.json,json-88,d0d0ea2b2d22cddca31f9c6d108df7daa87a1b46,b278cb874c3e66ef48b20f766c69648f1f9331b9d414730f6461f2d6a3a5a27c,Inertia is,a measure of how internally coherent clusters are,A,kp-ml-kmeans,K-Means Clustering,mapping-candidate-d755aa675de83cd35ae2,0.99,upstream_quiz_group,pending,pending,pending,hold,,
item-3c1d32745d7391487b23,item-version-cd632856163133a7ed7e,microsoft-ml-for-beginners,quiz-app/src/assets/translations/en.json,json-89,d0d0ea2b2d22cddca31f9c6d108df7daa87a1b46,b278cb874c3e66ef48b20f766c69648f1f9331b9d414730f6461f2d6a3a5a27c,"Using K-Means, you must first determine the value of 'k'",true,A,kp-ml-kmeans,K-Means Clustering,mapping-candidate-7e012f954a80783c37f0,0.99,upstream_quiz_group,pending,pending,pending,hold,,
item-14c5054c94db2faf1de9,item-version-296c356551995b2f4c77,microsoft-ml-for-beginners,quiz-app/src/assets/translations/en.json,json-90,d0d0ea2b2d22cddca31f9c6d108df7daa87a1b46,b278cb874c3e66ef48b20f766c69648f1f9331b9d414730f6461f2d6a3a5a27c,What does NLP stand for in these lessons?,natural language processing,B,kp-ml-nlp-intro,Intro to NLP,mapping-candidate-ffd3762a44c9e13d29b0,0.99,upstream_quiz_group,pending,pending,pending,hold,,
item-a9b2a023177c591e53be,item-version-98b1a4a017c9d81810eb,microsoft-ml-for-beginners,quiz-app/src/assets/translations/en.json,json-91,d0d0ea2b2d22cddca31f9c6d108df7daa87a1b46,b278cb874c3e66ef48b20f766c69648f1f9331b9d414730f6461f2d6a3a5a27c,Eliza was an early bot that acted as a computer,therapist,A,kp-ml-nlp-intro,Intro to NLP,mapping-candidate-a588ef11a2adb54b3bce,0.99,upstream_quiz_group,pending,pending,pending,hold,,
item-341ae8f8cecc65050ac4,item-version-0b483db14274fc5e133d,microsoft-ml-for-beginners,quiz-app/src/assets/translations/en.json,json-92,d0d0ea2b2d22cddca31f9c6d108df7daa87a1b46,b278cb874c3e66ef48b20f766c69648f1f9331b9d414730f6461f2d6a3a5a27c,Alan Turing's 'Turing Test' tried to determine if a computer was,both of the above,C,kp-ml-nlp-intro,Intro to NLP,mapping-candidate-03d15a5a55a87145c9a7,0.99,upstream_quiz_group,pending,pending,pending,hold,,
item-065cd2ff59681ead4b9e,item-version-f375e74021297ec97115,microsoft-ml-for-beginners,quiz-app/src/assets/translations/en.json,json-93,d0d0ea2b2d22cddca31f9c6d108df7daa87a1b46,b278cb874c3e66ef48b20f766c69648f1f9331b9d414730f6461f2d6a3a5a27c,Joseph Weizenbaum invented the bot,Eliza,B,kp-ml-nlp-intro,Intro to NLP,mapping-candidate-b82c90bb9d5ad13212ed,0.99,upstream_quiz_group,pending,pending,pending,hold,,
item-0878748da5f08aff9741,item-version-b28e10cae7e6ff86820b,microsoft-ml-for-beginners,quiz-app/src/assets/translations/en.json,json-94,d0d0ea2b2d22cddca31f9c6d108df7daa87a1b46,b278cb874c3e66ef48b20f766c69648f1f9331b9d414730f6461f2d6a3a5a27c,A conversational bot gives output based on,Both of these,C,kp-ml-nlp-intro,Intro to NLP,mapping-candidate-e1cb3f9c3cb3162eb346,0.99,upstream_quiz_group,pending,pending,pending,hold,,
item-b8ebe1ac923226fdd3dd,item-version-24ef6787246b4a7ea0c2,microsoft-ml-for-beginners,quiz-app/src/assets/translations/en.json,json-95,d0d0ea2b2d22cddca31f9c6d108df7daa87a1b46,b278cb874c3e66ef48b20f766c69648f1f9331b9d414730f6461f2d6a3a5a27c,How would you make the bot more effective?,By feeding it more data and training it accordingly,B,kp-ml-nlp-intro,Intro to NLP,mapping-candidate-1e9eab26aeb6d7206bf7,0.99,upstream_quiz_group,pending,pending,pending,hold,,
item-67007e89717f94527c87,item-version-8459c822ef386cce9e21,microsoft-ml-for-beginners,quiz-app/src/assets/translations/en.json,json-96,d0d0ea2b2d22cddca31f9c6d108df7daa87a1b46,b278cb874c3e66ef48b20f766c69648f1f9331b9d414730f6461f2d6a3a5a27c,Tokenization,Splits text into separate tokens (words),B,kp-ml-nlp-tasks,NLP Tasks,mapping-candidate-dc2b6f8347212b03c361,0.99,upstream_quiz_group,pending,pending,pending,hold,,
item-19aeab6a6248843d7081,item-version-2a5c04d4dcaba28c46a3,microsoft-ml-for-beginners,quiz-app/src/assets/translations/en.json,json-97,d0d0ea2b2d22cddca31f9c6d108df7daa87a1b46,b278cb874c3e66ef48b20f766c69648f1f9331b9d414730f6461f2d6a3a5a27c,Embeddings,converts text data numerically so words can cluster,A,kp-ml-nlp-tasks,NLP Tasks,mapping-candidate-a9ea3ec5a78512e7de29,0.99,upstream_quiz_group,pending,pending,pending,hold,,
item-94adf61b0e10842f949b,item-version-0d09d4166ed11bd135f3,microsoft-ml-for-beginners,quiz-app/src/assets/translations/en.json,json-98,d0d0ea2b2d22cddca31f9c6d108df7daa87a1b46,b278cb874c3e66ef48b20f766c69648f1f9331b9d414730f6461f2d6a3a5a27c,Parts-of-Speech Tagging,takes tokenized words and tags them by their part of speech,B,kp-ml-nlp-tasks,NLP Tasks,mapping-candidate-d4b34add6b1ae8156f49,0.99,upstream_quiz_group,pending,pending,pending,hold,,
item-952e45fd8f9c7be898fa,item-version-a5820733deda778b64e7,microsoft-ml-for-beginners,quiz-app/src/assets/translations/en.json,json-99,d0d0ea2b2d22cddca31f9c6d108df7daa87a1b46,b278cb874c3e66ef48b20f766c69648f1f9331b9d414730f6461f2d6a3a5a27c,Build a dictionary of how often words reoccur using:,Word and Phrase Frequencies,B,kp-ml-nlp-tasks,NLP Tasks,mapping-candidate-4269afd000a00706ee95,0.99,upstream_quiz_group,pending,pending,pending,hold,,
item-61bdc51a7902f4b47d57,item-version-724d98cf2d063ff32e13,microsoft-ml-for-beginners,quiz-app/src/assets/translations/en.json,json-100,d0d0ea2b2d22cddca31f9c6d108df7daa87a1b46,b278cb874c3e66ef48b20f766c69648f1f9331b9d414730f6461f2d6a3a5a27c,N-grams refer to,A text can be split into sequences of words of a set length,A,kp-ml-nlp-tasks,NLP Tasks,mapping-candidate-417502bbc8060b1cb239,0.99,upstream_quiz_group,pending,pending,pending,hold,,
item-8a093f4f44aa8a383f13,item-version-53c1ec1cfb2286917a42,microsoft-ml-for-beginners,quiz-app/src/assets/translations/en.json,json-101,d0d0ea2b2d22cddca31f9c6d108df7daa87a1b46,b278cb874c3e66ef48b20f766c69648f1f9331b9d414730f6461f2d6a3a5a27c,Sentiment analysis,analyzes a phrase for positivity or negativity,A,kp-ml-nlp-tasks,NLP Tasks,mapping-candidate-3f51b548806e26860e3b,0.99,upstream_quiz_group,pending,pending,pending,hold,,
item-af32c826c64c768b1384,item-version-6d4a79579469f6d06a88,microsoft-ml-for-beginners,quiz-app/src/assets/translations/en.json,json-102,d0d0ea2b2d22cddca31f9c6d108df7daa87a1b46,b278cb874c3e66ef48b20f766c69648f1f9331b9d414730f6461f2d6a3a5a27c,Naive translation,translates words only,A,kp-ml-nlp-translation,NLP and Translation,mapping-candidate-4bd9805875e48bb2f206,0.99,upstream_quiz_group,pending,pending,pending,hold,,
item-bd798085c9b488608f18,item-version-ce50399e2675b125443a,microsoft-ml-for-beginners,quiz-app/src/assets/translations/en.json,json-103,d0d0ea2b2d22cddca31f9c6d108df7daa87a1b46,b278cb874c3e66ef48b20f766c69648f1f9331b9d414730f6461f2d6a3a5a27c,A *corpus* of texts refers to,A large number of texts,B,kp-ml-nlp-translation,NLP and Translation,mapping-candidate-44ae5a2fb540a440e788,0.99,upstream_quiz_group,pending,pending,pending,hold,,
item-ef16bcbd542125cffa80,item-version-5a610449f0ac7c4f5601,microsoft-ml-for-beginners,quiz-app/src/assets/translations/en.json,json-104,d0d0ea2b2d22cddca31f9c6d108df7daa87a1b46,b278cb874c3e66ef48b20f766c69648f1f9331b9d414730f6461f2d6a3a5a27c,"If a ML model has enough human translations to build a model on, it can",improve the accuracy of translations,C,kp-ml-nlp-translation,NLP and Translation,mapping-candidate-17cdbdf82741e70c94a5,0.99,upstream_quiz_group,pending,pending,pending,hold,,
item-bd9cb5a48ecd39336b8a,item-version-c1016cc99649c211bb9a,microsoft-ml-for-beginners,quiz-app/src/assets/translations/en.json,json-105,d0d0ea2b2d22cddca31f9c6d108df7daa87a1b46,b278cb874c3e66ef48b20f766c69648f1f9331b9d414730f6461f2d6a3a5a27c,Underlying TextBlob's translation library is:,Google Translate,A,kp-ml-nlp-translation,NLP and Translation,mapping-candidate-4205d8dd2fa8c097bd95,0.99,upstream_quiz_group,pending,pending,pending,hold,,
item-7e4f13c13f992b5de9ed,item-version-1fd0c1b4a40baf7cfe90,microsoft-ml-for-beginners,quiz-app/src/assets/translations/en.json,json-106,d0d0ea2b2d22cddca31f9c6d108df7daa87a1b46,b278cb874c3e66ef48b20f766c69648f1f9331b9d414730f6461f2d6a3a5a27c,To use `blob.translate` you need:,an internet connection,A,kp-ml-nlp-translation,NLP and Translation,mapping-candidate-69f9b2f580406fcdfb16,0.99,upstream_quiz_group,pending,pending,pending,hold,,
item-73fac48945267a4d889d,item-version-1bd579ae942960d3626a,microsoft-ml-for-beginners,quiz-app/src/assets/translations/en.json,json-107,d0d0ea2b2d22cddca31f9c6d108df7daa87a1b46,b278cb874c3e66ef48b20f766c69648f1f9331b9d414730f6461f2d6a3a5a27c,"To determine sentiment, an ML approach would be to:",apply NLP techniques to manually generated opinions and scores and look for patterns,B,kp-ml-nlp-translation,NLP and Translation,mapping-candidate-31481b90739165580bac,0.99,upstream_quiz_group,pending,pending,pending,hold,,
item-530d2709d0bfb2dcad7b,item-version-df99c996ba0ffb2e4d11,microsoft-ml-for-beginners,quiz-app/src/assets/translations/en.json,json-108,d0d0ea2b2d22cddca31f9c6d108df7daa87a1b46,b278cb874c3e66ef48b20f766c69648f1f9331b9d414730f6461f2d6a3a5a27c,What information can we get from text that was written or spoken by a human?,both of the above,C,kp-ml-nlp-sentiment-1,NLP 4,mapping-candidate-9336c94209c842e8d519,0.99,upstream_quiz_group,pending,pending,pending,hold,,
item-671c66e561d2a5891205,item-version-9f4b30fe87169a496aa2,microsoft-ml-for-beginners,quiz-app/src/assets/translations/en.json,json-109,d0d0ea2b2d22cddca31f9c6d108df7daa87a1b46,b278cb874c3e66ef48b20f766c69648f1f9331b9d414730f6461f2d6a3a5a27c,What is sentiment analysis?,"a method of systematically identifying, extracting, quantifying, and studying affective states and subjective information",B,kp-ml-nlp-sentiment-1,NLP 4,mapping-candidate-281d1dd6d15dd7ed122f,0.99,upstream_quiz_group,pending,pending,pending,hold,,
item-a1e69b03c0bb5392a91f,item-version-6c2a851f07375409e2e0,microsoft-ml-for-beginners,quiz-app/src/assets/translations/en.json,json-110,d0d0ea2b2d22cddca31f9c6d108df7daa87a1b46,b278cb874c3e66ef48b20f766c69648f1f9331b9d414730f6461f2d6a3a5a27c,"What question could be answered using a dataset of hotel reviews, Python, and sentiment analysis?",What are the most frequently used words and phrases in reviews?,A,kp-ml-nlp-sentiment-1,NLP 4,mapping-candidate-4cd6b653ed5d7d38d955,0.99,upstream_quiz_group,pending,pending,pending,hold,,
item-8f78d26ebf5ffb17379e,item-version-4678b22df2b4fb9bd32a,microsoft-ml-for-beginners,quiz-app/src/assets/translations/en.json,json-111,d0d0ea2b2d22cddca31f9c6d108df7daa87a1b46,b278cb874c3e66ef48b20f766c69648f1f9331b9d414730f6461f2d6a3a5a27c,What is the essence of NLP?,interpreting meaning or sentiment without having to have a human do it,B,kp-ml-nlp-sentiment-1,NLP 4,mapping-candidate-91d3848223284bc3f91a,0.99,upstream_quiz_group,pending,pending,pending,hold,,
item-61b7f2bbc91938a921e3,item-version-4881235415a959869e25,microsoft-ml-for-beginners,quiz-app/src/assets/translations/en.json,json-112,d0d0ea2b2d22cddca31f9c6d108df7daa87a1b46,b278cb874c3e66ef48b20f766c69648f1f9331b9d414730f6461f2d6a3a5a27c,What are some things you might look for while cleaning data?,both of the above,C,kp-ml-nlp-sentiment-1,NLP 4,mapping-candidate-9c930af1ebf52f585ec9,0.99,upstream_quiz_group,pending,pending,pending,hold,,
item-1ad6b945021fadd38b64,item-version-10a82222cd1f77df37d9,microsoft-ml-for-beginners,quiz-app/src/assets/translations/en.json,json-113,d0d0ea2b2d22cddca31f9c6d108df7daa87a1b46,b278cb874c3e66ef48b20f766c69648f1f9331b9d414730f6461f2d6a3a5a27c,It is important to understand your data and its foibles before performing operations on it.,true,A,kp-ml-nlp-sentiment-1,NLP 4,mapping-candidate-be4002b505e5196c8f40,0.99,upstream_quiz_group,pending,pending,pending,hold,,
item-0d707867bee391a127bf,item-version-1fc3b715be44f18ee217,microsoft-ml-for-beginners,quiz-app/src/assets/translations/en.json,json-114,d0d0ea2b2d22cddca31f9c6d108df7daa87a1b46,b278cb874c3e66ef48b20f766c69648f1f9331b9d414730f6461f2d6a3a5a27c,Why is it important to clean data before analyzing it?,Both of the above,C,kp-ml-nlp-sentiment-2,NLP 5,mapping-candidate-3d2b77cfc8489974cc9e,0.99,upstream_quiz_group,pending,pending,pending,hold,,
item-47e97c8fd1b7a08abf47,item-version-fc3d69b4381b0289997d,microsoft-ml-for-beginners,quiz-app/src/assets/translations/en.json,json-115,d0d0ea2b2d22cddca31f9c6d108df7daa87a1b46,b278cb874c3e66ef48b20f766c69648f1f9331b9d414730f6461f2d6a3a5a27c,What is one example of a strategy for cleaning data?,removing columns/rows that aren't useful for answering a specific question,A,kp-ml-nlp-sentiment-2,NLP 5,mapping-candidate-b1a18588d49e231f8512,0.99,upstream_quiz_group,pending,pending,pending,hold,,
item-69bac3eb56a7f9e02fad,item-version-d1a5fa618a602995f0eb,microsoft-ml-for-beginners,quiz-app/src/assets/translations/en.json,json-116,d0d0ea2b2d22cddca31f9c6d108df7daa87a1b46,b278cb874c3e66ef48b20f766c69648f1f9331b9d414730f6461f2d6a3a5a27c,It can be useful to categorize data using a Tag column.,true,A,kp-ml-nlp-sentiment-2,NLP 5,mapping-candidate-fd1704c705c17690ae55,0.99,upstream_quiz_group,pending,pending,pending,hold,,
item-2421c0736b7555a1c3bf,item-version-78fc8791ad0158b34963,microsoft-ml-for-beginners,quiz-app/src/assets/translations/en.json,json-117,d0d0ea2b2d22cddca31f9c6d108df7daa87a1b46,b278cb874c3e66ef48b20f766c69648f1f9331b9d414730f6461f2d6a3a5a27c,What is the goal of the dataset?,to add sentiment and columns that will help you choose the best hotel,B,kp-ml-nlp-sentiment-2,NLP 5,mapping-candidate-58d0cbf7d106ef4b60b9,0.99,upstream_quiz_group,pending,pending,pending,hold,,
item-d3c7c06ac18e38ef71cf,item-version-5541e796952a49570a14,microsoft-ml-for-beginners,quiz-app/src/assets/translations/en.json,json-118,d0d0ea2b2d22cddca31f9c6d108df7daa87a1b46,b278cb874c3e66ef48b20f766c69648f1f9331b9d414730f6461f2d6a3a5a27c,What are stop words?,both of the above,C,kp-ml-nlp-sentiment-2,NLP 5,mapping-candidate-d5adcbd31a8874b08778,0.99,upstream_quiz_group,pending,pending,pending,hold,,
item-3a2200f45f269ae2a26e,item-version-aa02ab7af7ca887ba8ff,microsoft-ml-for-beginners,quiz-app/src/assets/translations/en.json,json-119,d0d0ea2b2d22cddca31f9c6d108df7daa87a1b46,b278cb874c3e66ef48b20f766c69648f1f9331b9d414730f6461f2d6a3a5a27c,"To test the sentiment analysis, make sure it matches the reviewer's score for the same review.",true,A,kp-ml-nlp-sentiment-2,NLP 5,mapping-candidate-e9255b676382569a771f,0.99,upstream_quiz_group,pending,pending,pending,hold,,
item-b158a9ebc8e214595641,item-version-9a5e6830ed82b793725f,microsoft-ml-for-beginners,quiz-app/src/assets/translations/en.json,json-120,d0d0ea2b2d22cddca31f9c6d108df7daa87a1b46,b278cb874c3e66ef48b20f766c69648f1f9331b9d414730f6461f2d6a3a5a27c,Time Series Forecasting is useful in,both the above,C,kp-ml-timeseries-intro,Intro to Time Series,mapping-candidate-d73bb78c0265549cfbfb,0.99,upstream_quiz_group,pending,pending,pending,hold,,
item-b924e9dd561ef037eca0,item-version-bcc5035003a44305e696,microsoft-ml-for-beginners,quiz-app/src/assets/translations/en.json,json-121,d0d0ea2b2d22cddca31f9c6d108df7daa87a1b46,b278cb874c3e66ef48b20f766c69648f1f9331b9d414730f6461f2d6a3a5a27c,A time series is a sequence taken at:,successive equally spaced points in time,B,kp-ml-timeseries-intro,Intro to Time Series,mapping-candidate-834d3de5e05365facc59,0.99,upstream_quiz_group,pending,pending,pending,hold,,
item-c533bee5d91931bb1e32,item-version-9cd442986b9c2d358f22,microsoft-ml-for-beginners,quiz-app/src/assets/translations/en.json,json-122,d0d0ea2b2d22cddca31f9c6d108df7daa87a1b46,b278cb874c3e66ef48b20f766c69648f1f9331b9d414730f6461f2d6a3a5a27c,Time series can be used in:,earthquake prediction,A,kp-ml-timeseries-intro,Intro to Time Series,mapping-candidate-a2ce48dd9fb607c7283b,0.99,upstream_quiz_group,pending,pending,pending,hold,,
item-76c9d69ffc11d7bd677b,item-version-839a4ecd1dd010aa4d5e,microsoft-ml-for-beginners,quiz-app/src/assets/translations/en.json,json-123,d0d0ea2b2d22cddca31f9c6d108df7daa87a1b46,b278cb874c3e66ef48b20f766c69648f1f9331b9d414730f6461f2d6a3a5a27c,Time series trends are,Measurable increases and decreases over time,A,kp-ml-timeseries-intro,Intro to Time Series,mapping-candidate-a34b1b439633fac7497b,0.99,upstream_quiz_group,pending,pending,pending,hold,,
item-ad9cdc3286922c81106a,item-version-62452aa93b80ac267fb7,microsoft-ml-for-beginners,quiz-app/src/assets/translations/en.json,json-124,d0d0ea2b2d22cddca31f9c6d108df7daa87a1b46,b278cb874c3e66ef48b20f766c69648f1f9331b9d414730f6461f2d6a3a5a27c,Outliers are,points far away from standard data variance,B,kp-ml-timeseries-intro,Intro to Time Series,mapping-candidate-974086f89b91356f1fd7,0.99,upstream_quiz_group,pending,pending,pending,hold,,
item-dd2832b1b887b7612c25,item-version-1d2e4038adeb887867c6,microsoft-ml-for-beginners,quiz-app/src/assets/translations/en.json,json-125,d0d0ea2b2d22cddca31f9c6d108df7daa87a1b46,b278cb874c3e66ef48b20f766c69648f1f9331b9d414730f6461f2d6a3a5a27c,Time Series Forecasting is most useful for,Econometrics,A,kp-ml-timeseries-intro,Intro to Time Series,mapping-candidate-c5ce9d79be737c8badbf,0.99,upstream_quiz_group,pending,pending,pending,hold,,
item-7cf786501eca4dacfc92,item-version-90dabe9585b8f00d97b2,microsoft-ml-for-beginners,quiz-app/src/assets/translations/en.json,json-126,d0d0ea2b2d22cddca31f9c6d108df7daa87a1b46,b278cb874c3e66ef48b20f766c69648f1f9331b9d414730f6461f2d6a3a5a27c,ARIMA stands for,AutoRegressive Integrated Moving Average,C,kp-ml-timeseries-arima,Time Series ARIMA,mapping-candidate-2a6495a3c36f5b3319d0,0.99,upstream_quiz_group,pending,pending,pending,hold,,
item-3e5f3b4f6c31d31b2af2,item-version-9feac2ffab622a94810d,microsoft-ml-for-beginners,quiz-app/src/assets/translations/en.json,json-127,d0d0ea2b2d22cddca31f9c6d108df7daa87a1b46,b278cb874c3e66ef48b20f766c69648f1f9331b9d414730f6461f2d6a3a5a27c,Stationarity refers to,data whose distribution does not change when shifted in time,B,kp-ml-timeseries-arima,Time Series ARIMA,mapping-candidate-f4c450b31c13098a9c5d,0.99,upstream_quiz_group,pending,pending,pending,hold,,
item-35df9151f33070eee6c9,item-version-a072604a522a11556256,microsoft-ml-for-beginners,quiz-app/src/assets/translations/en.json,json-128,d0d0ea2b2d22cddca31f9c6d108df7daa87a1b46,b278cb874c3e66ef48b20f766c69648f1f9331b9d414730f6461f2d6a3a5a27c,Differencing,eliminates trend and seasonality,C,kp-ml-timeseries-arima,Time Series ARIMA,mapping-candidate-0716c34cee8a624485ea,0.99,upstream_quiz_group,pending,pending,pending,hold,,
item-8493c364b8f9a9f944c5,item-version-eb492fad06c410222f0c,microsoft-ml-for-beginners,quiz-app/src/assets/translations/en.json,json-129,d0d0ea2b2d22cddca31f9c6d108df7daa87a1b46,b278cb874c3e66ef48b20f766c69648f1f9331b9d414730f6461f2d6a3a5a27c,ARIMA is used to make a model fit the special form of time series data,as closely as possible,B,kp-ml-timeseries-arima,Time Series ARIMA,mapping-candidate-885165a6c32aa9f6fd94,0.99,upstream_quiz_group,pending,pending,pending,hold,,
item-07a23a125601ea350bee,item-version-c684c2c05cfd27f8c61d,microsoft-ml-for-beginners,quiz-app/src/assets/translations/en.json,json-130,d0d0ea2b2d22cddca31f9c6d108df7daa87a1b46,b278cb874c3e66ef48b20f766c69648f1f9331b9d414730f6461f2d6a3a5a27c,Use SARIMAX to,manage seasonal ARIMA models,A,kp-ml-timeseries-arima,Time Series ARIMA,mapping-candidate-c4d08ec73fd36cf9311e,0.99,upstream_quiz_group,pending,pending,pending,hold,,
item-ea7ac77c7bbc33f3d758,item-version-6c84068ded225fb2bb1a,microsoft-ml-for-beginners,quiz-app/src/assets/translations/en.json,json-131,d0d0ea2b2d22cddca31f9c6d108df7daa87a1b46,b278cb874c3e66ef48b20f766c69648f1f9331b9d414730f6461f2d6a3a5a27c,'Walk-Forward' validation involves,re-training a model progressively as it is validated,B,kp-ml-timeseries-arima,Time Series ARIMA,mapping-candidate-9088c3e070c1cdb6b0e7,0.99,upstream_quiz_group,pending,pending,pending,hold,,
item-7a55576272fc930773f7,item-version-70b932d4695f41f3596c,microsoft-ml-for-beginners,quiz-app/src/assets/translations/en.json,json-132,d0d0ea2b2d22cddca31f9c6d108df7daa87a1b46,b278cb874c3e66ef48b20f766c69648f1f9331b9d414730f6461f2d6a3a5a27c,What is reinforcement learning?,a learning technique that deciphers the optimal behavior of an agent in some environment by running many experiments,B,kp-ml-reinforcement-qlearning,Reinforcement 1,mapping-candidate-7bd83cc392725ed5e56a,0.99,upstream_quiz_group,pending,pending,pending,hold,,
item-8e83579e14aef42cb6d0,item-version-0d815570a0dcfa475550,microsoft-ml-for-beginners,quiz-app/src/assets/translations/en.json,json-133,d0d0ea2b2d22cddca31f9c6d108df7daa87a1b46,b278cb874c3e66ef48b20f766c69648f1f9331b9d414730f6461f2d6a3a5a27c,What is a policy?,a function that returns the action at any given state,A,kp-ml-reinforcement-qlearning,Reinforcement 1,mapping-candidate-950b3e3dd7ae746f3777,0.99,upstream_quiz_group,pending,pending,pending,hold,,
item-3ebe17e05df0c415325f,item-version-6e5bf5eee64cb0049d9b,microsoft-ml-for-beginners,quiz-app/src/assets/translations/en.json,json-134,d0d0ea2b2d22cddca31f9c6d108df7daa87a1b46,b278cb874c3e66ef48b20f766c69648f1f9331b9d414730f6461f2d6a3a5a27c,A reward function returns a score for each state of an environment.,true,A,kp-ml-reinforcement-qlearning,Reinforcement 1,mapping-candidate-e751ac56790fb14d92ca,0.99,upstream_quiz_group,pending,pending,pending,hold,,
item-b2e2cfd5345bc6eaa843,item-version-d4697456c157a2272f22,microsoft-ml-for-beginners,quiz-app/src/assets/translations/en.json,json-135,d0d0ea2b2d22cddca31f9c6d108df7daa87a1b46,b278cb874c3e66ef48b20f766c69648f1f9331b9d414730f6461f2d6a3a5a27c,What is Q-Learning?,both of the above,C,kp-ml-reinforcement-qlearning,Reinforcement 1,mapping-candidate-a0811598ad75c5fd19e9,0.99,upstream_quiz_group,pending,pending,pending,hold,,
item-cdc35faf5d33161d234a,item-version-f32c0e11a8acff92e0aa,microsoft-ml-for-beginners,quiz-app/src/assets/translations/en.json,json-136,d0d0ea2b2d22cddca31f9c6d108df7daa87a1b46,b278cb874c3e66ef48b20f766c69648f1f9331b9d414730f6461f2d6a3a5a27c,For what values does a Q-Table correspond to the random walk policy?,all equal values,A,kp-ml-reinforcement-qlearning,Reinforcement 1,mapping-candidate-4edece92111d10b7d51c,0.99,upstream_quiz_group,pending,pending,pending,hold,,
item-777206224990ad7a7637,item-version-6f34180354a96f55f0a5,microsoft-ml-for-beginners,quiz-app/src/assets/translations/en.json,json-137,d0d0ea2b2d22cddca31f9c6d108df7daa87a1b46,b278cb874c3e66ef48b20f766c69648f1f9331b9d414730f6461f2d6a3a5a27c,It was better to use exploration than exploitation during the learning process in our lesson.,false,B,kp-ml-reinforcement-qlearning,Reinforcement 1,mapping-candidate-818aec83e8667cfd3655,0.99,upstream_quiz_group,pending,pending,pending,hold,,
item-cee7199f86f0c62294f3,item-version-942a4f4acdf62cfe0291,microsoft-ml-for-beginners,quiz-app/src/assets/translations/en.json,json-138,d0d0ea2b2d22cddca31f9c6d108df7daa87a1b46,b278cb874c3e66ef48b20f766c69648f1f9331b9d414730f6461f2d6a3a5a27c,Chess and Go are games with continuous states.,false,B,kp-ml-reinforcement-gym,Reinforcement 2,mapping-candidate-69a53a44ebdb09cf0af1,0.99,upstream_quiz_group,pending,pending,pending,hold,,
item-9b23b1196bd2381b52c6,item-version-159c464d5bc283b9f95d,microsoft-ml-for-beginners,quiz-app/src/assets/translations/en.json,json-139,d0d0ea2b2d22cddca31f9c6d108df7daa87a1b46,b278cb874c3e66ef48b20f766c69648f1f9331b9d414730f6461f2d6a3a5a27c,What is the CartPole problem?,a simplified version of balancing,C,kp-ml-reinforcement-gym,Reinforcement 2,mapping-candidate-548a4e7c4220e622a026,0.99,upstream_quiz_group,pending,pending,pending,hold,,
item-5cd2cd1f6c1e1c4dc2ac,item-version-a8628d6ccdff9de53ba8,microsoft-ml-for-beginners,quiz-app/src/assets/translations/en.json,json-140,d0d0ea2b2d22cddca31f9c6d108df7daa87a1b46,b278cb874c3e66ef48b20f766c69648f1f9331b9d414730f6461f2d6a3a5a27c,What tool can we use to play out different scenarios of potential states in a game?,simulation environments,B,kp-ml-reinforcement-gym,Reinforcement 2,mapping-candidate-079e5fec9a05a6248dc9,0.99,upstream_quiz_group,pending,pending,pending,hold,,
item-8e3fe98ce4b497172a3c,item-version-f18ad91d82a823e165e5,microsoft-ml-for-beginners,quiz-app/src/assets/translations/en.json,json-141,d0d0ea2b2d22cddca31f9c6d108df7daa87a1b46,b278cb874c3e66ef48b20f766c69648f1f9331b9d414730f6461f2d6a3a5a27c,Where do we define all possible actions in an environment?,action space,B,kp-ml-reinforcement-gym,Reinforcement 2,mapping-candidate-c75c99dcd03beef654f4,0.99,upstream_quiz_group,pending,pending,pending,hold,,
item-6b784cf3c0bc63b66302,item-version-c8b882cb3abe74470022,microsoft-ml-for-beginners,quiz-app/src/assets/translations/en.json,json-142,d0d0ea2b2d22cddca31f9c6d108df7daa87a1b46,b278cb874c3e66ef48b20f766c69648f1f9331b9d414730f6461f2d6a3a5a27c,What pair did we use as the dictionary key-value?,"(state, action) as the key, Q-Table entry as the value",A,kp-ml-reinforcement-gym,Reinforcement 2,mapping-candidate-2ca562bac759b5ecda1c,0.99,upstream_quiz_group,pending,pending,pending,hold,,
item-a37550c2935bc0c35e96,item-version-31cff927e31f3ead7e38,microsoft-ml-for-beginners,quiz-app/src/assets/translations/en.json,json-143,d0d0ea2b2d22cddca31f9c6d108df7daa87a1b46,b278cb874c3e66ef48b20f766c69648f1f9331b9d414730f6461f2d6a3a5a27c,What are the hyperparameters we used during Q-Learning?,"learning rate, discount factor, exploration/exploitation factor",B,kp-ml-reinforcement-gym,Reinforcement 2,mapping-candidate-d699599ae81ea3734a3c,0.99,upstream_quiz_group,pending,pending,pending,hold,,
item-d302b6571df14ab40429,item-version-3dd6a00da89bc2b8c8bd,microsoft-ml-for-beginners,quiz-app/src/assets/translations/en.json,json-144,d0d0ea2b2d22cddca31f9c6d108df7daa87a1b46,b278cb874c3e66ef48b20f766c69648f1f9331b9d414730f6461f2d6a3a5a27c,What's an example of an ML application in the Finance industry?,Wealth management using linear regression,B,kp-ml-real-world-applications,Real World Applications,mapping-candidate-18071aa6fcc43a91020c,0.99,upstream_quiz_group,pending,pending,pending,hold,,
item-4e3bb7bd8031be6b64a2,item-version-c00eaed5cd350336d001,microsoft-ml-for-beginners,quiz-app/src/assets/translations/en.json,json-145,d0d0ea2b2d22cddca31f9c6d108df7daa87a1b46,b278cb874c3e66ef48b20f766c69648f1f9331b9d414730f6461f2d6a3a5a27c,What ML technique can hospitals use to manage readmission?,Clustering,A,kp-ml-real-world-applications,Real World Applications,mapping-candidate-0619ddb9dc4b5ab6a0ab,0.99,upstream_quiz_group,pending,pending,pending,hold,,
item-1576086c2485dd2802e3,item-version-99198031ff3d9d43f731,microsoft-ml-for-beginners,quiz-app/src/assets/translations/en.json,json-146,d0d0ea2b2d22cddca31f9c6d108df7daa87a1b46,b278cb874c3e66ef48b20f766c69648f1f9331b9d414730f6461f2d6a3a5a27c,What is an example of using Time Series for energy management?,Smart parking meters,B,kp-ml-real-world-applications,Real World Applications,mapping-candidate-c166390914fd53f2931d,0.99,upstream_quiz_group,pending,pending,pending,hold,,
item-3989c002c3c6144f34dc,item-version-e44473cd413377b6ed5f,microsoft-ml-for-beginners,quiz-app/src/assets/translations/en.json,json-147,d0d0ea2b2d22cddca31f9c6d108df7daa87a1b46,b278cb874c3e66ef48b20f766c69648f1f9331b9d414730f6461f2d6a3a5a27c,Which ML technique can be used to detect credit card fraud?,Clustering,B,kp-ml-real-world-applications,Real World Applications,mapping-candidate-54f73c2f706089310b5c,0.99,upstream_quiz_group,pending,pending,pending,hold,,
item-7e09409a4020cc7e0e39,item-version-1ac25970d8178731880e,microsoft-ml-for-beginners,quiz-app/src/assets/translations/en.json,json-148,d0d0ea2b2d22cddca31f9c6d108df7daa87a1b46,b278cb874c3e66ef48b20f766c69648f1f9331b9d414730f6461f2d6a3a5a27c,Which ML technique is exemplified in forest management?,Reinforcement Learning,A,kp-ml-real-world-applications,Real World Applications,mapping-candidate-6a5c7903b5bd19ad69ec,0.99,upstream_quiz_group,pending,pending,pending,hold,,
item-b75f76db92d27892783f,item-version-baf6ac9431e16b0e500b,microsoft-ml-for-beginners,quiz-app/src/assets/translations/en.json,json-149,d0d0ea2b2d22cddca31f9c6d108df7daa87a1b46,b278cb874c3e66ef48b20f766c69648f1f9331b9d414730f6461f2d6a3a5a27c,What's an example of an ML application in the Health Care industry?,Managing clinical trials using classifiers,B,kp-ml-real-world-applications,Real World Applications,mapping-candidate-23fff6fcd4efc71699e2,0.99,upstream_quiz_group,pending,pending,pending,hold,,
item-3aced7b91f59e2800ebc,item-version-843e9e7ea79b6ae92164,microsoft-ml-for-beginners,quiz-app/src/assets/translations/en.json,json-150,d0d0ea2b2d22cddca31f9c6d108df7daa87a1b46,b278cb874c3e66ef48b20f766c69648f1f9331b9d414730f6461f2d6a3a5a27c,SVM stands for,Support Vector Machine,B,kp-ml-timeseries-svr,Time Series SVR,mapping-candidate-75b10cab62fa38771aa5,0.99,upstream_quiz_group,pending,pending,pending,hold,,
item-661f94a71985c0e43536,item-version-b107822420b9fa782a90,microsoft-ml-for-beginners,quiz-app/src/assets/translations/en.json,json-151,d0d0ea2b2d22cddca31f9c6d108df7daa87a1b46,b278cb874c3e66ef48b20f766c69648f1f9331b9d414730f6461f2d6a3a5a27c,Which of these ML techniques is used to predict continuous values?,Regression,C,kp-ml-timeseries-svr,Time Series SVR,mapping-candidate-3054c8c7cf8b906d026a,0.99,upstream_quiz_group,pending,pending,pending,hold,,
item-799ffc6103969c48e024,item-version-b20f687f18fa699987b0,microsoft-ml-for-beginners,quiz-app/src/assets/translations/en.json,json-152,d0d0ea2b2d22cddca31f9c6d108df7daa87a1b46,b278cb874c3e66ef48b20f766c69648f1f9331b9d414730f6461f2d6a3a5a27c,Which of these models is popularly used for time series forecasting?,ARIMA,A,kp-ml-timeseries-svr,Time Series SVR,mapping-candidate-bc57bb48a5cc263259db,0.99,upstream_quiz_group,pending,pending,pending,hold,,
item-72d53d3b12b1f1b3c32c,item-version-c4a8b7d3d056e3955fd2,microsoft-ml-for-beginners,quiz-app/src/assets/translations/en.json,json-153,d0d0ea2b2d22cddca31f9c6d108df7daa87a1b46,b278cb874c3e66ef48b20f766c69648f1f9331b9d414730f6461f2d6a3a5a27c,By which of these methods does an SVR learn?,Finding the best fit hyperplane that has the maximum number of data points,A,kp-ml-timeseries-svr,Time Series SVR,mapping-candidate-e2e9f4736767ede1118d,0.99,upstream_quiz_group,pending,pending,pending,hold,,
item-10bfacc5561e42961ecd,item-version-a129cb879663ff9c2d38,microsoft-ml-for-beginners,quiz-app/src/assets/translations/en.json,json-154,d0d0ea2b2d22cddca31f9c6d108df7daa87a1b46,b278cb874c3e66ef48b20f766c69648f1f9331b9d414730f6461f2d6a3a5a27c,What is the purpose of a kernel in SVMs?,To transform the dataset to a higher dimension space,B,kp-ml-timeseries-svr,Time Series SVR,mapping-candidate-b5d277266bcd87e5d5cd,0.99,upstream_quiz_group,pending,pending,pending,hold,,
item-f9661e4e8bc511ef147b,item-version-b4f7c3f574f48bc02467,microsoft-ml-for-beginners,quiz-app/src/assets/translations/en.json,json-155,d0d0ea2b2d22cddca31f9c6d108df7daa87a1b46,b278cb874c3e66ef48b20f766c69648f1f9331b9d414730f6461f2d6a3a5a27c,Which of these models consider the non-linearity in the dataset?,SVR using RBF kernel,C,kp-ml-timeseries-svr,Time Series SVR,mapping-candidate-ff6d33c0071cd8884e9f,0.99,upstream_quiz_group,pending,pending,pending,hold,,
item-871de120765b344c492d,item-version-7fb54656ca1a37fbc2a0,microsoft-ai-for-beginners,etc/quiz-app/src/assets/translations/en/lesson-1.json,json-0,33e781bf7bfb9b39fd27c4e4a3e592669b52cb4b,a57eef42fbbd084c12a4fecb9b57bd4ac4bfe5e489a014c0b0464cd2e4270c4e,A famous 19th century proto-computer engineer was,Charles Babbage,B,kp-ai-lesson-01,Introduction to AI,mapping-candidate-50ed01435ce8167defd4,0.99,upstream_quiz_group,pending,pending,pending,hold,,
item-b64c4e951ee70ec0a151,item-version-c6bc3a53f85858a077a2,microsoft-ai-for-beginners,etc/quiz-app/src/assets/translations/en/lesson-1.json,json-1,33e781bf7bfb9b39fd27c4e4a3e592669b52cb4b,a57eef42fbbd084c12a4fecb9b57bd4ac4bfe5e489a014c0b0464cd2e4270c4e,Weak AI is a system designed to solve many tasks,False,B,kp-ai-lesson-01,Introduction to AI,mapping-candidate-94955d68456af6e7092f,0.99,upstream_quiz_group,pending,pending,pending,hold,,
item-b2cfc4627fdbd268a3e4,item-version-9773e9928db986090665,microsoft-ai-for-beginners,etc/quiz-app/src/assets/translations/en/lesson-1.json,json-2,33e781bf7bfb9b39fd27c4e4a3e592669b52cb4b,a57eef42fbbd084c12a4fecb9b57bd4ac4bfe5e489a014c0b0464cd2e4270c4e,Chat bots are an example of truly intelligent systems,"false, but they are increasingly able to pass Turing tests as they become more sophisticated.",C,kp-ai-lesson-01,Introduction to AI,mapping-candidate-b942eabee748895cf3b8,0.99,upstream_quiz_group,pending,pending,pending,hold,,
item-a26306666d8f1f2159a1,item-version-49fbd2891321c3c3853e,microsoft-ai-for-beginners,etc/quiz-app/src/assets/translations/en/lesson-1.json,json-3,33e781bf7bfb9b39fd27c4e4a3e592669b52cb4b,a57eef42fbbd084c12a4fecb9b57bd4ac4bfe5e489a014c0b0464cd2e4270c4e,A top-down approach to AI is a model of reasoning called,symbolic reasoning,B,kp-ai-lesson-01,Introduction to AI,mapping-candidate-c61e5a10b2b8cabfcb8c,0.99,upstream_quiz_group,pending,pending,pending,hold,,
item-94ba001fb3192194163b,item-version-af0dd30f9933a12789b3,microsoft-ai-for-beginners,etc/quiz-app/src/assets/translations/en/lesson-1.json,json-4,33e781bf7bfb9b39fd27c4e4a3e592669b52cb4b,a57eef42fbbd084c12a4fecb9b57bd4ac4bfe5e489a014c0b0464cd2e4270c4e,A bottom-up approach to AI is based on neural networks,True,A,kp-ai-lesson-01,Introduction to AI,mapping-candidate-4b3e001cd41318ceca41,0.99,upstream_quiz_group,pending,pending,pending,hold,,
item-116d22ef2fd4191a84f0,item-version-65a57f4a4065d05d5d9f,microsoft-ai-for-beginners,etc/quiz-app/src/assets/translations/en/lesson-1.json,json-5,33e781bf7bfb9b39fd27c4e4a3e592669b52cb4b,a57eef42fbbd084c12a4fecb9b57bd4ac4bfe5e489a014c0b0464cd2e4270c4e,The AI Winter occurred in this era,1970s,C,kp-ai-lesson-01,Introduction to AI,mapping-candidate-8d437671d9d0f06dea63,0.99,upstream_quiz_group,pending,pending,pending,hold,,
item-c39bd672a0d034a4b984,item-version-aa676b2466d0eddd1bd8,microsoft-ai-for-beginners,etc/quiz-app/src/assets/translations/en/lesson-10.json,json-0,33e781bf7bfb9b39fd27c4e4a3e592669b52cb4b,d73143c1f0d9cf25bb24ba2c428de6db97661515b387243d810bbbf966243073,Generators take vectors and produce ____,image,B,kp-ai-lesson-10,Generative Adversarial Networks,mapping-candidate-f75ef7b9bd4562d76e59,0.99,upstream_quiz_group,pending,pending,pending,hold,,
item-c7c85998ccab340d9aef,item-version-512bcf9e3363216b49ab,microsoft-ai-for-beginners,etc/quiz-app/src/assets/translations/en/lesson-10.json,json-1,33e781bf7bfb9b39fd27c4e4a3e592669b52cb4b,d73143c1f0d9cf25bb24ba2c428de6db97661515b387243d810bbbf966243073,GANs is short for?,Generative adversarial networks,C,kp-ai-lesson-10,Generative Adversarial Networks,mapping-candidate-7080932c48025dbff2d0,0.99,upstream_quiz_group,pending,pending,pending,hold,,
item-c618868cc224f0dca9ab,item-version-a10d1d80e1a208af0012,microsoft-ai-for-beginners,etc/quiz-app/src/assets/translations/en/lesson-10.json,json-2,33e781bf7bfb9b39fd27c4e4a3e592669b52cb4b,d73143c1f0d9cf25bb24ba2c428de6db97661515b387243d810bbbf966243073,GAN uses ____ neural networks,2,B,kp-ai-lesson-10,Generative Adversarial Networks,mapping-candidate-99b84f79fa6bc8fc7b4a,0.99,upstream_quiz_group,pending,pending,pending,hold,,
item-cf33439636f098a44e77,item-version-59bc3b43f1614108354b,microsoft-ai-for-beginners,etc/quiz-app/src/assets/translations/en/lesson-10.json,json-3,33e781bf7bfb9b39fd27c4e4a3e592669b52cb4b,d73143c1f0d9cf25bb24ba2c428de6db97661515b387243d810bbbf966243073,We can use Batch normalization and BatchNorm1D to stabilize the training,true,A,kp-ai-lesson-10,Generative Adversarial Networks,mapping-candidate-aec2726c2e40dbdfc13b,0.99,upstream_quiz_group,pending,pending,pending,hold,,
item-0325bea7e5085093cc66,item-version-107acb27ee787d2c6638,microsoft-ai-for-beginners,etc/quiz-app/src/assets/translations/en/lesson-10.json,json-4,33e781bf7bfb9b39fd27c4e4a3e592669b52cb4b,d73143c1f0d9cf25bb24ba2c428de6db97661515b387243d810bbbf966243073,Deep Convolutional GAN uses convolutional layers for ____ and ____,"generator, discriminator",A,kp-ai-lesson-10,Generative Adversarial Networks,mapping-candidate-6ff3fe0f348946ef6afd,0.99,upstream_quiz_group,pending,pending,pending,hold,,
item-4dfc919aa367d25ff175,item-version-4b4346640c5c7c568316,microsoft-ai-for-beginners,etc/quiz-app/src/assets/translations/en/lesson-10.json,json-5,33e781bf7bfb9b39fd27c4e4a3e592669b52cb4b,d73143c1f0d9cf25bb24ba2c428de6db97661515b387243d810bbbf966243073,Problems of GAN training includes,all of the above,C,kp-ai-lesson-10,Generative Adversarial Networks,mapping-candidate-feca103c0909061b18f5,0.99,upstream_quiz_group,pending,pending,pending,hold,,
item-3fcd913e4cd03ea047cd,item-version-d696edab0550f412ed16,microsoft-ai-for-beginners,etc/quiz-app/src/assets/translations/en/lesson-11.json,json-0,33e781bf7bfb9b39fd27c4e4a3e592669b52cb4b,b5b18b81e4915e54ea42e8fbce8db09208dc6cc228071bd7d6b9ab9846bfc52c,Neural networks can only be used to classify images,false,B,kp-ai-lesson-11,Object Detection,mapping-candidate-cea66570df2a3b4de0f6,0.99,upstream_quiz_group,pending,pending,pending,hold,,
item-f000a9ef5e0e13d2827d,item-version-28c44f7b281c53f48677,microsoft-ai-for-beginners,etc/quiz-app/src/assets/translations/en/lesson-11.json,json-1,33e781bf7bfb9b39fd27c4e4a3e592669b52cb4b,b5b18b81e4915e54ea42e8fbce8db09208dc6cc228071bd7d6b9ab9846bfc52c,"With object detection, we don't just get the class of an object, but also its ____",location,B,kp-ai-lesson-11,Object Detection,mapping-candidate-88a5fa0f3e2e973f0abc,0.99,upstream_quiz_group,pending,pending,pending,hold,,
item-2d38022144dcc642a207,item-version-716f577104f05ff5be1a,microsoft-ai-for-beginners,etc/quiz-app/src/assets/translations/en/lesson-11.json,json-2,33e781bf7bfb9b39fd27c4e4a3e592669b52cb4b,b5b18b81e4915e54ea42e8fbce8db09208dc6cc228071bd7d6b9ab9846bfc52c,How many objects can an object detection model detect?,any number,C,kp-ai-lesson-11,Object Detection,mapping-candidate-b7f5a0a8f7e04398e635,0.99,upstream_quiz_group,pending,pending,pending,hold,,
item-0e03a3a65e94673ee58d,item-version-c3830f3703883fbc890f,microsoft-ai-for-beginners,etc/quiz-app/src/assets/translations/en/lesson-11.json,json-3,33e781bf7bfb9b39fd27c4e4a3e592669b52cb4b,b5b18b81e4915e54ea42e8fbce8db09208dc6cc228071bd7d6b9ab9846bfc52c,An Object detection model gives us,both class and bounding box,C,kp-ai-lesson-11,Object Detection,mapping-candidate-44b22f5c15904f4c1abf,0.99,upstream_quiz_group,pending,pending,pending,hold,,
item-947c2bd5a8a5f6c1fd48,item-version-96b8514f1aa8363d93e1,microsoft-ai-for-beginners,etc/quiz-app/src/assets/translations/en/lesson-11.json,json-4,33e781bf7bfb9b39fd27c4e4a3e592669b52cb4b,b5b18b81e4915e54ea42e8fbce8db09208dc6cc228071bd7d6b9ab9846bfc52c,Which object detection models are faster?,one-pass models,A,kp-ai-lesson-11,Object Detection,mapping-candidate-a43b463f619263a064f6,0.99,upstream_quiz_group,pending,pending,pending,hold,,
item-df749b895d98cfd3ac9e,item-version-450e37bce9ba31d596b3,microsoft-ai-for-beginners,etc/quiz-app/src/assets/translations/en/lesson-11.json,json-5,33e781bf7bfb9b39fd27c4e4a3e592669b52cb4b,b5b18b81e4915e54ea42e8fbce8db09208dc6cc228071bd7d6b9ab9846bfc52c,Which metric can be used to determine how well bounding boxes are aligned?,IoU,C,kp-ai-lesson-11,Object Detection,mapping-candidate-f71fa1a802433ee259ed,0.99,upstream_quiz_group,pending,pending,pending,hold,,
item-0e9df20bbefdbafda529,item-version-36d9470c007966b5de98,microsoft-ai-for-beginners,etc/quiz-app/src/assets/translations/en/lesson-12.json,json-0,33e781bf7bfb9b39fd27c4e4a3e592669b52cb4b,12c8f74293597799ae04284031207a300740a08c5c3c25017ae6bface4eb33eb,How many segmentation algorithm are there?,2,B,kp-ai-lesson-12,Segmentation,mapping-candidate-c7514a96cfbc28264848,0.99,upstream_quiz_group,pending,pending,pending,hold,,
item-63de1c66e99f6cba7e02,item-version-9f78c1a3edc9147085c0,microsoft-ai-for-beginners,etc/quiz-app/src/assets/translations/en/lesson-12.json,json-1,33e781bf7bfb9b39fd27c4e4a3e592669b52cb4b,12c8f74293597799ae04284031207a300740a08c5c3c25017ae6bface4eb33eb,Segmentation is a _____ task,computer vision,A,kp-ai-lesson-12,Segmentation,mapping-candidate-c5fe7fa92c706e66e300,0.99,upstream_quiz_group,pending,pending,pending,hold,,
item-7d179b1cc5a4797f4dbe,item-version-f5a3192f8ff1c640838d,microsoft-ai-for-beginners,etc/quiz-app/src/assets/translations/en/lesson-12.json,json-2,33e781bf7bfb9b39fd27c4e4a3e592669b52cb4b,12c8f74293597799ae04284031207a300740a08c5c3c25017ae6bface4eb33eb,Segmentation networks consist of ____ and ____ parts,"encoder, decoder",B,kp-ai-lesson-12,Segmentation,mapping-candidate-d27fb6bb9ae868dfd2fd,0.99,upstream_quiz_group,pending,pending,pending,hold,,
item-b8c86673a958165ea703,item-version-225f56bf581ee29e4c81,microsoft-ai-for-beginners,etc/quiz-app/src/assets/translations/en/lesson-12.json,json-3,33e781bf7bfb9b39fd27c4e4a3e592669b52cb4b,12c8f74293597799ae04284031207a300740a08c5c3c25017ae6bface4eb33eb,____ extracts features from an input image,encoder,C,kp-ai-lesson-12,Segmentation,mapping-candidate-fc4982f551a30a7028cd,0.99,upstream_quiz_group,pending,pending,pending,hold,,
item-82363d249bada03fed51,item-version-084dd7f4064cb5244a11,microsoft-ai-for-beginners,etc/quiz-app/src/assets/translations/en/lesson-12.json,json-4,33e781bf7bfb9b39fd27c4e4a3e592669b52cb4b,12c8f74293597799ae04284031207a300740a08c5c3c25017ae6bface4eb33eb,____ transforms input features into mask image,decoder,A,kp-ai-lesson-12,Segmentation,mapping-candidate-2ee124ce658eb724ad2a,0.99,upstream_quiz_group,pending,pending,pending,hold,,
item-e432bf0da80e2b90ba99,item-version-f55d4094f81d039e11a8,microsoft-ai-for-beginners,etc/quiz-app/src/assets/translations/en/lesson-12.json,json-5,33e781bf7bfb9b39fd27c4e4a3e592669b52cb4b,12c8f74293597799ae04284031207a300740a08c5c3c25017ae6bface4eb33eb,SegNet relies on ____ to train multi-layered network,batch normalization,A,kp-ai-lesson-12,Segmentation,mapping-candidate-8084390364321ebfee87,0.99,upstream_quiz_group,pending,pending,pending,hold,,
item-8f306c6f36a8f09ac59f,item-version-d415616e0c6275a6e360,microsoft-ai-for-beginners,etc/quiz-app/src/assets/translations/en/lesson-13.json,json-0,33e781bf7bfb9b39fd27c4e4a3e592669b52cb4b,d9324c6f84aff8f670e748dbee2ac1e0fc6ecdf5cd10ae767201a3c3963bca65,Each word in a Bag of Words is linked to a vector index,true,A,kp-ai-lesson-13,Text Representation,mapping-candidate-875e6a7ba27bb796c1d3,0.99,upstream_quiz_group,pending,pending,pending,hold,,
item-a96d67848dd8ae052848,item-version-fedc99e0d99c09b6fcd9,microsoft-ai-for-beginners,etc/quiz-app/src/assets/translations/en/lesson-13.json,json-1,33e781bf7bfb9b39fd27c4e4a3e592669b52cb4b,d9324c6f84aff8f670e748dbee2ac1e0fc6ecdf5cd10ae767201a3c3963bca65,Text can be represented using _____ approaches,2,B,kp-ai-lesson-13,Text Representation,mapping-candidate-5198f728458c62bf9b6c,0.99,upstream_quiz_group,pending,pending,pending,hold,,
item-7c8eca1fdbb693791908,item-version-77d0d067f9c31fdb0c22,microsoft-ai-for-beginners,etc/quiz-app/src/assets/translations/en/lesson-13.json,json-2,33e781bf7bfb9b39fd27c4e4a3e592669b52cb4b,d9324c6f84aff8f670e748dbee2ac1e0fc6ecdf5cd10ae767201a3c3963bca65,Character level representation represents each _____ as a number,letter,A,kp-ai-lesson-13,Text Representation,mapping-candidate-79367d2f3a6f59e4edda,0.99,upstream_quiz_group,pending,pending,pending,hold,,
item-e6f444056d87ba168bc0,item-version-42a4e5ec17d20263d4be,microsoft-ai-for-beginners,etc/quiz-app/src/assets/translations/en/lesson-13.json,json-3,33e781bf7bfb9b39fd27c4e4a3e592669b52cb4b,d9324c6f84aff8f670e748dbee2ac1e0fc6ecdf5cd10ae767201a3c3963bca65,Word level representation represents _____ as a number,word,B,kp-ai-lesson-13,Text Representation,mapping-candidate-d5afcc037b18016c776e,0.99,upstream_quiz_group,pending,pending,pending,hold,,
item-c9a3cb28e1444a05b467,item-version-f1c99ff4dded5ab7f92c,microsoft-ai-for-beginners,etc/quiz-app/src/assets/translations/en/lesson-13.json,json-4,33e781bf7bfb9b39fd27c4e4a3e592669b52cb4b,d9324c6f84aff8f670e748dbee2ac1e0fc6ecdf5cd10ae767201a3c3963bca65,N-Grams refers to _____,combination of n number of Words,C,kp-ai-lesson-13,Text Representation,mapping-candidate-f333450adf3fa6c42185,0.99,upstream_quiz_group,pending,pending,pending,hold,,
item-65330542d633bb4a0a78,item-version-b54fa6453445af9fa165,microsoft-ai-for-beginners,etc/quiz-app/src/assets/translations/en/lesson-13.json,json-5,33e781bf7bfb9b39fd27c4e4a3e592669b52cb4b,d9324c6f84aff8f670e748dbee2ac1e0fc6ecdf5cd10ae767201a3c3963bca65,The main drawback of N-gram is that the vocabulary size grows fast,true,A,kp-ai-lesson-13,Text Representation,mapping-candidate-526b9912ae32ca67448b,0.99,upstream_quiz_group,pending,pending,pending,hold,,
item-7d1e0ca4adaac5439e2e,item-version-a8d5eb22d6cae78fa396,microsoft-ai-for-beginners,etc/quiz-app/src/assets/translations/en/lesson-14.json,json-0,33e781bf7bfb9b39fd27c4e4a3e592669b52cb4b,cd4d569433df1ced5d0f0431aaf1718717a87f14d5147d29f716a07a12a43bcc,Embedding is used to represent words with _____ dimensional dense vectors,lower,A,kp-ai-lesson-14,Embeddings,mapping-candidate-92ba825c555469136907,0.99,upstream_quiz_group,pending,pending,pending,hold,,
item-b2cdd08d22ed2996f921,item-version-416de7c229a24feaf9d0,microsoft-ai-for-beginners,etc/quiz-app/src/assets/translations/en/lesson-14.json,json-1,33e781bf7bfb9b39fd27c4e4a3e592669b52cb4b,cd4d569433df1ced5d0f0431aaf1718717a87f14d5147d29f716a07a12a43bcc,Word2Vec pre-trained embeddings can also be used in place of embedding layer in neural networks,True,A,kp-ai-lesson-14,Embeddings,mapping-candidate-9f62cf0c6421e51101e5,0.99,upstream_quiz_group,pending,pending,pending,hold,,
item-e54fc0a174018a8221b2,item-version-2ca9d062fd8c914be165,microsoft-ai-for-beginners,etc/quiz-app/src/assets/translations/en/lesson-14.json,json-2,33e781bf7bfb9b39fd27c4e4a3e592669b52cb4b,cd4d569433df1ced5d0f0431aaf1718717a87f14d5147d29f716a07a12a43bcc,Using embedding layer we cannot switch from bag-of-words to embedding bag,false,B,kp-ai-lesson-14,Embeddings,mapping-candidate-49827fcd73461e377102,0.99,upstream_quiz_group,pending,pending,pending,hold,,
item-0bc61d430c3b757c4e27,item-version-17811f5f7b2bf7320d1b,microsoft-ai-for-beginners,etc/quiz-app/src/assets/translations/en/lesson-14.json,json-3,33e781bf7bfb9b39fd27c4e4a3e592669b52cb4b,cd4d569433df1ced5d0f0431aaf1718717a87f14d5147d29f716a07a12a43bcc,Word2Vec has _____ main architectures,2,B,kp-ai-lesson-14,Embeddings,mapping-candidate-ad6ea9e88b63aa729c6f,0.99,upstream_quiz_group,pending,pending,pending,hold,,
item-6e56bbaabf6b62ffe61f,item-version-faafe44099d1d86f98c2,microsoft-ai-for-beginners,etc/quiz-app/src/assets/translations/en/lesson-14.json,json-4,33e781bf7bfb9b39fd27c4e4a3e592669b52cb4b,cd4d569433df1ced5d0f0431aaf1718717a87f14d5147d29f716a07a12a43bcc,Word sense disambiguation is a limitation of traditional pretrained embedding representations,True,A,kp-ai-lesson-14,Embeddings,mapping-candidate-fd26a41453a6a3c39686,0.99,upstream_quiz_group,pending,pending,pending,hold,,
item-20d9ba813f02aecdb84c,item-version-7cccd306209c60a604e1,microsoft-ai-for-beginners,etc/quiz-app/src/assets/translations/en/lesson-14.json,json-5,33e781bf7bfb9b39fd27c4e4a3e592669b52cb4b,cd4d569433df1ced5d0f0431aaf1718717a87f14d5147d29f716a07a12a43bcc,An embedding layer takes _____ as input,word,A,kp-ai-lesson-14,Embeddings,mapping-candidate-55ddd9f01fba369bd440,0.99,upstream_quiz_group,pending,pending,pending,hold,,
item-76da0ac9c7a0d5e1be4e,item-version-c8380d2602228b534e5b,microsoft-ai-for-beginners,etc/quiz-app/src/assets/translations/en/lesson-15.json,json-0,33e781bf7bfb9b39fd27c4e4a3e592669b52cb4b,135bf073193cb92676e7062588f9c3cef95ff94ca43936e3ae06e93ef89cc18a,Which of the following can be considered a language model?,Word2Vec embeddings,A,kp-ai-lesson-15,Language Modeling,mapping-candidate-9eebd786261d536ce59b,0.99,upstream_quiz_group,pending,pending,pending,hold,,
item-d39bfe487cc858c65a60,item-version-8e382f2dcab5245b8323,microsoft-ai-for-beginners,etc/quiz-app/src/assets/translations/en/lesson-15.json,json-1,33e781bf7bfb9b39fd27c4e4a3e592669b52cb4b,135bf073193cb92676e7062588f9c3cef95ff94ca43936e3ae06e93ef89cc18a,A language model should be able to ____ the next word in the sentence,predict,B,kp-ai-lesson-15,Language Modeling,mapping-candidate-d0a9c8e2fe9d48fbae8e,0.99,upstream_quiz_group,pending,pending,pending,hold,,
item-51ee62e167664ab1d542,item-version-6104fde38ee56177abfa,microsoft-ai-for-beginners,etc/quiz-app/src/assets/translations/en/lesson-15.json,json-2,33e781bf7bfb9b39fd27c4e4a3e592669b52cb4b,135bf073193cb92676e7062588f9c3cef95ff94ca43936e3ae06e93ef89cc18a,Language models are trained on,any natural text,C,kp-ai-lesson-15,Language Modeling,mapping-candidate-87f024f41924b93e7fac,0.99,upstream_quiz_group,pending,pending,pending,hold,,
item-5c0642715f7a99a7ad47,item-version-d44a0ed056f5f3ef1d80,microsoft-ai-for-beginners,etc/quiz-app/src/assets/translations/en/lesson-15.json,json-3,33e781bf7bfb9b39fd27c4e4a3e592669b52cb4b,135bf073193cb92676e7062588f9c3cef95ff94ca43936e3ae06e93ef89cc18a,Which of the architectures predicts a word from neighboring words?,CBoW,A,kp-ai-lesson-15,Language Modeling,mapping-candidate-b48c29a8f640a9106f96,0.99,upstream_quiz_group,pending,pending,pending,hold,,
item-b14173d169e819121649,item-version-b024adcc614988f87545,microsoft-ai-for-beginners,etc/quiz-app/src/assets/translations/en/lesson-15.json,json-4,33e781bf7bfb9b39fd27c4e4a3e592669b52cb4b,135bf073193cb92676e7062588f9c3cef95ff94ca43936e3ae06e93ef89cc18a,"When we train a CBoW model, we obtain",Word2Vec embedding vectors,B,kp-ai-lesson-15,Language Modeling,mapping-candidate-7f56c69d2494ee7f00ac,0.99,upstream_quiz_group,pending,pending,pending,hold,,
item-4413b83c9e38c56ec779,item-version-6d0a0b562614489b9d91,microsoft-ai-for-beginners,etc/quiz-app/src/assets/translations/en/lesson-15.json,json-5,33e781bf7bfb9b39fd27c4e4a3e592669b52cb4b,135bf073193cb92676e7062588f9c3cef95ff94ca43936e3ae06e93ef89cc18a,The CBoW model is based on,Dense neural network,A,kp-ai-lesson-15,Language Modeling,mapping-candidate-12ffa23d608ba5342268,0.99,upstream_quiz_group,pending,pending,pending,hold,,
item-d6879835cb03fe82ba47,item-version-9c2d50c21d6710ddfd3d,microsoft-ai-for-beginners,etc/quiz-app/src/assets/translations/en/lesson-16.json,json-0,33e781bf7bfb9b39fd27c4e4a3e592669b52cb4b,954598131425865cdd23081b74f4e731f36b6c05835039cd72f262820bf74d06,RNN is short for?,recurrent neural network,B,kp-ai-lesson-16,Recurrent Neural Networks,mapping-candidate-c16acb086a716fb0a559,0.99,upstream_quiz_group,pending,pending,pending,hold,,
item-16fcd4fe8772a6cfec1a,item-version-7e46c690d344df2abced,microsoft-ai-for-beginners,etc/quiz-app/src/assets/translations/en/lesson-16.json,json-1,33e781bf7bfb9b39fd27c4e4a3e592669b52cb4b,954598131425865cdd23081b74f4e731f36b6c05835039cd72f262820bf74d06,A simple RNN cell has two weight _____,matrices,A,kp-ai-lesson-16,Recurrent Neural Networks,mapping-candidate-f7f531c69ee7b25db31c,0.99,upstream_quiz_group,pending,pending,pending,hold,,
item-f37093bc3a9272e6930b,item-version-9524b812276597121e33,microsoft-ai-for-beginners,etc/quiz-app/src/assets/translations/en/lesson-16.json,json-2,33e781bf7bfb9b39fd27c4e4a3e592669b52cb4b,954598131425865cdd23081b74f4e731f36b6c05835039cd72f262820bf74d06,vanishing gradients is a problem of _____,RNN,A,kp-ai-lesson-16,Recurrent Neural Networks,mapping-candidate-324582237086c10eb92a,0.99,upstream_quiz_group,pending,pending,pending,hold,,
item-44fe0853879a49ce0431,item-version-5e0592981790cbfd4ea4,microsoft-ai-for-beginners,etc/quiz-app/src/assets/translations/en/lesson-16.json,json-3,33e781bf7bfb9b39fd27c4e4a3e592669b52cb4b,954598131425865cdd23081b74f4e731f36b6c05835039cd72f262820bf74d06,"_____ takes some information from the input and hidden vector, and inserts it into state",input gate,C,kp-ai-lesson-16,Recurrent Neural Networks,mapping-candidate-da0a37e006c3b768fce8,0.99,upstream_quiz_group,pending,pending,pending,hold,,
item-43e17777441725fe99b7,item-version-42958538a04b8c87025e,microsoft-ai-for-beginners,etc/quiz-app/src/assets/translations/en/lesson-16.json,json-4,33e781bf7bfb9b39fd27c4e4a3e592669b52cb4b,954598131425865cdd23081b74f4e731f36b6c05835039cd72f262820bf74d06,Bidirectional RNNs runs recurrent computation in _____,both directions,A,kp-ai-lesson-16,Recurrent Neural Networks,mapping-candidate-f7ae567312c9e77d5d96,0.99,upstream_quiz_group,pending,pending,pending,hold,,
item-ed0fb9f16195abfa1cb4,item-version-3f0acc107a4c73d5cf3b,microsoft-ai-for-beginners,etc/quiz-app/src/assets/translations/en/lesson-16.json,json-5,33e781bf7bfb9b39fd27c4e4a3e592669b52cb4b,954598131425865cdd23081b74f4e731f36b6c05835039cd72f262820bf74d06,All RNN Cells have the same shareable weights,True,A,kp-ai-lesson-16,Recurrent Neural Networks,mapping-candidate-6638a6a649046bb2cc9e,0.99,upstream_quiz_group,pending,pending,pending,hold,,
item-9ccd3aa877a95f3eb0ca,item-version-7ba504fff05b5573df87,microsoft-ai-for-beginners,etc/quiz-app/src/assets/translations/en/lesson-17.json,json-0,33e781bf7bfb9b39fd27c4e4a3e592669b52cb4b,929772b3dd21dbeee8d4fa82a07767dcdae9089c69875cf69d977126d5ea1832,RNNs can be for generative tasks,yes,A,kp-ai-lesson-17,Generative Networks,mapping-candidate-d00f6d98f77951e40249,0.99,upstream_quiz_group,pending,pending,pending,hold,,
item-def5a1a3b581c1f11a23,item-version-6c64e805dfc58a4cb134,microsoft-ai-for-beginners,etc/quiz-app/src/assets/translations/en/lesson-17.json,json-1,33e781bf7bfb9b39fd27c4e4a3e592669b52cb4b,929772b3dd21dbeee8d4fa82a07767dcdae9089c69875cf69d977126d5ea1832,_____ is a traditional neural network with one input and one output,one-to-one,A,kp-ai-lesson-17,Generative Networks,mapping-candidate-cfbee89d942c860e572c,0.99,upstream_quiz_group,pending,pending,pending,hold,,
item-e027ac2d7b4538a46b8f,item-version-a0a1922f4e1ed6ae9ea4,microsoft-ai-for-beginners,etc/quiz-app/src/assets/translations/en/lesson-17.json,json-2,33e781bf7bfb9b39fd27c4e4a3e592669b52cb4b,929772b3dd21dbeee8d4fa82a07767dcdae9089c69875cf69d977126d5ea1832,RNN generates texts by generating next output token for each input token,true,A,kp-ai-lesson-17,Generative Networks,mapping-candidate-5351552e84cea1c8456a,0.99,upstream_quiz_group,pending,pending,pending,hold,,
item-93d81428fe7cf8037061,item-version-ce77f2fc362ff71364c8,microsoft-ai-for-beginners,etc/quiz-app/src/assets/translations/en/lesson-17.json,json-3,33e781bf7bfb9b39fd27c4e4a3e592669b52cb4b,929772b3dd21dbeee8d4fa82a07767dcdae9089c69875cf69d977126d5ea1832,Output encoder converts hidden state into _____ output,one-hot-encoded,A,kp-ai-lesson-17,Generative Networks,mapping-candidate-1b1e4ca1e535c0f43184,0.99,upstream_quiz_group,pending,pending,pending,hold,,
item-0bfb22540d88f6b65127,item-version-8f2bdcec44126c24da59,microsoft-ai-for-beginners,etc/quiz-app/src/assets/translations/en/lesson-17.json,json-4,33e781bf7bfb9b39fd27c4e4a3e592669b52cb4b,929772b3dd21dbeee8d4fa82a07767dcdae9089c69875cf69d977126d5ea1832,Selecting the character with higher probabilities always gives a meaningful text.,false,B,kp-ai-lesson-17,Generative Networks,mapping-candidate-58525ca86a66fd5b7967,0.99,upstream_quiz_group,pending,pending,pending,hold,,
item-b508ec19d0bba11b4db0,item-version-3638683a888084fc41da,microsoft-ai-for-beginners,etc/quiz-app/src/assets/translations/en/lesson-17.json,json-5,33e781bf7bfb9b39fd27c4e4a3e592669b52cb4b,929772b3dd21dbeee8d4fa82a07767dcdae9089c69875cf69d977126d5ea1832,Many-to-many can also be referred to as _____,sequence-to-sequence,B,kp-ai-lesson-17,Generative Networks,mapping-candidate-0348e00ab2dab3e81c2e,0.99,upstream_quiz_group,pending,pending,pending,hold,,
item-a7684d659419aaa21af9,item-version-50d4e7bd464dd2ffac6e,microsoft-ai-for-beginners,etc/quiz-app/src/assets/translations/en/lesson-18.json,json-0,33e781bf7bfb9b39fd27c4e4a3e592669b52cb4b,68b26154f4c731552ad80273456724b5705647fc62b8ac18be986aee1f5c2cbd,Attention mechanism provides a means of _____ the impact of an inout vector on an output prediction of RNN,weighting,A,kp-ai-lesson-18,Transformers,mapping-candidate-2189ce0a3807b365cee7,0.99,upstream_quiz_group,pending,pending,pending,hold,,
item-5bcac09cfc8539d28c69,item-version-74aa67efeb5605917f72,microsoft-ai-for-beginners,etc/quiz-app/src/assets/translations/en/lesson-18.json,json-1,33e781bf7bfb9b39fd27c4e4a3e592669b52cb4b,68b26154f4c731552ad80273456724b5705647fc62b8ac18be986aee1f5c2cbd,BERT is an acronym for,Bidirectional Encoder Representations From Transformers,B,kp-ai-lesson-18,Transformers,mapping-candidate-b83966413a868ffc729e,0.99,upstream_quiz_group,pending,pending,pending,hold,,
item-7d2fe2d72c90e64782c5,item-version-2678eae057fcbf141c46,microsoft-ai-for-beginners,etc/quiz-app/src/assets/translations/en/lesson-18.json,json-2,33e781bf7bfb9b39fd27c4e4a3e592669b52cb4b,68b26154f4c731552ad80273456724b5705647fc62b8ac18be986aee1f5c2cbd,In positional encoding the relative position of the token is represented by number of steps,true,A,kp-ai-lesson-18,Transformers,mapping-candidate-a59312ae5287b134e1a3,0.99,upstream_quiz_group,pending,pending,pending,hold,,
item-2a37cc182bc13855e1ae,item-version-16067e34bde590b3e44b,microsoft-ai-for-beginners,etc/quiz-app/src/assets/translations/en/lesson-18.json,json-3,33e781bf7bfb9b39fd27c4e4a3e592669b52cb4b,68b26154f4c731552ad80273456724b5705647fc62b8ac18be986aee1f5c2cbd,Positional embedding _____ the original token and its position within the sequence,embeds,C,kp-ai-lesson-18,Transformers,mapping-candidate-07958eb95e812fe7a2ef,0.99,upstream_quiz_group,pending,pending,pending,hold,,
item-b56d75ca7d5e5ddb3d07,item-version-5dec88e7d6fd5833b6d1,microsoft-ai-for-beginners,etc/quiz-app/src/assets/translations/en/lesson-18.json,json-4,33e781bf7bfb9b39fd27c4e4a3e592669b52cb4b,68b26154f4c731552ad80273456724b5705647fc62b8ac18be986aee1f5c2cbd,Multi-Head Attention is used in transformers to give network the power to capture _____ of dependencies,different types,A,kp-ai-lesson-18,Transformers,mapping-candidate-a8f3c809e91cc8cd80c2,0.99,upstream_quiz_group,pending,pending,pending,hold,,
item-38318229510b4b91017e,item-version-b35e36b5f9b7269d5b63,microsoft-ai-for-beginners,etc/quiz-app/src/assets/translations/en/lesson-18.json,json-5,33e781bf7bfb9b39fd27c4e4a3e592669b52cb4b,68b26154f4c731552ad80273456724b5705647fc62b8ac18be986aee1f5c2cbd,In transformers attention is used in _____ instances,2,B,kp-ai-lesson-18,Transformers,mapping-candidate-fcd9ac3cd9c70b47f2af,0.99,upstream_quiz_group,pending,pending,pending,hold,,
item-d35d1491c2fca9875012,item-version-c96d30be427efc2f7d81,microsoft-ai-for-beginners,etc/quiz-app/src/assets/translations/en/lesson-19.json,json-0,33e781bf7bfb9b39fd27c4e4a3e592669b52cb4b,fbcf23c68c82d9290257fe90805dc1a03037d2db17fac137153143e520eab0a0,What does NER stands for?,Named Entity Recognition,C,kp-ai-lesson-19,Named Entity Recognition,mapping-candidate-90e1bb22f4a8d4cb74f9,0.99,upstream_quiz_group,pending,pending,pending,hold,,
item-9b519c14c5d381c7cebb,item-version-cda710eeaa5f81043d26,microsoft-ai-for-beginners,etc/quiz-app/src/assets/translations/en/lesson-19.json,json-1,33e781bf7bfb9b39fd27c4e4a3e592669b52cb4b,fbcf23c68c82d9290257fe90805dc1a03037d2db17fac137153143e520eab0a0,An entity always consists of one token,false,B,kp-ai-lesson-19,Named Entity Recognition,mapping-candidate-edb3944454cd3f2b8ac9,0.99,upstream_quiz_group,pending,pending,pending,hold,,
item-575feb0fde562e2e0e97,item-version-9575da97bf1b47368eb1,microsoft-ai-for-beginners,etc/quiz-app/src/assets/translations/en/lesson-19.json,json-2,33e781bf7bfb9b39fd27c4e4a3e592669b52cb4b,fbcf23c68c82d9290257fe90805dc1a03037d2db17fac137153143e520eab0a0,"To train NER model, we need",Labeled dataset,A,kp-ai-lesson-19,Named Entity Recognition,mapping-candidate-a9c98b4f00b9dac11e0e,0.99,upstream_quiz_group,pending,pending,pending,hold,,
item-e66d6a3a1b38f2ffb008,item-version-5f52ea91c4d0567bf34d,microsoft-ai-for-beginners,etc/quiz-app/src/assets/translations/en/lesson-19.json,json-3,33e781bf7bfb9b39fd27c4e4a3e592669b52cb4b,fbcf23c68c82d9290257fe90805dc1a03037d2db17fac137153143e520eab0a0,NER model is essentially a ____ model,token classification,B,kp-ai-lesson-19,Named Entity Recognition,mapping-candidate-c213ebd43ec252d9d2db,0.99,upstream_quiz_group,pending,pending,pending,hold,,
item-1ed7f9476869043b3cc0,item-version-a470ee65b43af3f190ff,microsoft-ai-for-beginners,etc/quiz-app/src/assets/translations/en/lesson-19.json,json-4,33e781bf7bfb9b39fd27c4e4a3e592669b52cb4b,fbcf23c68c82d9290257fe90805dc1a03037d2db17fac137153143e520eab0a0,Which neural network types can be used for NER?,Both RNNs and Transformers,C,kp-ai-lesson-19,Named Entity Recognition,mapping-candidate-b9f2fec02e661b9a8e53,0.99,upstream_quiz_group,pending,pending,pending,hold,,
item-00c3475b7a11daa913a2,item-version-48c6f335b835bea40000,microsoft-ai-for-beginners,etc/quiz-app/src/assets/translations/en/lesson-19.json,json-5,33e781bf7bfb9b39fd27c4e4a3e592669b52cb4b,fbcf23c68c82d9290257fe90805dc1a03037d2db17fac137153143e520eab0a0,NER model is a good example of ____ network architecture,many-to-many,C,kp-ai-lesson-19,Named Entity Recognition,mapping-candidate-2860af176f04a36ed91f,0.99,upstream_quiz_group,pending,pending,pending,hold,,
item-7dd33642fda434f03194,item-version-d93923793af5925a8f2f,microsoft-ai-for-beginners,etc/quiz-app/src/assets/translations/en/lesson-2.json,json-0,33e781bf7bfb9b39fd27c4e4a3e592669b52cb4b,14c33a43ccff21758cab36c2d530eb208423855d2ec70f594bfed2f61e08db54,The top-down approach to creating intelligent systems was based on:,knowledge representation and reasoning,B,kp-ai-lesson-02,Knowledge Representation and Expert Systems,mapping-candidate-cf46ad8a9eb39c2f3eca,0.99,upstream_quiz_group,pending,pending,pending,hold,,
item-668234323e5f3570438f,item-version-a3d1a6c265393de3d57c,microsoft-ai-for-beginners,etc/quiz-app/src/assets/translations/en/lesson-2.json,json-1,33e781bf7bfb9b39fd27c4e4a3e592669b52cb4b,14c33a43ccff21758cab36c2d530eb208423855d2ec70f594bfed2f61e08db54,Knowledge is the same as information,False,B,kp-ai-lesson-02,Knowledge Representation and Expert Systems,mapping-candidate-e2e857b96ca0e194f58a,0.99,upstream_quiz_group,pending,pending,pending,hold,,
item-d4eacdb60851486a08e2,item-version-dff0e82d715c69f208c9,microsoft-ai-for-beginners,etc/quiz-app/src/assets/translations/en/lesson-2.json,json-2,33e781bf7bfb9b39fd27c4e4a3e592669b52cb4b,14c33a43ccff21758cab36c2d530eb208423855d2ec70f594bfed2f61e08db54,Knowledge is obtained by an:,active learning process,A,kp-ai-lesson-02,Knowledge Representation and Expert Systems,mapping-candidate-693c7544a78907891317,0.99,upstream_quiz_group,pending,pending,pending,hold,,
item-7fef206b071bf1949b0c,item-version-1b9f9bba34f211ee36c0,microsoft-ai-for-beginners,etc/quiz-app/src/assets/translations/en/lesson-2.json,json-3,33e781bf7bfb9b39fd27c4e4a3e592669b52cb4b,14c33a43ccff21758cab36c2d530eb208423855d2ec70f594bfed2f61e08db54,The simplest method of knowledge representation is:,algorithmic,A,kp-ai-lesson-02,Knowledge Representation and Expert Systems,mapping-candidate-717bac6db9435f4c997e,0.99,upstream_quiz_group,pending,pending,pending,hold,,
item-e762db18492b2cd43909,item-version-9c6c2fcaf3c963638621,microsoft-ai-for-beginners,etc/quiz-app/src/assets/translations/en/lesson-2.json,json-4,33e781bf7bfb9b39fd27c4e4a3e592669b52cb4b,14c33a43ccff21758cab36c2d530eb208423855d2ec70f594bfed2f61e08db54,Scenarios can represent complex situations that can unfold in time,true,A,kp-ai-lesson-02,Knowledge Representation and Expert Systems,mapping-candidate-bf4cabb64c8fdf137f62,0.99,upstream_quiz_group,pending,pending,pending,hold,,
item-028d7a0923d4179b4e2e,item-version-4610204221ee67afc155,microsoft-ai-for-beginners,etc/quiz-app/src/assets/translations/en/lesson-2.json,json-5,33e781bf7bfb9b39fd27c4e4a3e592669b52cb4b,14c33a43ccff21758cab36c2d530eb208423855d2ec70f594bfed2f61e08db54,Forward inference starts with initial data and then:,executes a reasoning loop,A,kp-ai-lesson-02,Knowledge Representation and Expert Systems,mapping-candidate-86c607f094109844fb47,0.99,upstream_quiz_group,pending,pending,pending,hold,,
item-be55f87b50e10f8fd2b9,item-version-d9d967ca6ac8f8c55a12,microsoft-ai-for-beginners,etc/quiz-app/src/assets/translations/en/lesson-20.json,json-0,33e781bf7bfb9b39fd27c4e4a3e592669b52cb4b,cb75ca6e8881df1bd2506166884a7477d3c1199b0adbfc4acdc1ccf9fe07bb1c,What does GPT stand for?,Generative Pre-trained Transformers,B,kp-ai-lesson-20,Large Language Models,mapping-candidate-4aae6f7718fb34548853,0.99,upstream_quiz_group,pending,pending,pending,hold,,
item-36592346587c541dd03c,item-version-a84542ef1f5c36f877e8,microsoft-ai-for-beginners,etc/quiz-app/src/assets/translations/en/lesson-20.json,json-1,33e781bf7bfb9b39fd27c4e4a3e592669b52cb4b,cb75ca6e8881df1bd2506166884a7477d3c1199b0adbfc4acdc1ccf9fe07bb1c,What can GPT be used for?,Both text generation and other tasks,C,kp-ai-lesson-20,Large Language Models,mapping-candidate-713678908d8f4ea36467,0.99,upstream_quiz_group,pending,pending,pending,hold,,
item-ccc5f88d88f80f05c9a3,item-version-a0933ecfdb0795bf688f,microsoft-ai-for-beginners,etc/quiz-app/src/assets/translations/en/lesson-20.json,json-2,33e781bf7bfb9b39fd27c4e4a3e592669b52cb4b,cb75ca6e8881df1bd2506166884a7477d3c1199b0adbfc4acdc1ccf9fe07bb1c,GPT is based on transformer architecture,true,A,kp-ai-lesson-20,Large Language Models,mapping-candidate-43426e607fcb04738d94,0.99,upstream_quiz_group,pending,pending,pending,hold,,
item-dceea2b2ece449966fcd,item-version-6b9dff4853076b566421,microsoft-ai-for-beginners,etc/quiz-app/src/assets/translations/en/lesson-20.json,json-3,33e781bf7bfb9b39fd27c4e4a3e592669b52cb4b,cb75ca6e8881df1bd2506166884a7477d3c1199b0adbfc4acdc1ccf9fe07bb1c,What is zero-shot learning?,Getting an answer from pre-trained network,A,kp-ai-lesson-20,Large Language Models,mapping-candidate-451e959a4d6a6fd11527,0.99,upstream_quiz_group,pending,pending,pending,hold,,
item-814cb7e0add447ca131e,item-version-b3a940b22a51ef1916be,microsoft-ai-for-beginners,etc/quiz-app/src/assets/translations/en/lesson-20.json,json-4,33e781bf7bfb9b39fd27c4e4a3e592669b52cb4b,cb75ca6e8881df1bd2506166884a7477d3c1199b0adbfc4acdc1ccf9fe07bb1c,Prompt engineering can be used with,Both,C,kp-ai-lesson-20,Large Language Models,mapping-candidate-5130ea04d61bb81a12a9,0.99,upstream_quiz_group,pending,pending,pending,hold,,
item-2d633b14e7812f702d7e,item-version-af0c3167e9fd28d42e1f,microsoft-ai-for-beginners,etc/quiz-app/src/assets/translations/en/lesson-20.json,json-5,33e781bf7bfb9b39fd27c4e4a3e592669b52cb4b,cb75ca6e8881df1bd2506166884a7477d3c1199b0adbfc4acdc1ccf9fe07bb1c,Which metric can be used to estimate the quality of a language model?,perplexity,C,kp-ai-lesson-20,Large Language Models,mapping-candidate-0e1c180075c44419e42d,0.99,upstream_quiz_group,pending,pending,pending,hold,,
item-0136548d943b45274386,item-version-d4596b70b981d05aa16f,microsoft-ai-for-beginners,etc/quiz-app/src/assets/translations/en/lesson-21.json,json-0,33e781bf7bfb9b39fd27c4e4a3e592669b52cb4b,4c0e313661aed9d3829e416b9cb937e115a9d0ec57567db2f42ae17a42396ab9,Genetic Algorithms are based on which of the following?,both a and b,C,kp-ai-lesson-21,Genetic Algorithms,mapping-candidate-f52db5a04055e72b74fa,0.99,upstream_quiz_group,pending,pending,pending,hold,,
item-cdc035ece39ed449d629,item-version-5055e2747a4bc0b94189,microsoft-ai-for-beginners,etc/quiz-app/src/assets/translations/en/lesson-21.json,json-1,33e781bf7bfb9b39fd27c4e4a3e592669b52cb4b,4c0e313661aed9d3829e416b9cb937e115a9d0ec57567db2f42ae17a42396ab9,Crossover allows us to combine two solutions together to obtain a new valid solution,true,A,kp-ai-lesson-21,Genetic Algorithms,mapping-candidate-fc15dbfde48e11497728,0.99,upstream_quiz_group,pending,pending,pending,hold,,
item-340a8f9358c7d24172f4,item-version-037c957ceb502d97850c,microsoft-ai-for-beginners,etc/quiz-app/src/assets/translations/en/lesson-21.json,json-2,33e781bf7bfb9b39fd27c4e4a3e592669b52cb4b,4c0e313661aed9d3829e416b9cb937e115a9d0ec57567db2f42ae17a42396ab9,Valid solutions to genetic algorithm can be represented as _____,genes,A,kp-ai-lesson-21,Genetic Algorithms,mapping-candidate-7e707f9b90f349b4f8be,0.99,upstream_quiz_group,pending,pending,pending,hold,,
item-fd128d60c7ed028d4b8e,item-version-36b66b848f162b7833b4,microsoft-ai-for-beginners,etc/quiz-app/src/assets/translations/en/lesson-21.json,json-3,33e781bf7bfb9b39fd27c4e4a3e592669b52cb4b,4c0e313661aed9d3829e416b9cb937e115a9d0ec57567db2f42ae17a42396ab9,Genetic Algorithms can solve which of these tasks,both of a and b,C,kp-ai-lesson-21,Genetic Algorithms,mapping-candidate-8c603e45075952de6cc5,0.99,upstream_quiz_group,pending,pending,pending,hold,,
item-e5e6ba5690d6bfd673ae,item-version-ae95774ff24adf27082e,microsoft-ai-for-beginners,etc/quiz-app/src/assets/translations/en/lesson-21.json,json-4,33e781bf7bfb9b39fd27c4e4a3e592669b52cb4b,4c0e313661aed9d3829e416b9cb937e115a9d0ec57567db2f42ae17a42396ab9,In implementing a genetic algorithm the first step is to randomly select two genes,false,B,kp-ai-lesson-21,Genetic Algorithms,mapping-candidate-1543c2d72fe0d021684a,0.99,upstream_quiz_group,pending,pending,pending,hold,,
item-d0744ffa98aa566b11a5,item-version-fe8a443c29e9914626de,microsoft-ai-for-beginners,etc/quiz-app/src/assets/translations/en/lesson-21.json,json-5,33e781bf7bfb9b39fd27c4e4a3e592669b52cb4b,4c0e313661aed9d3829e416b9cb937e115a9d0ec57567db2f42ae17a42396ab9,When using Crossover operation the algorithm randomly selects _____ genes,2,C,kp-ai-lesson-21,Genetic Algorithms,mapping-candidate-e75342cdf9dbe092ec73,0.99,upstream_quiz_group,pending,pending,pending,hold,,
item-acd1ebe36095d8ae3266,item-version-885a0dfc2885d9aad668,microsoft-ai-for-beginners,etc/quiz-app/src/assets/translations/en/lesson-22.json,json-0,33e781bf7bfb9b39fd27c4e4a3e592669b52cb4b,67787e9b7c5a79b70917218302933efbc555cf22ea65dc3885438c0cd315677a,"To train RL model, we need",Simulation environment,A,kp-ai-lesson-22,Reinforcement Learning,mapping-candidate-b044723b81d8c2c79a3e,0.99,upstream_quiz_group,pending,pending,pending,hold,,
item-def99477943827ddc025,item-version-ac1a7330178c81a2fc86,microsoft-ai-for-beginners,etc/quiz-app/src/assets/translations/en/lesson-22.json,json-1,33e781bf7bfb9b39fd27c4e4a3e592669b52cb4b,67787e9b7c5a79b70917218302933efbc555cf22ea65dc3885438c0cd315677a,What is a good example of Reinforcement learning:,Learning to play chess,C,kp-ai-lesson-22,Reinforcement Learning,mapping-candidate-450952ec7cb630898dd5,0.99,upstream_quiz_group,pending,pending,pending,hold,,
item-89a126218295eedd8af0,item-version-a1e3725bbb6f6af3b023,microsoft-ai-for-beginners,etc/quiz-app/src/assets/translations/en/lesson-22.json,json-2,33e781bf7bfb9b39fd27c4e4a3e592669b52cb4b,67787e9b7c5a79b70917218302933efbc555cf22ea65dc3885438c0cd315677a,"When creating RL-based chess engine, we need to",let computer play against itself many times,B,kp-ai-lesson-22,Reinforcement Learning,mapping-candidate-bf0e0a1c9811e8086aa8,0.99,upstream_quiz_group,pending,pending,pending,hold,,
item-fa9252514b9aa6f234a3,item-version-75fbd74200af27eb5813,microsoft-ai-for-beginners,etc/quiz-app/src/assets/translations/en/lesson-22.json,json-3,33e781bf7bfb9b39fd27c4e4a3e592669b52cb4b,67787e9b7c5a79b70917218302933efbc555cf22ea65dc3885438c0cd315677a,How does RL training algorithm knows how well it did?,Using reward function,C,kp-ai-lesson-22,Reinforcement Learning,mapping-candidate-d62cce0508d83f2aba6a,0.99,upstream_quiz_group,pending,pending,pending,hold,,
item-984464a0c917695fda65,item-version-1eabf9baa46b8fc85432,microsoft-ai-for-beginners,etc/quiz-app/src/assets/translations/en/lesson-22.json,json-4,33e781bf7bfb9b39fd27c4e4a3e592669b52cb4b,67787e9b7c5a79b70917218302933efbc555cf22ea65dc3885438c0cd315677a,Which problem(s) is RL is applicable to?,Both,C,kp-ai-lesson-22,Reinforcement Learning,mapping-candidate-79d1c5b38569c80b58a3,0.99,upstream_quiz_group,pending,pending,pending,hold,,
item-6fbd38dd68e97c7c0031,item-version-e3831040b51827187d76,microsoft-ai-for-beginners,etc/quiz-app/src/assets/translations/en/lesson-22.json,json-5,33e781bf7bfb9b39fd27c4e4a3e592669b52cb4b,67787e9b7c5a79b70917218302933efbc555cf22ea65dc3885438c0cd315677a,"In Actor-Critic model, critic predicts",Reward function,A,kp-ai-lesson-22,Reinforcement Learning,mapping-candidate-753d060e7ffbc13cd6e6,0.99,upstream_quiz_group,pending,pending,pending,hold,,
item-8dc5f3b70beaf412b8b8,item-version-fbfb66e8bdea647ac570,microsoft-ai-for-beginners,etc/quiz-app/src/assets/translations/en/lesson-23.json,json-0,33e781bf7bfb9b39fd27c4e4a3e592669b52cb4b,97dcdcb786f500636cb9077b6337a82afc06c33a9335f7b0ca625f3ae0264417,"By modeling the behavior of simple agents, we can understand more complex behaviors of a system.",true,A,kp-ai-lesson-23,Multi-Agent Modeling,mapping-candidate-2299defbfb6e4ae84a92,0.99,upstream_quiz_group,pending,pending,pending,hold,,
item-892ddc89678edc2913f3,item-version-9d7344e4337a5c9caeb7,microsoft-ai-for-beginners,etc/quiz-app/src/assets/translations/en/lesson-23.json,json-1,33e781bf7bfb9b39fd27c4e4a3e592669b52cb4b,97dcdcb786f500636cb9077b6337a82afc06c33a9335f7b0ca625f3ae0264417,The principle of metasystem transition is derived from:,both of these,C,kp-ai-lesson-23,Multi-Agent Modeling,mapping-candidate-da496002ab2b7cb01408,0.99,upstream_quiz_group,pending,pending,pending,hold,,
item-fc5d3a2bb47ac4357fe8,item-version-9865015ab238953c267c,microsoft-ai-for-beginners,etc/quiz-app/src/assets/translations/en/lesson-23.json,json-2,33e781bf7bfb9b39fd27c4e4a3e592669b52cb4b,97dcdcb786f500636cb9077b6337a82afc06c33a9335f7b0ca625f3ae0264417,Multi-Agent systems emerged in the ____:,1990s,C,kp-ai-lesson-23,Multi-Agent Modeling,mapping-candidate-b68cf82576e935dc0006,0.99,upstream_quiz_group,pending,pending,pending,hold,,
item-76a9e6cefa038893ecf2,item-version-5a22532a252089138aab,microsoft-ai-for-beginners,etc/quiz-app/src/assets/translations/en/lesson-23.json,json-3,33e781bf7bfb9b39fd27c4e4a3e592669b52cb4b,97dcdcb786f500636cb9077b6337a82afc06c33a9335f7b0ca625f3ae0264417,An agent is:,an entity that lives in an environment,B,kp-ai-lesson-23,Multi-Agent Modeling,mapping-candidate-c9a160c82044002af025,0.99,upstream_quiz_group,pending,pending,pending,hold,,
item-a65e19a3ae88c36fbf64,item-version-1fe251a945d12a825907,microsoft-ai-for-beginners,etc/quiz-app/src/assets/translations/en/lesson-23.json,json-4,33e781bf7bfb9b39fd27c4e4a3e592669b52cb4b,97dcdcb786f500636cb9077b6337a82afc06c33a9335f7b0ca625f3ae0264417,Reactive agents usually have:,simple request-response behavior,A,kp-ai-lesson-23,Multi-Agent Modeling,mapping-candidate-f0284a5971b7fd69da46,0.99,upstream_quiz_group,pending,pending,pending,hold,,
item-788d1f240c3cf9380118,item-version-50035952a169b538d5e1,microsoft-ai-for-beginners,etc/quiz-app/src/assets/translations/en/lesson-23.json,json-5,33e781bf7bfb9b39fd27c4e4a3e592669b52cb4b,97dcdcb786f500636cb9077b6337a82afc06c33a9335f7b0ca625f3ae0264417,Multi-agent systems are used in:,both the above,C,kp-ai-lesson-23,Multi-Agent Modeling,mapping-candidate-148c18cb0cb2e132f824,0.99,upstream_quiz_group,pending,pending,pending,hold,,
item-0636462108bcdb3f5b92,item-version-0e262a15822efee40640,microsoft-ai-for-beginners,etc/quiz-app/src/assets/translations/en/lesson-24.json,json-0,33e781bf7bfb9b39fd27c4e4a3e592669b52cb4b,3beab44ac9832f4b06fe6bbac40d2d6c66884e1e9e2528ede8a8eda252ec2932,Why we need to worry about Ethical AI?,Both,C,kp-ai-lesson-24,Ethical and Responsible AI,mapping-candidate-c7c2a8041738f83b9c17,0.99,upstream_quiz_group,pending,pending,pending,hold,,
item-2dc5332709d67ad48816,item-version-1fadc9fe275a8ddac9ca,microsoft-ai-for-beginners,etc/quiz-app/src/assets/translations/en/lesson-24.json,json-1,33e781bf7bfb9b39fd27c4e4a3e592669b52cb4b,3beab44ac9832f4b06fe6bbac40d2d6c66884e1e9e2528ede8a8eda252ec2932,Which is the example of interpretable AI?,Expert system,A,kp-ai-lesson-24,Ethical and Responsible AI,mapping-candidate-420da98a73ed88850d3b,0.99,upstream_quiz_group,pending,pending,pending,hold,,
item-43fdb8fe303ea4174da8,item-version-49cae494df5d0140a4f3,microsoft-ai-for-beginners,etc/quiz-app/src/assets/translations/en/lesson-24.json,json-2,33e781bf7bfb9b39fd27c4e4a3e592669b52cb4b,3beab44ac9832f4b06fe6bbac40d2d6c66884e1e9e2528ede8a8eda252ec2932,It is not ethical to use AI in medicine,false,B,kp-ai-lesson-24,Ethical and Responsible AI,mapping-candidate-ff5943757e472b00ac70,0.99,upstream_quiz_group,pending,pending,pending,hold,,
item-04311915d18aff709e31,item-version-7dcbe2037923f8f33d37,microsoft-ai-for-beginners,etc/quiz-app/src/assets/translations/en/lesson-24.json,json-3,33e781bf7bfb9b39fd27c4e4a3e592669b52cb4b,3beab44ac9832f4b06fe6bbac40d2d6c66884e1e9e2528ede8a8eda252ec2932,Why an AI model can discriminate?,Because datasets were not properly balanced,B,kp-ai-lesson-24,Ethical and Responsible AI,mapping-candidate-05ceb484dd33a44edbc4,0.99,upstream_quiz_group,pending,pending,pending,hold,,
item-1a6319ca50d33cf133e8,item-version-21a1598a38631f9116ba,microsoft-ai-for-beginners,etc/quiz-app/src/assets/translations/en/lesson-24.json,json-4,33e781bf7bfb9b39fd27c4e4a3e592669b52cb4b,3beab44ac9832f4b06fe6bbac40d2d6c66884e1e9e2528ede8a8eda252ec2932,Which of the following is not a principle of Responsible AI?,Cleverness,C,kp-ai-lesson-24,Ethical and Responsible AI,mapping-candidate-cc1807dcefb10c978113,0.99,upstream_quiz_group,pending,pending,pending,hold,,
item-d2b565e9468d9cb54780,item-version-aee07f59ae7be1c351a8,microsoft-ai-for-beginners,etc/quiz-app/src/assets/translations/en/lesson-24.json,json-5,33e781bf7bfb9b39fd27c4e4a3e592669b52cb4b,3beab44ac9832f4b06fe6bbac40d2d6c66884e1e9e2528ede8a8eda252ec2932,Accountability of an AI system means that,"there should be a human being involved in taking decisions, who can take responsibility",A,kp-ai-lesson-24,Ethical and Responsible AI,mapping-candidate-73b603a9bb3724bbedb6,0.99,upstream_quiz_group,pending,pending,pending,hold,,
item-99bea8a64e14b26dce0a,item-version-ebd623e1932977281b61,microsoft-ai-for-beginners,etc/quiz-app/src/assets/translations/en/lesson-24.json,json-6,33e781bf7bfb9b39fd27c4e4a3e592669b52cb4b,3beab44ac9832f4b06fe6bbac40d2d6c66884e1e9e2528ede8a8eda252ec2932,Model fairness is related to,Biases,B,kp-ai-lesson-24,Ethical and Responsible AI,mapping-candidate-7f992a363c099370e55d,0.99,upstream_quiz_group,pending,pending,pending,hold,,
item-fe9de931f757a1fd91ec,item-version-aed5aab0dd414af066f0,microsoft-ai-for-beginners,etc/quiz-app/src/assets/translations/en/lesson-3.json,json-0,33e781bf7bfb9b39fd27c4e4a3e592669b52cb4b,d60713e1e20398002464f198801bd39bba61476efff3e206443a038fac553cab,Early neural networks required,manual weight adjusting,A,kp-ai-lesson-03,Perceptron,mapping-candidate-b27f6847d4814906a60a,0.99,upstream_quiz_group,pending,pending,pending,hold,,
item-0fe7701b06ed31e9da83,item-version-fa14e48dd93c4a4c4605,microsoft-ai-for-beginners,etc/quiz-app/src/assets/translations/en/lesson-3.json,json-1,33e781bf7bfb9b39fd27c4e4a3e592669b52cb4b,d60713e1e20398002464f198801bd39bba61476efff3e206443a038fac553cab,A simple neuron is also called a 'threshold logic unit',true,A,kp-ai-lesson-03,Perceptron,mapping-candidate-910aaa1102b90a01123d,0.99,upstream_quiz_group,pending,pending,pending,hold,,
item-b31900d947e6409f10d6,item-version-38d2f70e319e04d1e9d1,microsoft-ai-for-beginners,etc/quiz-app/src/assets/translations/en/lesson-3.json,json-2,33e781bf7bfb9b39fd27c4e4a3e592669b52cb4b,d60713e1e20398002464f198801bd39bba61476efff3e206443a038fac553cab,A perceptron is a ___ type of model,binary classification,C,kp-ai-lesson-03,Perceptron,mapping-candidate-c170db7390d256897e80,0.99,upstream_quiz_group,pending,pending,pending,hold,,
item-b3c71184df28df15eb30,item-version-d25ccabbdef8beb656f2,microsoft-ai-for-beginners,etc/quiz-app/src/assets/translations/en/lesson-3.json,json-3,33e781bf7bfb9b39fd27c4e4a3e592669b52cb4b,d60713e1e20398002464f198801bd39bba61476efff3e206443a038fac553cab,"To train a perceptron, find a weights vector that results in the smallest ___.",error,B,kp-ai-lesson-03,Perceptron,mapping-candidate-a3c0bd98a721660d4d37,0.99,upstream_quiz_group,pending,pending,pending,hold,,
item-646fb9545ddeff07770b,item-version-cd6d43c23b5e4db2752d,microsoft-ai-for-beginners,etc/quiz-app/src/assets/translations/en/lesson-3.json,json-4,33e781bf7bfb9b39fd27c4e4a3e592669b52cb4b,d60713e1e20398002464f198801bd39bba61476efff3e206443a038fac553cab,"To minimize the function of weights, you can use gradient descent",true,A,kp-ai-lesson-03,Perceptron,mapping-candidate-b64640cfcb7cbc52366f,0.99,upstream_quiz_group,pending,pending,pending,hold,,
item-507467480fb300787540,item-version-d779f5ce6a4b889bbb8c,microsoft-ai-for-beginners,etc/quiz-app/src/assets/translations/en/lesson-3.json,json-5,33e781bf7bfb9b39fd27c4e4a3e592669b52cb4b,d60713e1e20398002464f198801bd39bba61476efff3e206443a038fac553cab,"During gradient descent, each step updates the ___",weights,B,kp-ai-lesson-03,Perceptron,mapping-candidate-3420dfa187138a32e300,0.99,upstream_quiz_group,pending,pending,pending,hold,,
item-7dd496fbc84de60bd4cb,item-version-09b19afd088ca762861f,microsoft-ai-for-beginners,etc/quiz-app/src/assets/translations/en/lesson-4.json,json-0,33e781bf7bfb9b39fd27c4e4a3e592669b52cb4b,c1454c4e661b0c270889248a8437e472d1751387b1af30d9a049eb84dd07fcbf,The quality of prediction is measured by Loss function,True,A,kp-ai-lesson-04,Neural Networks,mapping-candidate-b4ffb48fea3250299596,0.99,upstream_quiz_group,pending,pending,pending,hold,,
item-26cee7ac640346e49bb1,item-version-5439ab60090235715ccb,microsoft-ai-for-beginners,etc/quiz-app/src/assets/translations/en/lesson-4.json,json-1,33e781bf7bfb9b39fd27c4e4a3e592669b52cb4b,c1454c4e661b0c270889248a8437e472d1751387b1af30d9a049eb84dd07fcbf,One layer network is capable of classifying ____,linearly separable classes,B,kp-ai-lesson-04,Neural Networks,mapping-candidate-f04d7439c78fc3ef761f,0.99,upstream_quiz_group,pending,pending,pending,hold,,
item-26f75553147a1f135651,item-version-af8b4738f464ed598f90,microsoft-ai-for-beginners,etc/quiz-app/src/assets/translations/en/lesson-4.json,json-2,33e781bf7bfb9b39fd27c4e4a3e592669b52cb4b,c1454c4e661b0c270889248a8437e472d1751387b1af30d9a049eb84dd07fcbf,The method of training multi-layered perceptron is called ____,back propagation,A,kp-ai-lesson-04,Neural Networks,mapping-candidate-854b52984535c8c2dcf9,0.99,upstream_quiz_group,pending,pending,pending,hold,,
item-e87b8ef08036b0e4c4d3,item-version-152b0f4f009611c8e7c5,microsoft-ai-for-beginners,etc/quiz-app/src/assets/translations/en/lesson-4.json,json-3,33e781bf7bfb9b39fd27c4e4a3e592669b52cb4b,c1454c4e661b0c270889248a8437e472d1751387b1af30d9a049eb84dd07fcbf,We use ____ for regression loss functions,all of the above,C,kp-ai-lesson-04,Neural Networks,mapping-candidate-77995b1450ba7a32b3ab,0.99,upstream_quiz_group,pending,pending,pending,hold,,
item-5f74c27ca56dbec045c7,item-version-2bc08fb7220729204c1a,microsoft-ai-for-beginners,etc/quiz-app/src/assets/translations/en/lesson-4.json,json-4,33e781bf7bfb9b39fd27c4e4a3e592669b52cb4b,c1454c4e661b0c270889248a8437e472d1751387b1af30d9a049eb84dd07fcbf,All but one is a type of classification loss function,binary loss,B,kp-ai-lesson-04,Neural Networks,mapping-candidate-471a535be7357142e0ba,0.99,upstream_quiz_group,pending,pending,pending,hold,,
item-45f327692b723e4decb7,item-version-471087a24992002795cf,microsoft-ai-for-beginners,etc/quiz-app/src/assets/translations/en/lesson-4.json,json-5,33e781bf7bfb9b39fd27c4e4a3e592669b52cb4b,c1454c4e661b0c270889248a8437e472d1751387b1af30d9a049eb84dd07fcbf,Cross-entropy loss is a function that can calculate similarity between two arbitrary probability distributions,True,A,kp-ai-lesson-04,Neural Networks,mapping-candidate-7b739326c29036eace5d,0.99,upstream_quiz_group,pending,pending,pending,hold,,
item-2cdb6f399823581f2110,item-version-7bdae6fae7e4962df06d,microsoft-ai-for-beginners,etc/quiz-app/src/assets/translations/en/lesson-5.json,json-0,33e781bf7bfb9b39fd27c4e4a3e592669b52cb4b,5bd97b12a3c6b112d7589956dcba966382d19623d3a0820c8abdb6fb81f4bc61,Deep Neural Network training requires a lot of computations,True,A,kp-ai-lesson-05,Deep Learning Frameworks,mapping-candidate-ec2c4053eb909180ea68,0.99,upstream_quiz_group,pending,pending,pending,hold,,
item-1e9aa13b860d330a0edc,item-version-fc9a7ab416840a7ba319,microsoft-ai-for-beginners,etc/quiz-app/src/assets/translations/en/lesson-5.json,json-1,33e781bf7bfb9b39fd27c4e4a3e592669b52cb4b,5bd97b12a3c6b112d7589956dcba966382d19623d3a0820c8abdb6fb81f4bc61,Overfitting occurs because of ____,Too powerful model,B,kp-ai-lesson-05,Deep Learning Frameworks,mapping-candidate-cc518f4aa5a863e33e25,0.99,upstream_quiz_group,pending,pending,pending,hold,,
item-959ea57d4eccbb67e99c,item-version-6a399420d11e6f38a8e7,microsoft-ai-for-beginners,etc/quiz-app/src/assets/translations/en/lesson-5.json,json-2,33e781bf7bfb9b39fd27c4e4a3e592669b52cb4b,5bd97b12a3c6b112d7589956dcba966382d19623d3a0820c8abdb6fb81f4bc61,Bias errors are caused by our ____ not being able to capture the relationship between training data correctly.,algorithm,B,kp-ai-lesson-05,Deep Learning Frameworks,mapping-candidate-2891e14b6f86f3969e0f,0.99,upstream_quiz_group,pending,pending,pending,hold,,
item-bf93840a01e6c3027060,item-version-c8b598509dec5a662cb4,microsoft-ai-for-beginners,etc/quiz-app/src/assets/translations/en/lesson-5.json,json-3,33e781bf7bfb9b39fd27c4e4a3e592669b52cb4b,5bd97b12a3c6b112d7589956dcba966382d19623d3a0820c8abdb6fb81f4bc61,"After compiling our model object, we train by calling ____ function",fit,A,kp-ai-lesson-05,Deep Learning Frameworks,mapping-candidate-dd8e7f949582d9a37ca7,0.99,upstream_quiz_group,pending,pending,pending,hold,,
item-71c70d414b6758d7b748,item-version-aaa26287c216c67dd5c5,microsoft-ai-for-beginners,etc/quiz-app/src/assets/translations/en/lesson-5.json,json-4,33e781bf7bfb9b39fd27c4e4a3e592669b52cb4b,5bd97b12a3c6b112d7589956dcba966382d19623d3a0820c8abdb6fb81f4bc61,Binary cross-entropy is also called log loss,True,A,kp-ai-lesson-05,Deep Learning Frameworks,mapping-candidate-224fd71b606853338cde,0.99,upstream_quiz_group,pending,pending,pending,hold,,
item-593e83d3528252097631,item-version-c258aca27117407be3f5,microsoft-ai-for-beginners,etc/quiz-app/src/assets/translations/en/lesson-5.json,json-5,33e781bf7bfb9b39fd27c4e4a3e592669b52cb4b,5bd97b12a3c6b112d7589956dcba966382d19623d3a0820c8abdb6fb81f4bc61,TensorFlow is to ____ while PyTorch is to ____,"Google, Facebook",B,kp-ai-lesson-05,Deep Learning Frameworks,mapping-candidate-28d13114269c2cec695c,0.99,upstream_quiz_group,pending,pending,pending,hold,,
item-239582beee2564aa94e0,item-version-070de2bab1299452bf93,microsoft-ai-for-beginners,etc/quiz-app/src/assets/translations/en/lesson-6.json,json-0,33e781bf7bfb9b39fd27c4e4a3e592669b52cb4b,25382db5e646f672ee1b3752147aff737bdd6376a42277c6d1571a731e565bfc,Computer vision aims to allow computers gain understanding of _____,images,A,kp-ai-lesson-06,Introduction to Computer Vision,mapping-candidate-4f43ae105077f9670167,0.99,upstream_quiz_group,pending,pending,pending,hold,,
item-9a9ff43a274b9d790d39,item-version-3c165cffb283a9001eb6,microsoft-ai-for-beginners,etc/quiz-app/src/assets/translations/en/lesson-6.json,json-1,33e781bf7bfb9b39fd27c4e4a3e592669b52cb4b,25382db5e646f672ee1b3752147aff737bdd6376a42277c6d1571a731e565bfc,Python libraries available for image processing includes,a and b,C,kp-ai-lesson-06,Introduction to Computer Vision,mapping-candidate-3996f4092e9054c242a9,0.99,upstream_quiz_group,pending,pending,pending,hold,,
item-4e478e051095d5320cb5,item-version-0e1a65d24c3208020f13,microsoft-ai-for-beginners,etc/quiz-app/src/assets/translations/en/lesson-6.json,json-2,33e781bf7bfb9b39fd27c4e4a3e592669b52cb4b,25382db5e646f672ee1b3752147aff737bdd6376a42277c6d1571a731e565bfc,Images cannot be represented as NumPy arrays in Python,False,B,kp-ai-lesson-06,Introduction to Computer Vision,mapping-candidate-4059561d07cfc1f3c3bf,0.99,upstream_quiz_group,pending,pending,pending,hold,,
item-3f18720088806adf8459,item-version-dcc61635d0539864061c,microsoft-ai-for-beginners,etc/quiz-app/src/assets/translations/en/lesson-6.json,json-3,33e781bf7bfb9b39fd27c4e4a3e592669b52cb4b,25382db5e646f672ee1b3752147aff737bdd6376a42277c6d1571a731e565bfc,Optical Flow helps us to understand how each pixel on video frames move.,true,A,kp-ai-lesson-06,Introduction to Computer Vision,mapping-candidate-a2bb55e3f2f1da86de38,0.99,upstream_quiz_group,pending,pending,pending,hold,,
item-0ef44c836927ab8867ac,item-version-194672612c3d15c9e0cb,microsoft-ai-for-beginners,etc/quiz-app/src/assets/translations/en/lesson-6.json,json-4,33e781bf7bfb9b39fd27c4e4a3e592669b52cb4b,25382db5e646f672ee1b3752147aff737bdd6376a42277c6d1571a731e565bfc,_____ computes the vector field that shows where each pixel is moving,Dense Optical Flow,B,kp-ai-lesson-06,Introduction to Computer Vision,mapping-candidate-c443d2a91ee58c2f697e,0.99,upstream_quiz_group,pending,pending,pending,hold,,
item-846a82235debf3d105fb,item-version-84c96318bf23b62bc105,microsoft-ai-for-beginners,etc/quiz-app/src/assets/translations/en/lesson-6.json,json-5,33e781bf7bfb9b39fd27c4e4a3e592669b52cb4b,25382db5e646f672ee1b3752147aff737bdd6376a42277c6d1571a731e565bfc,Resizing and Blurring are steps that can be taken during?,pre-processing,A,kp-ai-lesson-06,Introduction to Computer Vision,mapping-candidate-b3ade293e65690c8858d,0.99,upstream_quiz_group,pending,pending,pending,hold,,
item-688d5e352f07de01bbcd,item-version-32721c22ce51bd4b5ee3,microsoft-ai-for-beginners,etc/quiz-app/src/assets/translations/en/lesson-7.json,json-0,33e781bf7bfb9b39fd27c4e4a3e592669b52cb4b,814860f1b4da72aa7fe07f1d4bbaa2c6512e170ec426903014e9f2c4d88dc8aa,To extract patterns from images we use?,convolutional filters,A,kp-ai-lesson-07,Convolutional Neural Networks,mapping-candidate-7f4012c08de37ed9c38a,0.99,upstream_quiz_group,pending,pending,pending,hold,,
item-9134c70a507c0fa2b03b,item-version-f9475ca83cc9bfa5fbe4,microsoft-ai-for-beginners,etc/quiz-app/src/assets/translations/en/lesson-7.json,json-1,33e781bf7bfb9b39fd27c4e4a3e592669b52cb4b,814860f1b4da72aa7fe07f1d4bbaa2c6512e170ec426903014e9f2c4d88dc8aa,One of these is not a CNN Architecture,TensorFlow,C,kp-ai-lesson-07,Convolutional Neural Networks,mapping-candidate-a433930e17463a69da63,0.99,upstream_quiz_group,pending,pending,pending,hold,,
item-6e3b002b7c0f1d16815b,item-version-2533759e8d4867317dd8,microsoft-ai-for-beginners,etc/quiz-app/src/assets/translations/en/lesson-7.json,json-2,33e781bf7bfb9b39fd27c4e4a3e592669b52cb4b,814860f1b4da72aa7fe07f1d4bbaa2c6512e170ec426903014e9f2c4d88dc8aa,CNN are mostly used for computer vision tasks.,true,A,kp-ai-lesson-07,Convolutional Neural Networks,mapping-candidate-4841808e4426507c59ca,0.99,upstream_quiz_group,pending,pending,pending,hold,,
item-64245ed1394b3edae1e1,item-version-1d05c813e3de3e636492,microsoft-ai-for-beginners,etc/quiz-app/src/assets/translations/en/lesson-7.json,json-3,33e781bf7bfb9b39fd27c4e4a3e592669b52cb4b,814860f1b4da72aa7fe07f1d4bbaa2c6512e170ec426903014e9f2c4d88dc8aa,"Which pooling layer is used ""scale down"" the size of the image",a and b,C,kp-ai-lesson-07,Convolutional Neural Networks,mapping-candidate-e202b7b5c9cd3d6e8a87,0.99,upstream_quiz_group,pending,pending,pending,hold,,
item-0c5fd18f5ff9fd9ac2b5,item-version-26dd8f038c13c07c0866,microsoft-ai-for-beginners,etc/quiz-app/src/assets/translations/en/lesson-7.json,json-4,33e781bf7bfb9b39fd27c4e4a3e592669b52cb4b,814860f1b4da72aa7fe07f1d4bbaa2c6512e170ec426903014e9f2c4d88dc8aa,Convolutional networks generalizes much better,True,A,kp-ai-lesson-07,Convolutional Neural Networks,mapping-candidate-a1e3ea8f47fb2b33d75a,0.99,upstream_quiz_group,pending,pending,pending,hold,,
item-f224b760ff6b0894d4f9,item-version-6a5913cd7b4d400265ad,microsoft-ai-for-beginners,etc/quiz-app/src/assets/translations/en/lesson-7.json,json-5,33e781bf7bfb9b39fd27c4e4a3e592669b52cb4b,814860f1b4da72aa7fe07f1d4bbaa2c6512e170ec426903014e9f2c4d88dc8aa,"To train our neural network, we need to convert images to tensors",true,A,kp-ai-lesson-07,Convolutional Neural Networks,mapping-candidate-86ad1bfbe84385f72a45,0.99,upstream_quiz_group,pending,pending,pending,hold,,
item-f71f4abce148efcd6b2d,item-version-3c9206b0dce226978d9b,microsoft-ai-for-beginners,etc/quiz-app/src/assets/translations/en/lesson-8.json,json-0,33e781bf7bfb9b39fd27c4e4a3e592669b52cb4b,d86b49ca56adfe9556fef1226e0c9009af10d3e960346dc14b66f7581fb51a30,Transfer learning approach uses untrained models for classification,false,B,kp-ai-lesson-08,Pre-trained Networks and Transfer Learning,mapping-candidate-b3010da65314d617f0a2,0.99,upstream_quiz_group,pending,pending,pending,hold,,
item-143e8d4364189705326e,item-version-1af947d6872fd8c45497,microsoft-ai-for-beginners,etc/quiz-app/src/assets/translations/en/lesson-8.json,json-1,33e781bf7bfb9b39fd27c4e4a3e592669b52cb4b,d86b49ca56adfe9556fef1226e0c9009af10d3e960346dc14b66f7581fb51a30,One of these is not a normalization technique?,height normalization,A,kp-ai-lesson-08,Pre-trained Networks and Transfer Learning,mapping-candidate-bdf904b04afda6baeb2d,0.99,upstream_quiz_group,pending,pending,pending,hold,,
item-062d172186c4dd35f8e9,item-version-cdb0dd095b1bf8b32b70,microsoft-ai-for-beginners,etc/quiz-app/src/assets/translations/en/lesson-8.json,json-2,33e781bf7bfb9b39fd27c4e4a3e592669b52cb4b,d86b49ca56adfe9556fef1226e0c9009af10d3e960346dc14b66f7581fb51a30,We choose Stochastic Gradient Descent(SGD) in deep learning because classical gradient descent can be ____,slow,B,kp-ai-lesson-08,Pre-trained Networks and Transfer Learning,mapping-candidate-a9706521e16d1aaf2f3c,0.99,upstream_quiz_group,pending,pending,pending,hold,,
item-f42bf8120a5dfa783874,item-version-d817a2cf3aca0951ccfc,microsoft-ai-for-beginners,etc/quiz-app/src/assets/translations/en/lesson-8.json,json-3,33e781bf7bfb9b39fd27c4e4a3e592669b52cb4b,d86b49ca56adfe9556fef1226e0c9009af10d3e960346dc14b66f7581fb51a30,Dropout layers act as a ____ technique,regularization,C,kp-ai-lesson-08,Pre-trained Networks and Transfer Learning,mapping-candidate-ed0c2dcfb535279ed6a8,0.99,upstream_quiz_group,pending,pending,pending,hold,,
item-eaf8733953342480eb7e,item-version-d27c48a11c464175c4ff,microsoft-ai-for-beginners,etc/quiz-app/src/assets/translations/en/lesson-8.json,json-4,33e781bf7bfb9b39fd27c4e4a3e592669b52cb4b,d86b49ca56adfe9556fef1226e0c9009af10d3e960346dc14b66f7581fb51a30,freezing weights of convolutional feature extractor can be done by ____,a and b,C,kp-ai-lesson-08,Pre-trained Networks and Transfer Learning,mapping-candidate-ea987e18720cdddb6925,0.99,upstream_quiz_group,pending,pending,pending,hold,,
item-a1e965fd506213c63c8b,item-version-43802b400e0f60d60a4a,microsoft-ai-for-beginners,etc/quiz-app/src/assets/translations/en/lesson-8.json,json-5,33e781bf7bfb9b39fd27c4e4a3e592669b52cb4b,d86b49ca56adfe9556fef1226e0c9009af10d3e960346dc14b66f7581fb51a30,Batch normalization is to bring values that flow through the ____ to right interval,neural network,C,kp-ai-lesson-08,Pre-trained Networks and Transfer Learning,mapping-candidate-baeb490d7652068536a1,0.99,upstream_quiz_group,pending,pending,pending,hold,,
item-79642a9051f7a6ce1977,item-version-f237ca757e3571653f2d,microsoft-ai-for-beginners,etc/quiz-app/src/assets/translations/en/lesson-9.json,json-0,33e781bf7bfb9b39fd27c4e4a3e592669b52cb4b,37e0d2eda9186f5daf97e894fb0a0774b11e3d9a48e3931244cb8eb379281457,Self-supervised learning uses ____ data for training,raw,B,kp-ai-lesson-09,Autoencoders,mapping-candidate-fd3c8f6d58e155e80982,0.99,upstream_quiz_group,pending,pending,pending,hold,,
item-0133b78ef2e0f166a553,item-version-89b85cc04597d810748f,microsoft-ai-for-beginners,etc/quiz-app/src/assets/translations/en/lesson-9.json,json-1,33e781bf7bfb9b39fd27c4e4a3e592669b52cb4b,37e0d2eda9186f5daf97e894fb0a0774b11e3d9a48e3931244cb8eb379281457,Encoder Network coverts input images into latent spaces,true,A,kp-ai-lesson-09,Autoencoders,mapping-candidate-d357f7ae62a613208ea5,0.99,upstream_quiz_group,pending,pending,pending,hold,,
item-1271ff943eeae8208fc6,item-version-781d9e8619b1ded86d6b,microsoft-ai-for-beginners,etc/quiz-app/src/assets/translations/en/lesson-9.json,json-2,33e781bf7bfb9b39fd27c4e4a3e592669b52cb4b,37e0d2eda9186f5daf97e894fb0a0774b11e3d9a48e3931244cb8eb379281457,VAE is short for?,Variation auto-encoder,B,kp-ai-lesson-09,Autoencoders,mapping-candidate-d3f620b3bac52ee49514,0.99,upstream_quiz_group,pending,pending,pending,hold,,
item-fa6edbd42286101bbf0f,item-version-08e852b5d51241ddc811,microsoft-ai-for-beginners,etc/quiz-app/src/assets/translations/en/lesson-9.json,json-3,33e781bf7bfb9b39fd27c4e4a3e592669b52cb4b,37e0d2eda9186f5daf97e894fb0a0774b11e3d9a48e3931244cb8eb379281457,Properties of autoencoders include,all of the above,C,kp-ai-lesson-09,Autoencoders,mapping-candidate-d8f144d046af69e37825,0.99,upstream_quiz_group,pending,pending,pending,hold,,
item-de936c7370643ebd88ee,item-version-b17aea3da3eef25eac8a,microsoft-ai-for-beginners,etc/quiz-app/src/assets/translations/en/lesson-9.json,json-4,33e781bf7bfb9b39fd27c4e4a3e592669b52cb4b,37e0d2eda9186f5daf97e894fb0a0774b11e3d9a48e3931244cb8eb379281457,Auto encoders can be used to effectively remove noise from images,true,A,kp-ai-lesson-09,Autoencoders,mapping-candidate-88e4fe7c2bc01cca5028,0.99,upstream_quiz_group,pending,pending,pending,hold,,
item-b7c4bdf2ebc8d185c0e8,item-version-c2eaecf91ab5e9ece180,microsoft-ai-for-beginners,etc/quiz-app/src/assets/translations/en/lesson-9.json,json-5,33e781bf7bfb9b39fd27c4e4a3e592669b52cb4b,37e0d2eda9186f5daf97e894fb0a0774b11e3d9a48e3931244cb8eb379281457,Variational auto-encoders loss function does not consist of which of these?,TF loss,C,kp-ai-lesson-09,Autoencoders,mapping-candidate-2e4ba2735e56eeb06bc9,0.99,upstream_quiz_group,pending,pending,pending,hold,,
