learning_item_id,learning_item_version_id,source_id,source_file_path,source_item_key,source_commit,source_content_hash,knowledge_point_id,knowledge_point_name_en,knowledge_point_name_zh,question_stem_en,option_a_en,option_b_en,option_c_en,correct_option_key,zh_stem,zh_option_a,zh_option_b,zh_option_c,zh_explanation,explanation_data_json,translation_method,translation_version,translation_review_status,explanation_review_status,publish_decision,reviewer_id,reviewer_note
item-18c786b106a9c26ecac4,item-version-ad1a439f683b574063c1,microsoft-ml-for-beginners,quiz-app/src/assets/translations/en.json,json-0,d0d0ea2b2d22cddca31f9c6d108df7daa87a1b46,b278cb874c3e66ef48b20f766c69648f1f9331b9d414730f6461f2d6a3a5a27c,kp-ml-intro,Introduction to Machine Learning,机器学习简介,Applications of machine learning are all around us,True,False,,A,机器学习的应用无处不在,正确,错误,,本题考查“机器学习简介”，参考答案为 A：“正确”。,"{""correctOptionKey"":""A"",""correctReason"":""该陈述与课程中“机器学习简介”的说明一致，因此应选择“正确”。"",""generationMethod"":""machine_translation_plus_structural_template"",""generationVersion"":""en-zh-candidate-2026-08-12"",""localizedStem"":""机器学习的应用无处不在"",""memoryTip"":""复习“机器学习简介”时，先定位题干关键词，再逐项核对定义和适用条件。"",""optionReasons"":{""A"":""该陈述与课程中“机器学习简介”的说明一致，因此应选择“正确”。"",""B"":""“错误”不是本题参考答案；审核时需结合原课程补充它与正确选项的具体差异。""},""originalStem"":""Applications of machine learning are all around us"",""quality"":""structural_draft"",""requiresSubjectMatterReview"":true,""schemaVersion"":""quiz-explanation.v1"",""sourceUrls"":[""https://github.com/microsoft/ML-For-Beginners/blob/d0d0ea2b2d22cddca31f9c6d108df7daa87a1b46/quiz-app/src/assets/translations/en.json""],""summary"":""本题考查“机器学习简介”，参考答案为 A：“正确”。""}",public_machine_translation,en-zh-candidate-2026-08-12,pending,pending,hold,,
item-98949404cccf0c1a9911,item-version-80496b4af6822c413f03,microsoft-ml-for-beginners,quiz-app/src/assets/translations/en.json,json-1,d0d0ea2b2d22cddca31f9c6d108df7daa87a1b46,b278cb874c3e66ef48b20f766c69648f1f9331b9d414730f6461f2d6a3a5a27c,kp-ml-intro,Introduction to Machine Learning,机器学习简介,What is the technical difference between classical ML and deep learning?,classical ML was invented first,the use of neural networks,deep learning is used in robots,B,经典机器学习和深度学习之间的技术区别是什么？,经典机器学习最先被发明,神经网络的使用,深度学习应用于机器人,本题考查“机器学习简介”，参考答案为 B：“神经网络的使用”。,"{""correctOptionKey"":""B"",""correctReason"":""在给定选项中，“神经网络的使用”最符合题干对“机器学习简介”的描述或条件。"",""generationMethod"":""machine_translation_plus_structural_template"",""generationVersion"":""en-zh-candidate-2026-08-12"",""localizedStem"":""经典机器学习和深度学习之间的技术区别是什么？"",""memoryTip"":""复习“机器学习简介”时，先定位题干关键词，再逐项核对定义和适用条件。"",""optionReasons"":{""A"":""“经典机器学习最先被发明”不是本题参考答案；审核时需结合原课程补充它与正确选项的具体差异。"",""B"":""在给定选项中，“神经网络的使用”最符合题干对“机器学习简介”的描述或条件。"",""C"":""“深度学习应用于机器人”不是本题参考答案；审核时需结合原课程补充它与正确选项的具体差异。""},""originalStem"":""What is the technical difference between classical ML and deep learning?"",""quality"":""structural_draft"",""requiresSubjectMatterReview"":true,""schemaVersion"":""quiz-explanation.v1"",""sourceUrls"":[""https://github.com/microsoft/ML-For-Beginners/blob/d0d0ea2b2d22cddca31f9c6d108df7daa87a1b46/quiz-app/src/assets/translations/en.json""],""summary"":""本题考查“机器学习简介”，参考答案为 B：“神经网络的使用”。""}",public_machine_translation,en-zh-candidate-2026-08-12,pending,pending,hold,,
item-8b9fce098bbe0a93945c,item-version-905c886239baca2f4548,microsoft-ml-for-beginners,quiz-app/src/assets/translations/en.json,json-2,d0d0ea2b2d22cddca31f9c6d108df7daa87a1b46,b278cb874c3e66ef48b20f766c69648f1f9331b9d414730f6461f2d6a3a5a27c,kp-ml-intro,Introduction to Machine Learning,机器学习简介,Why might a business want to use ML strategies?,to automate the solving of multi-dimensional problems,to customize a shopping experience based on the type of customer,both of the above,C,为什么企业想要使用机器学习策略？,自动解决多维问题,根据客户类型定制购物体验,以上两者都是,本题考查“机器学习简介”，参考答案为 C：“以上两者都是”。,"{""correctOptionKey"":""C"",""correctReason"":""在给定选项中，“以上两者都是”最符合题干对“机器学习简介”的描述或条件。"",""generationMethod"":""machine_translation_plus_structural_template"",""generationVersion"":""en-zh-candidate-2026-08-12"",""localizedStem"":""为什么企业想要使用机器学习策略？"",""memoryTip"":""复习“机器学习简介”时，先定位题干关键词，再逐项核对定义和适用条件。"",""optionReasons"":{""A"":""“自动解决多维问题”不是本题参考答案；审核时需结合原课程补充它与正确选项的具体差异。"",""B"":""“根据客户类型定制购物体验”不是本题参考答案；审核时需结合原课程补充它与正确选项的具体差异。"",""C"":""在给定选项中，“以上两者都是”最符合题干对“机器学习简介”的描述或条件。""},""originalStem"":""Why might a business want to use ML strategies?"",""quality"":""structural_draft"",""requiresSubjectMatterReview"":true,""schemaVersion"":""quiz-explanation.v1"",""sourceUrls"":[""https://github.com/microsoft/ML-For-Beginners/blob/d0d0ea2b2d22cddca31f9c6d108df7daa87a1b46/quiz-app/src/assets/translations/en.json""],""summary"":""本题考查“机器学习简介”，参考答案为 C：“以上两者都是”。""}",public_machine_translation,en-zh-candidate-2026-08-12,pending,pending,hold,,
item-6af764196d9579819796,item-version-a88057bcd7eb0845b097,microsoft-ml-for-beginners,quiz-app/src/assets/translations/en.json,json-3,d0d0ea2b2d22cddca31f9c6d108df7daa87a1b46,b278cb874c3e66ef48b20f766c69648f1f9331b9d414730f6461f2d6a3a5a27c,kp-ml-intro,Introduction to Machine Learning,机器学习简介,Machine learning algorithms are meant to simulate,intelligent machines,the human brain,orangutans,B,机器学习算法旨在模拟,智能机器,人脑,猩猩,本题考查“机器学习简介”，参考答案为 B：“人脑”。,"{""correctOptionKey"":""B"",""correctReason"":""在给定选项中，“人脑”最符合题干对“机器学习简介”的描述或条件。"",""generationMethod"":""machine_translation_plus_structural_template"",""generationVersion"":""en-zh-candidate-2026-08-12"",""localizedStem"":""机器学习算法旨在模拟"",""memoryTip"":""复习“机器学习简介”时，先定位题干关键词，再逐项核对定义和适用条件。"",""optionReasons"":{""A"":""“智能机器”不是本题参考答案；审核时需结合原课程补充它与正确选项的具体差异。"",""B"":""在给定选项中，“人脑”最符合题干对“机器学习简介”的描述或条件。"",""C"":""“猩猩”不是本题参考答案；审核时需结合原课程补充它与正确选项的具体差异。""},""originalStem"":""Machine learning algorithms are meant to simulate"",""quality"":""structural_draft"",""requiresSubjectMatterReview"":true,""schemaVersion"":""quiz-explanation.v1"",""sourceUrls"":[""https://github.com/microsoft/ML-For-Beginners/blob/d0d0ea2b2d22cddca31f9c6d108df7daa87a1b46/quiz-app/src/assets/translations/en.json""],""summary"":""本题考查“机器学习简介”，参考答案为 B：“人脑”。""}",public_machine_translation,en-zh-candidate-2026-08-12,pending,pending,hold,,
item-1eef268c6d7c01470479,item-version-afd835fa51c4f61580f8,microsoft-ml-for-beginners,quiz-app/src/assets/translations/en.json,json-4,d0d0ea2b2d22cddca31f9c6d108df7daa87a1b46,b278cb874c3e66ef48b20f766c69648f1f9331b9d414730f6461f2d6a3a5a27c,kp-ml-intro,Introduction to Machine Learning,机器学习简介,What is an example of a classical ML technique?,natural language processing,deep learning,Neural Networks,A,经典机器学习技术的示例是什么？,自然语言处理,深度学习,神经网络,本题考查“机器学习简介”，参考答案为 A：“自然语言处理”。,"{""correctOptionKey"":""A"",""correctReason"":""在给定选项中，“自然语言处理”最符合题干对“机器学习简介”的描述或条件。"",""generationMethod"":""machine_translation_plus_structural_template"",""generationVersion"":""en-zh-candidate-2026-08-12"",""localizedStem"":""经典机器学习技术的示例是什么？"",""memoryTip"":""复习“机器学习简介”时，先定位题干关键词，再逐项核对定义和适用条件。"",""optionReasons"":{""A"":""在给定选项中，“自然语言处理”最符合题干对“机器学习简介”的描述或条件。"",""B"":""“深度学习”不是本题参考答案；审核时需结合原课程补充它与正确选项的具体差异。"",""C"":""“神经网络”不是本题参考答案；审核时需结合原课程补充它与正确选项的具体差异。""},""originalStem"":""What is an example of a classical ML technique?"",""quality"":""structural_draft"",""requiresSubjectMatterReview"":true,""schemaVersion"":""quiz-explanation.v1"",""sourceUrls"":[""https://github.com/microsoft/ML-For-Beginners/blob/d0d0ea2b2d22cddca31f9c6d108df7daa87a1b46/quiz-app/src/assets/translations/en.json""],""summary"":""本题考查“机器学习简介”，参考答案为 A：“自然语言处理”。""}",public_machine_translation,en-zh-candidate-2026-08-12,pending,pending,hold,,
item-c875c554b0ae8a2775aa,item-version-2ea8d7a8747e205bae0d,microsoft-ml-for-beginners,quiz-app/src/assets/translations/en.json,json-5,d0d0ea2b2d22cddca31f9c6d108df7daa87a1b46,b278cb874c3e66ef48b20f766c69648f1f9331b9d414730f6461f2d6a3a5a27c,kp-ml-intro,Introduction to Machine Learning,机器学习简介,Why should everyone learn the basics of ML?,learning ML is fun and accessible to everyone,ML strategies are being used in many industries and domains,both of the above,C,为什么每个人都应该学习 ML 的基础知识？,学习 ML 很有趣并且适合每个人,机器学习策略正在许多行业和领域得到应用,以上两者都是,本题考查“机器学习简介”，参考答案为 C：“以上两者都是”。,"{""correctOptionKey"":""C"",""correctReason"":""在给定选项中，“以上两者都是”最符合题干对“机器学习简介”的描述或条件。"",""generationMethod"":""machine_translation_plus_structural_template"",""generationVersion"":""en-zh-candidate-2026-08-12"",""localizedStem"":""为什么每个人都应该学习 ML 的基础知识？"",""memoryTip"":""复习“机器学习简介”时，先定位题干关键词，再逐项核对定义和适用条件。"",""optionReasons"":{""A"":""“学习 ML 很有趣并且适合每个人”不是本题参考答案；审核时需结合原课程补充它与正确选项的具体差异。"",""B"":""“机器学习策略正在许多行业和领域得到应用”不是本题参考答案；审核时需结合原课程补充它与正确选项的具体差异。"",""C"":""在给定选项中，“以上两者都是”最符合题干对“机器学习简介”的描述或条件。""},""originalStem"":""Why should everyone learn the basics of ML?"",""quality"":""structural_draft"",""requiresSubjectMatterReview"":true,""schemaVersion"":""quiz-explanation.v1"",""sourceUrls"":[""https://github.com/microsoft/ML-For-Beginners/blob/d0d0ea2b2d22cddca31f9c6d108df7daa87a1b46/quiz-app/src/assets/translations/en.json""],""summary"":""本题考查“机器学习简介”，参考答案为 C：“以上两者都是”。""}",public_machine_translation,en-zh-candidate-2026-08-12,pending,pending,hold,,
item-ce33c8dd06c3b94bc42d,item-version-73f210a3d00ea32386f1,microsoft-ml-for-beginners,quiz-app/src/assets/translations/en.json,json-6,d0d0ea2b2d22cddca31f9c6d108df7daa87a1b46,b278cb874c3e66ef48b20f766c69648f1f9331b9d414730f6461f2d6a3a5a27c,kp-ml-history,History of Machine Learning,机器学习的历史,Approximately when was the term 'artificial intelligence' coined?,1980s,1950s,1930s,B,“人工智能”这个词大约是什么时候被创造出来的？,20世纪80年代,20世纪50年代,20世纪30年代,本题考查“机器学习的历史”，参考答案为 B：“20世纪50年代”。,"{""correctOptionKey"":""B"",""correctReason"":""在给定选项中，“20世纪50年代”最符合题干对“机器学习的历史”的描述或条件。"",""generationMethod"":""machine_translation_plus_structural_template"",""generationVersion"":""en-zh-candidate-2026-08-12"",""localizedStem"":""“人工智能”这个词大约是什么时候被创造出来的？"",""memoryTip"":""复习“机器学习的历史”时，先定位题干关键词，再逐项核对定义和适用条件。"",""optionReasons"":{""A"":""“20世纪80年代”不是本题参考答案；审核时需结合原课程补充它与正确选项的具体差异。"",""B"":""在给定选项中，“20世纪50年代”最符合题干对“机器学习的历史”的描述或条件。"",""C"":""“20世纪30年代”不是本题参考答案；审核时需结合原课程补充它与正确选项的具体差异。""},""originalStem"":""Approximately when was the term 'artificial intelligence' coined?"",""quality"":""structural_draft"",""requiresSubjectMatterReview"":true,""schemaVersion"":""quiz-explanation.v1"",""sourceUrls"":[""https://github.com/microsoft/ML-For-Beginners/blob/d0d0ea2b2d22cddca31f9c6d108df7daa87a1b46/quiz-app/src/assets/translations/en.json""],""summary"":""本题考查“机器学习的历史”，参考答案为 B：“20世纪50年代”。""}",public_machine_translation,en-zh-candidate-2026-08-12,pending,pending,hold,,
item-cd9cfc3245d57e504b0a,item-version-9a81e32fc887b90bef75,microsoft-ml-for-beginners,quiz-app/src/assets/translations/en.json,json-7,d0d0ea2b2d22cddca31f9c6d108df7daa87a1b46,b278cb874c3e66ef48b20f766c69648f1f9331b9d414730f6461f2d6a3a5a27c,kp-ml-history,History of Machine Learning,机器学习的历史,Who was one of the early pioneers of machine learning?,Alan Turing,Bill Gates,Shakey the robot,A,谁是机器学习的早期先驱之一？,艾伦·图灵,比尔·盖茨,摇动机器人,本题考查“机器学习的历史”，参考答案为 A：“艾伦·图灵”。,"{""correctOptionKey"":""A"",""correctReason"":""在给定选项中，“艾伦·图灵”最符合题干对“机器学习的历史”的描述或条件。"",""generationMethod"":""machine_translation_plus_structural_template"",""generationVersion"":""en-zh-candidate-2026-08-12"",""localizedStem"":""谁是机器学习的早期先驱之一？"",""memoryTip"":""复习“机器学习的历史”时，先定位题干关键词，再逐项核对定义和适用条件。"",""optionReasons"":{""A"":""在给定选项中，“艾伦·图灵”最符合题干对“机器学习的历史”的描述或条件。"",""B"":""“比尔·盖茨”不是本题参考答案；审核时需结合原课程补充它与正确选项的具体差异。"",""C"":""“摇动机器人”不是本题参考答案；审核时需结合原课程补充它与正确选项的具体差异。""},""originalStem"":""Who was one of the early pioneers of machine learning?"",""quality"":""structural_draft"",""requiresSubjectMatterReview"":true,""schemaVersion"":""quiz-explanation.v1"",""sourceUrls"":[""https://github.com/microsoft/ML-For-Beginners/blob/d0d0ea2b2d22cddca31f9c6d108df7daa87a1b46/quiz-app/src/assets/translations/en.json""],""summary"":""本题考查“机器学习的历史”，参考答案为 A：“艾伦·图灵”。""}",public_machine_translation,en-zh-candidate-2026-08-12,pending,pending,hold,,
item-6e2630b56f56fec3c1f1,item-version-84abb67211b15157c065,microsoft-ml-for-beginners,quiz-app/src/assets/translations/en.json,json-8,d0d0ea2b2d22cddca31f9c6d108df7daa87a1b46,b278cb874c3e66ef48b20f766c69648f1f9331b9d414730f6461f2d6a3a5a27c,kp-ml-history,History of Machine Learning,机器学习的历史,What is one of the reasons that advancement in AI slowed in the 1970s?,Limited compute power,Not enough skilled engineers,Conflicts between countries,A,20 世纪 70 年代人工智能发展放缓的原因之一是什么？,计算能力有限,技术熟练的工程师不够,国家间的冲突,本题考查“机器学习的历史”，参考答案为 A：“计算能力有限”。,"{""correctOptionKey"":""A"",""correctReason"":""在给定选项中，“计算能力有限”最符合题干对“机器学习的历史”的描述或条件。"",""generationMethod"":""machine_translation_plus_structural_template"",""generationVersion"":""en-zh-candidate-2026-08-12"",""localizedStem"":""20 世纪 70 年代人工智能发展放缓的原因之一是什么？"",""memoryTip"":""复习“机器学习的历史”时，先定位题干关键词，再逐项核对定义和适用条件。"",""optionReasons"":{""A"":""在给定选项中，“计算能力有限”最符合题干对“机器学习的历史”的描述或条件。"",""B"":""“技术熟练的工程师不够”不是本题参考答案；审核时需结合原课程补充它与正确选项的具体差异。"",""C"":""“国家间的冲突”不是本题参考答案；审核时需结合原课程补充它与正确选项的具体差异。""},""originalStem"":""What is one of the reasons that advancement in AI slowed in the 1970s?"",""quality"":""structural_draft"",""requiresSubjectMatterReview"":true,""schemaVersion"":""quiz-explanation.v1"",""sourceUrls"":[""https://github.com/microsoft/ML-For-Beginners/blob/d0d0ea2b2d22cddca31f9c6d108df7daa87a1b46/quiz-app/src/assets/translations/en.json""],""summary"":""本题考查“机器学习的历史”，参考答案为 A：“计算能力有限”。""}",public_machine_translation,en-zh-candidate-2026-08-12,pending,pending,hold,,
item-9f05a916420cb83bbac9,item-version-2dfe5792fdaf70912397,microsoft-ml-for-beginners,quiz-app/src/assets/translations/en.json,json-9,d0d0ea2b2d22cddca31f9c6d108df7daa87a1b46,b278cb874c3e66ef48b20f766c69648f1f9331b9d414730f6461f2d6a3a5a27c,kp-ml-history,History of Machine Learning,机器学习的历史,What's an example of a 'scruffy' AI system?,ELIZA,HACKML,SSYSTEM,A,“蹩脚”人工智能系统的例子是什么？,ELIZA,HACKML,SSYSTEM,本题考查“机器学习的历史”，参考答案为 A：“ELIZA”。,"{""correctOptionKey"":""A"",""correctReason"":""在给定选项中，“ELIZA”最符合题干对“机器学习的历史”的描述或条件。"",""generationMethod"":""machine_translation_plus_structural_template"",""generationVersion"":""en-zh-candidate-2026-08-12"",""localizedStem"":""“蹩脚”人工智能系统的例子是什么？"",""memoryTip"":""复习“机器学习的历史”时，先定位题干关键词，再逐项核对定义和适用条件。"",""optionReasons"":{""A"":""在给定选项中，“ELIZA”最符合题干对“机器学习的历史”的描述或条件。"",""B"":""“HACKML”不是本题参考答案；审核时需结合原课程补充它与正确选项的具体差异。"",""C"":""“SSYSTEM”不是本题参考答案；审核时需结合原课程补充它与正确选项的具体差异。""},""originalStem"":""What's an example of a 'scruffy' AI system?"",""quality"":""structural_draft"",""requiresSubjectMatterReview"":true,""schemaVersion"":""quiz-explanation.v1"",""sourceUrls"":[""https://github.com/microsoft/ML-For-Beginners/blob/d0d0ea2b2d22cddca31f9c6d108df7daa87a1b46/quiz-app/src/assets/translations/en.json""],""summary"":""本题考查“机器学习的历史”，参考答案为 A：“ELIZA”。""}",public_machine_translation,en-zh-candidate-2026-08-12,pending,pending,hold,,
item-9c65f1ccb6ba7b6b9a15,item-version-0296b4dc5f1a1462c6aa,microsoft-ml-for-beginners,quiz-app/src/assets/translations/en.json,json-10,d0d0ea2b2d22cddca31f9c6d108df7daa87a1b46,b278cb874c3e66ef48b20f766c69648f1f9331b9d414730f6461f2d6a3a5a27c,kp-ml-history,History of Machine Learning,机器学习的历史,What is an example of a technology that was developed during 'The Golden Years'?,Blocks world,Jibo,Robot dogs,A,“黄金岁月”期间开发的技术的例子是什么？,积木世界,吉博,机器狗,本题考查“机器学习的历史”，参考答案为 A：“积木世界”。,"{""correctOptionKey"":""A"",""correctReason"":""在给定选项中，“积木世界”最符合题干对“机器学习的历史”的描述或条件。"",""generationMethod"":""machine_translation_plus_structural_template"",""generationVersion"":""en-zh-candidate-2026-08-12"",""localizedStem"":""“黄金岁月”期间开发的技术的例子是什么？"",""memoryTip"":""复习“机器学习的历史”时，先定位题干关键词，再逐项核对定义和适用条件。"",""optionReasons"":{""A"":""在给定选项中，“积木世界”最符合题干对“机器学习的历史”的描述或条件。"",""B"":""“吉博”不是本题参考答案；审核时需结合原课程补充它与正确选项的具体差异。"",""C"":""“机器狗”不是本题参考答案；审核时需结合原课程补充它与正确选项的具体差异。""},""originalStem"":""What is an example of a technology that was developed during 'The Golden Years'?"",""quality"":""structural_draft"",""requiresSubjectMatterReview"":true,""schemaVersion"":""quiz-explanation.v1"",""sourceUrls"":[""https://github.com/microsoft/ML-For-Beginners/blob/d0d0ea2b2d22cddca31f9c6d108df7daa87a1b46/quiz-app/src/assets/translations/en.json""],""summary"":""本题考查“机器学习的历史”，参考答案为 A：“积木世界”。""}",public_machine_translation,en-zh-candidate-2026-08-12,pending,pending,hold,,
item-f732dba826755361c6d1,item-version-70fb6a4d33c79e8ccac2,microsoft-ml-for-beginners,quiz-app/src/assets/translations/en.json,json-11,d0d0ea2b2d22cddca31f9c6d108df7daa87a1b46,b278cb874c3e66ef48b20f766c69648f1f9331b9d414730f6461f2d6a3a5a27c,kp-ml-history,History of Machine Learning,机器学习的历史,Which event was foundational in the creation and expansion of the field of artificial intelligence?,Turing Test,Dartmouth Summer Research Project,AI Winter,B,哪一事件对于人工智能领域的创建和扩展具有基础性？,图灵测试,达特茅斯夏季研究项目,人工智能冬天,本题考查“机器学习的历史”，参考答案为 B：“达特茅斯夏季研究项目”。,"{""correctOptionKey"":""B"",""correctReason"":""在给定选项中，“达特茅斯夏季研究项目”最符合题干对“机器学习的历史”的描述或条件。"",""generationMethod"":""machine_translation_plus_structural_template"",""generationVersion"":""en-zh-candidate-2026-08-12"",""localizedStem"":""哪一事件对于人工智能领域的创建和扩展具有基础性？"",""memoryTip"":""复习“机器学习的历史”时，先定位题干关键词，再逐项核对定义和适用条件。"",""optionReasons"":{""A"":""“图灵测试”不是本题参考答案；审核时需结合原课程补充它与正确选项的具体差异。"",""B"":""在给定选项中，“达特茅斯夏季研究项目”最符合题干对“机器学习的历史”的描述或条件。"",""C"":""“人工智能冬天”不是本题参考答案；审核时需结合原课程补充它与正确选项的具体差异。""},""originalStem"":""Which event was foundational in the creation and expansion of the field of artificial intelligence?"",""quality"":""structural_draft"",""requiresSubjectMatterReview"":true,""schemaVersion"":""quiz-explanation.v1"",""sourceUrls"":[""https://github.com/microsoft/ML-For-Beginners/blob/d0d0ea2b2d22cddca31f9c6d108df7daa87a1b46/quiz-app/src/assets/translations/en.json""],""summary"":""本题考查“机器学习的历史”，参考答案为 B：“达特茅斯夏季研究项目”。""}",public_machine_translation,en-zh-candidate-2026-08-12,pending,pending,hold,,
item-f932097e5231d3bb4d60,item-version-4e9449ec02ec20a0ade7,microsoft-ml-for-beginners,quiz-app/src/assets/translations/en.json,json-12,d0d0ea2b2d22cddca31f9c6d108df7daa87a1b46,b278cb874c3e66ef48b20f766c69648f1f9331b9d414730f6461f2d6a3a5a27c,kp-ml-fairness,Fairness and Machine Learning,公平与机器学习,Unfairness in Machine Learning can happen,intentionally,unintentionally,both of the above,C,机器学习中可能会出现不公平现象,故意地,无意中,以上两者都是,本题考查“公平与机器学习”，参考答案为 C：“以上两者都是”。,"{""correctOptionKey"":""C"",""correctReason"":""在给定选项中，“以上两者都是”最符合题干对“公平与机器学习”的描述或条件。"",""generationMethod"":""machine_translation_plus_structural_template"",""generationVersion"":""en-zh-candidate-2026-08-12"",""localizedStem"":""机器学习中可能会出现不公平现象"",""memoryTip"":""复习“公平与机器学习”时，先定位题干关键词，再逐项核对定义和适用条件。"",""optionReasons"":{""A"":""“故意地”不是本题参考答案；审核时需结合原课程补充它与正确选项的具体差异。"",""B"":""“无意中”不是本题参考答案；审核时需结合原课程补充它与正确选项的具体差异。"",""C"":""在给定选项中，“以上两者都是”最符合题干对“公平与机器学习”的描述或条件。""},""originalStem"":""Unfairness in Machine Learning can happen"",""quality"":""structural_draft"",""requiresSubjectMatterReview"":true,""schemaVersion"":""quiz-explanation.v1"",""sourceUrls"":[""https://github.com/microsoft/ML-For-Beginners/blob/d0d0ea2b2d22cddca31f9c6d108df7daa87a1b46/quiz-app/src/assets/translations/en.json""],""summary"":""本题考查“公平与机器学习”，参考答案为 C：“以上两者都是”。""}",public_machine_translation,en-zh-candidate-2026-08-12,pending,pending,hold,,
item-75e44310069424f503a9,item-version-40424ff87b5e02710c69,microsoft-ml-for-beginners,quiz-app/src/assets/translations/en.json,json-13,d0d0ea2b2d22cddca31f9c6d108df7daa87a1b46,b278cb874c3e66ef48b20f766c69648f1f9331b9d414730f6461f2d6a3a5a27c,kp-ml-fairness,Fairness and Machine Learning,公平与机器学习,The term 'unfairness' in ML connotes:,harms for a group of people,harm to one person,harms for the majority of people,A,机器学习中的“不公平”一词意味着：,对一群人造成伤害,对一个人造成伤害,对大多数人造成伤害,本题考查“公平与机器学习”，参考答案为 A：“对一群人造成伤害”。,"{""correctOptionKey"":""A"",""correctReason"":""在给定选项中，“对一群人造成伤害”最符合题干对“公平与机器学习”的描述或条件。"",""generationMethod"":""machine_translation_plus_structural_template"",""generationVersion"":""en-zh-candidate-2026-08-12"",""localizedStem"":""机器学习中的“不公平”一词意味着："",""memoryTip"":""复习“公平与机器学习”时，先定位题干关键词，再逐项核对定义和适用条件。"",""optionReasons"":{""A"":""在给定选项中，“对一群人造成伤害”最符合题干对“公平与机器学习”的描述或条件。"",""B"":""“对一个人造成伤害”不是本题参考答案；审核时需结合原课程补充它与正确选项的具体差异。"",""C"":""“对大多数人造成伤害”不是本题参考答案；审核时需结合原课程补充它与正确选项的具体差异。""},""originalStem"":""The term 'unfairness' in ML connotes:"",""quality"":""structural_draft"",""requiresSubjectMatterReview"":true,""schemaVersion"":""quiz-explanation.v1"",""sourceUrls"":[""https://github.com/microsoft/ML-For-Beginners/blob/d0d0ea2b2d22cddca31f9c6d108df7daa87a1b46/quiz-app/src/assets/translations/en.json""],""summary"":""本题考查“公平与机器学习”，参考答案为 A：“对一群人造成伤害”。""}",public_machine_translation,en-zh-candidate-2026-08-12,pending,pending,hold,,
item-af524f08f7cfacf66ed5,item-version-4b77c8a2e0a2c09e1a82,microsoft-ml-for-beginners,quiz-app/src/assets/translations/en.json,json-14,d0d0ea2b2d22cddca31f9c6d108df7daa87a1b46,b278cb874c3e66ef48b20f766c69648f1f9331b9d414730f6461f2d6a3a5a27c,kp-ml-fairness,Fairness and Machine Learning,公平与机器学习,The five main types of harms include,"allocation, quality of service, stereotyping, denigration, and over- or under- representation","elocation, quality of service, stereotyping, denigration, and over- or under- representation","allocation, quality of service, stereophonics, denigration, and over- or under- representation",A,五种主要危害类型包括,分配、服务质量、陈规定型观念、诽谤以及代表性过高或过低,异地安置、服务质量、陈规定型观念、诽谤以及代表性过高或过低,分配、服务质量、立体声、诽谤以及代表性过高或过低,本题考查“公平与机器学习”，参考答案为 A：“分配、服务质量、陈规定型观念、诽谤以及代表性过高或过低”。,"{""correctOptionKey"":""A"",""correctReason"":""在给定选项中，“分配、服务质量、陈规定型观念、诽谤以及代表性过高或过低”最符合题干对“公平与机器学习”的描述或条件。"",""generationMethod"":""machine_translation_plus_structural_template"",""generationVersion"":""en-zh-candidate-2026-08-12"",""localizedStem"":""五种主要危害类型包括"",""memoryTip"":""复习“公平与机器学习”时，先定位题干关键词，再逐项核对定义和适用条件。"",""optionReasons"":{""A"":""在给定选项中，“分配、服务质量、陈规定型观念、诽谤以及代表性过高或过低”最符合题干对“公平与机器学习”的描述或条件。"",""B"":""“异地安置、服务质量、陈规定型观念、诽谤以及代表性过高或过低”不是本题参考答案；审核时需结合原课程补充它与正确选项的具体差异。"",""C"":""“分配、服务质量、立体声、诽谤以及代表性过高或过低”不是本题参考答案；审核时需结合原课程补充它与正确选项的具体差异。""},""originalStem"":""The five main types of harms include"",""quality"":""structural_draft"",""requiresSubjectMatterReview"":true,""schemaVersion"":""quiz-explanation.v1"",""sourceUrls"":[""https://github.com/microsoft/ML-For-Beginners/blob/d0d0ea2b2d22cddca31f9c6d108df7daa87a1b46/quiz-app/src/assets/translations/en.json""],""summary"":""本题考查“公平与机器学习”，参考答案为 A：“分配、服务质量、陈规定型观念、诽谤以及代表性过高或过低”。""}",public_machine_translation,en-zh-candidate-2026-08-12,pending,pending,hold,,
item-dc8d5d0ae2d5464dea32,item-version-30a167af869ec0db3e29,microsoft-ml-for-beginners,quiz-app/src/assets/translations/en.json,json-15,d0d0ea2b2d22cddca31f9c6d108df7daa87a1b46,b278cb874c3e66ef48b20f766c69648f1f9331b9d414730f6461f2d6a3a5a27c,kp-ml-fairness,Fairness and Machine Learning,公平与机器学习,Unfairness in a model can be caused by,over reliance on historical data,under reliance on historical data,too closely aligning to historical data,A,模型中的不公平可能是由于,过度依赖历史数据,依赖历史数据,与历史数据过于接近,本题考查“公平与机器学习”，参考答案为 A：“过度依赖历史数据”。,"{""correctOptionKey"":""A"",""correctReason"":""在给定选项中，“过度依赖历史数据”最符合题干对“公平与机器学习”的描述或条件。"",""generationMethod"":""machine_translation_plus_structural_template"",""generationVersion"":""en-zh-candidate-2026-08-12"",""localizedStem"":""模型中的不公平可能是由于"",""memoryTip"":""复习“公平与机器学习”时，先定位题干关键词，再逐项核对定义和适用条件。"",""optionReasons"":{""A"":""在给定选项中，“过度依赖历史数据”最符合题干对“公平与机器学习”的描述或条件。"",""B"":""“依赖历史数据”不是本题参考答案；审核时需结合原课程补充它与正确选项的具体差异。"",""C"":""“与历史数据过于接近”不是本题参考答案；审核时需结合原课程补充它与正确选项的具体差异。""},""originalStem"":""Unfairness in a model can be caused by"",""quality"":""structural_draft"",""requiresSubjectMatterReview"":true,""schemaVersion"":""quiz-explanation.v1"",""sourceUrls"":[""https://github.com/microsoft/ML-For-Beginners/blob/d0d0ea2b2d22cddca31f9c6d108df7daa87a1b46/quiz-app/src/assets/translations/en.json""],""summary"":""本题考查“公平与机器学习”，参考答案为 A：“过度依赖历史数据”。""}",public_machine_translation,en-zh-candidate-2026-08-12,pending,pending,hold,,
item-085b4f28392947c567df,item-version-fe05f77ce48bb1d5eee9,microsoft-ml-for-beginners,quiz-app/src/assets/translations/en.json,json-16,d0d0ea2b2d22cddca31f9c6d108df7daa87a1b46,b278cb874c3e66ef48b20f766c69648f1f9331b9d414730f6461f2d6a3a5a27c,kp-ml-fairness,Fairness and Machine Learning,公平与机器学习,"To mitigate unfairness, you can",identify harms and affected groups,define fairness metrics,both the above,C,为了减少不公平现象，你可以,确定危害和受影响群体,定义公平性指标,以上两者,本题考查“公平与机器学习”，参考答案为 C：“以上两者”。,"{""correctOptionKey"":""C"",""correctReason"":""在给定选项中，“以上两者”最符合题干对“公平与机器学习”的描述或条件。"",""generationMethod"":""machine_translation_plus_structural_template"",""generationVersion"":""en-zh-candidate-2026-08-12"",""localizedStem"":""为了减少不公平现象，你可以"",""memoryTip"":""复习“公平与机器学习”时，先定位题干关键词，再逐项核对定义和适用条件。"",""optionReasons"":{""A"":""“确定危害和受影响群体”不是本题参考答案；审核时需结合原课程补充它与正确选项的具体差异。"",""B"":""“定义公平性指标”不是本题参考答案；审核时需结合原课程补充它与正确选项的具体差异。"",""C"":""在给定选项中，“以上两者”最符合题干对“公平与机器学习”的描述或条件。""},""originalStem"":""To mitigate unfairness, you can"",""quality"":""structural_draft"",""requiresSubjectMatterReview"":true,""schemaVersion"":""quiz-explanation.v1"",""sourceUrls"":[""https://github.com/microsoft/ML-For-Beginners/blob/d0d0ea2b2d22cddca31f9c6d108df7daa87a1b46/quiz-app/src/assets/translations/en.json""],""summary"":""本题考查“公平与机器学习”，参考答案为 C：“以上两者”。""}",public_machine_translation,en-zh-candidate-2026-08-12,pending,pending,hold,,
item-5f96c95137f04aa36c7f,item-version-a48b21a29ef04105ed1c,microsoft-ml-for-beginners,quiz-app/src/assets/translations/en.json,json-17,d0d0ea2b2d22cddca31f9c6d108df7daa87a1b46,b278cb874c3e66ef48b20f766c69648f1f9331b9d414730f6461f2d6a3a5a27c,kp-ml-fairness,Fairness and Machine Learning,公平与机器学习,Fairlearn is a package that can,compare multiple models by using fairness and performance metrics,choose the best model for your needs,help you decide what is fair and what is not,A,Fairlearn 是一个包，可以,使用公平性和性能指标比较多个模型,选择最适合您需求的型号,帮助您决定什么是公平的，什么是不公平的,本题考查“公平与机器学习”，参考答案为 A：“使用公平性和性能指标比较多个模型”。,"{""correctOptionKey"":""A"",""correctReason"":""在给定选项中，“使用公平性和性能指标比较多个模型”最符合题干对“公平与机器学习”的描述或条件。"",""generationMethod"":""machine_translation_plus_structural_template"",""generationVersion"":""en-zh-candidate-2026-08-12"",""localizedStem"":""Fairlearn 是一个包，可以"",""memoryTip"":""复习“公平与机器学习”时，先定位题干关键词，再逐项核对定义和适用条件。"",""optionReasons"":{""A"":""在给定选项中，“使用公平性和性能指标比较多个模型”最符合题干对“公平与机器学习”的描述或条件。"",""B"":""“选择最适合您需求的型号”不是本题参考答案；审核时需结合原课程补充它与正确选项的具体差异。"",""C"":""“帮助您决定什么是公平的，什么是不公平的”不是本题参考答案；审核时需结合原课程补充它与正确选项的具体差异。""},""originalStem"":""Fairlearn is a package that can"",""quality"":""structural_draft"",""requiresSubjectMatterReview"":true,""schemaVersion"":""quiz-explanation.v1"",""sourceUrls"":[""https://github.com/microsoft/ML-For-Beginners/blob/d0d0ea2b2d22cddca31f9c6d108df7daa87a1b46/quiz-app/src/assets/translations/en.json""],""summary"":""本题考查“公平与机器学习”，参考答案为 A：“使用公平性和性能指标比较多个模型”。""}",public_machine_translation,en-zh-candidate-2026-08-12,pending,pending,hold,,
item-c711bac8017976ace0c5,item-version-b704e6727b3438162a28,microsoft-ml-for-beginners,quiz-app/src/assets/translations/en.json,json-18,d0d0ea2b2d22cddca31f9c6d108df7daa87a1b46,b278cb874c3e66ef48b20f766c69648f1f9331b9d414730f6461f2d6a3a5a27c,kp-ml-tools,Tools and Techniques,工具和技术,"When building a model, you should:","prepare your data, then train your model","choose a training method, then prepare your data","tune parameters, then train your model",A,构建模型时，您应该：,准备数据，然后训练模型,选择训练方法，然后准备数据,调整参数，然后训练模型,本题考查“工具和技术”，参考答案为 A：“准备数据，然后训练模型”。,"{""correctOptionKey"":""A"",""correctReason"":""在给定选项中，“准备数据，然后训练模型”最符合题干对“工具和技术”的描述或条件。"",""generationMethod"":""machine_translation_plus_structural_template"",""generationVersion"":""en-zh-candidate-2026-08-12"",""localizedStem"":""构建模型时，您应该："",""memoryTip"":""复习“工具和技术”时，先定位题干关键词，再逐项核对定义和适用条件。"",""optionReasons"":{""A"":""在给定选项中，“准备数据，然后训练模型”最符合题干对“工具和技术”的描述或条件。"",""B"":""“选择训练方法，然后准备数据”不是本题参考答案；审核时需结合原课程补充它与正确选项的具体差异。"",""C"":""“调整参数，然后训练模型”不是本题参考答案；审核时需结合原课程补充它与正确选项的具体差异。""},""originalStem"":""When building a model, you should:"",""quality"":""structural_draft"",""requiresSubjectMatterReview"":true,""schemaVersion"":""quiz-explanation.v1"",""sourceUrls"":[""https://github.com/microsoft/ML-For-Beginners/blob/d0d0ea2b2d22cddca31f9c6d108df7daa87a1b46/quiz-app/src/assets/translations/en.json""],""summary"":""本题考查“工具和技术”，参考答案为 A：“准备数据，然后训练模型”。""}",public_machine_translation,en-zh-candidate-2026-08-12,pending,pending,hold,,
item-c21c6d75b8167311a3d6,item-version-3ca066d9ac423cc2067c,microsoft-ml-for-beginners,quiz-app/src/assets/translations/en.json,json-19,d0d0ea2b2d22cddca31f9c6d108df7daa87a1b46,b278cb874c3e66ef48b20f766c69648f1f9331b9d414730f6461f2d6a3a5a27c,kp-ml-tools,Tools and Techniques,工具和技术,Your data's ___ will impact the quality of your ML model,quantity,shape,both of the above,C,您的数据的 ___ 将影响您的机器学习模型的质量,数量,形状,以上两者都是,本题考查“工具和技术”，参考答案为 C：“以上两者都是”。,"{""correctOptionKey"":""C"",""correctReason"":""根据“工具和技术”相关术语，题干空缺应填“以上两者都是”。"",""generationMethod"":""machine_translation_plus_structural_template"",""generationVersion"":""en-zh-candidate-2026-08-12"",""localizedStem"":""您的数据的 ___ 将影响您的机器学习模型的质量"",""memoryTip"":""复习“工具和技术”时，先定位题干关键词，再逐项核对定义和适用条件。"",""optionReasons"":{""A"":""“数量”不是本题参考答案；审核时需结合原课程补充它与正确选项的具体差异。"",""B"":""“形状”不是本题参考答案；审核时需结合原课程补充它与正确选项的具体差异。"",""C"":""根据“工具和技术”相关术语，题干空缺应填“以上两者都是”。""},""originalStem"":""Your data's ___ will impact the quality of your ML model"",""quality"":""structural_draft"",""requiresSubjectMatterReview"":true,""schemaVersion"":""quiz-explanation.v1"",""sourceUrls"":[""https://github.com/microsoft/ML-For-Beginners/blob/d0d0ea2b2d22cddca31f9c6d108df7daa87a1b46/quiz-app/src/assets/translations/en.json""],""summary"":""本题考查“工具和技术”，参考答案为 C：“以上两者都是”。""}",public_machine_translation,en-zh-candidate-2026-08-12,pending,pending,hold,,
item-b19f822e1567a18f5aa2,item-version-d750096ff8275dacbba4,microsoft-ml-for-beginners,quiz-app/src/assets/translations/en.json,json-20,d0d0ea2b2d22cddca31f9c6d108df7daa87a1b46,b278cb874c3e66ef48b20f766c69648f1f9331b9d414730f6461f2d6a3a5a27c,kp-ml-tools,Tools and Techniques,工具和技术,A feature variable is:,a quality of your data,a measurable property of your data,a row of your data,B,特征变量是：,您的数据质量,数据的可测量属性,你的一行数据,本题考查“工具和技术”，参考答案为 B：“数据的可测量属性”。,"{""correctOptionKey"":""B"",""correctReason"":""在给定选项中，“数据的可测量属性”最符合题干对“工具和技术”的描述或条件。"",""generationMethod"":""machine_translation_plus_structural_template"",""generationVersion"":""en-zh-candidate-2026-08-12"",""localizedStem"":""特征变量是："",""memoryTip"":""复习“工具和技术”时，先定位题干关键词，再逐项核对定义和适用条件。"",""optionReasons"":{""A"":""“您的数据质量”不是本题参考答案；审核时需结合原课程补充它与正确选项的具体差异。"",""B"":""在给定选项中，“数据的可测量属性”最符合题干对“工具和技术”的描述或条件。"",""C"":""“你的一行数据”不是本题参考答案；审核时需结合原课程补充它与正确选项的具体差异。""},""originalStem"":""A feature variable is:"",""quality"":""structural_draft"",""requiresSubjectMatterReview"":true,""schemaVersion"":""quiz-explanation.v1"",""sourceUrls"":[""https://github.com/microsoft/ML-For-Beginners/blob/d0d0ea2b2d22cddca31f9c6d108df7daa87a1b46/quiz-app/src/assets/translations/en.json""],""summary"":""本题考查“工具和技术”，参考答案为 B：“数据的可测量属性”。""}",public_machine_translation,en-zh-candidate-2026-08-12,pending,pending,hold,,
item-84c0c579d88774f1415a,item-version-00c5b05f988cd0c5b091,microsoft-ml-for-beginners,quiz-app/src/assets/translations/en.json,json-21,d0d0ea2b2d22cddca31f9c6d108df7daa87a1b46,b278cb874c3e66ef48b20f766c69648f1f9331b9d414730f6461f2d6a3a5a27c,kp-ml-tools,Tools and Techniques,工具和技术,You should visualize your data because,you can discover outliers,you can discover potential cause for bias,both of these,C,您应该可视化您的数据，因为,你可以发现异常值,您可以发现偏见的潜在原因,这两个,本题考查“工具和技术”，参考答案为 C：“这两个”。,"{""correctOptionKey"":""C"",""correctReason"":""在给定选项中，“这两个”最符合题干对“工具和技术”的描述或条件。"",""generationMethod"":""machine_translation_plus_structural_template"",""generationVersion"":""en-zh-candidate-2026-08-12"",""localizedStem"":""您应该可视化您的数据，因为"",""memoryTip"":""复习“工具和技术”时，先定位题干关键词，再逐项核对定义和适用条件。"",""optionReasons"":{""A"":""“你可以发现异常值”不是本题参考答案；审核时需结合原课程补充它与正确选项的具体差异。"",""B"":""“您可以发现偏见的潜在原因”不是本题参考答案；审核时需结合原课程补充它与正确选项的具体差异。"",""C"":""在给定选项中，“这两个”最符合题干对“工具和技术”的描述或条件。""},""originalStem"":""You should visualize your data because"",""quality"":""structural_draft"",""requiresSubjectMatterReview"":true,""schemaVersion"":""quiz-explanation.v1"",""sourceUrls"":[""https://github.com/microsoft/ML-For-Beginners/blob/d0d0ea2b2d22cddca31f9c6d108df7daa87a1b46/quiz-app/src/assets/translations/en.json""],""summary"":""本题考查“工具和技术”，参考答案为 C：“这两个”。""}",public_machine_translation,en-zh-candidate-2026-08-12,pending,pending,hold,,
item-e2ea56faddd9431261cd,item-version-afab888235497364f54b,microsoft-ml-for-beginners,quiz-app/src/assets/translations/en.json,json-22,d0d0ea2b2d22cddca31f9c6d108df7daa87a1b46,b278cb874c3e66ef48b20f766c69648f1f9331b9d414730f6461f2d6a3a5a27c,kp-ml-tools,Tools and Techniques,工具和技术,Split your data into:,training and turing sets,training and test sets,validation and evaluation sets,B,将您的数据分为：,训练和图灵集,训练和测试集,验证和评估集,本题考查“工具和技术”，参考答案为 B：“训练和测试集”。,"{""correctOptionKey"":""B"",""correctReason"":""在给定选项中，“训练和测试集”最符合题干对“工具和技术”的描述或条件。"",""generationMethod"":""machine_translation_plus_structural_template"",""generationVersion"":""en-zh-candidate-2026-08-12"",""localizedStem"":""将您的数据分为："",""memoryTip"":""复习“工具和技术”时，先定位题干关键词，再逐项核对定义和适用条件。"",""optionReasons"":{""A"":""“训练和图灵集”不是本题参考答案；审核时需结合原课程补充它与正确选项的具体差异。"",""B"":""在给定选项中，“训练和测试集”最符合题干对“工具和技术”的描述或条件。"",""C"":""“验证和评估集”不是本题参考答案；审核时需结合原课程补充它与正确选项的具体差异。""},""originalStem"":""Split your data into:"",""quality"":""structural_draft"",""requiresSubjectMatterReview"":true,""schemaVersion"":""quiz-explanation.v1"",""sourceUrls"":[""https://github.com/microsoft/ML-For-Beginners/blob/d0d0ea2b2d22cddca31f9c6d108df7daa87a1b46/quiz-app/src/assets/translations/en.json""],""summary"":""本题考查“工具和技术”，参考答案为 B：“训练和测试集”。""}",public_machine_translation,en-zh-candidate-2026-08-12,pending,pending,hold,,
item-18b152203ff2befdbd6c,item-version-4cccbf87cb032637f1c0,microsoft-ml-for-beginners,quiz-app/src/assets/translations/en.json,json-23,d0d0ea2b2d22cddca31f9c6d108df7daa87a1b46,b278cb874c3e66ef48b20f766c69648f1f9331b9d414730f6461f2d6a3a5a27c,kp-ml-tools,Tools and Techniques,工具和技术,A common command to start the training process in various ML libraries is:,model.travel,model.train,model.fit,C,在各种 ML 库中启动训练过程的常用命令是：,模型.旅行,模型火车,模型拟合,本题考查“工具和技术”，参考答案为 C：“模型拟合”。,"{""correctOptionKey"":""C"",""correctReason"":""在给定选项中，“模型拟合”最符合题干对“工具和技术”的描述或条件。"",""generationMethod"":""machine_translation_plus_structural_template"",""generationVersion"":""en-zh-candidate-2026-08-12"",""localizedStem"":""在各种 ML 库中启动训练过程的常用命令是："",""memoryTip"":""复习“工具和技术”时，先定位题干关键词，再逐项核对定义和适用条件。"",""optionReasons"":{""A"":""“模型.旅行”不是本题参考答案；审核时需结合原课程补充它与正确选项的具体差异。"",""B"":""“模型火车”不是本题参考答案；审核时需结合原课程补充它与正确选项的具体差异。"",""C"":""在给定选项中，“模型拟合”最符合题干对“工具和技术”的描述或条件。""},""originalStem"":""A common command to start the training process in various ML libraries is:"",""quality"":""structural_draft"",""requiresSubjectMatterReview"":true,""schemaVersion"":""quiz-explanation.v1"",""sourceUrls"":[""https://github.com/microsoft/ML-For-Beginners/blob/d0d0ea2b2d22cddca31f9c6d108df7daa87a1b46/quiz-app/src/assets/translations/en.json""],""summary"":""本题考查“工具和技术”，参考答案为 C：“模型拟合”。""}",public_machine_translation,en-zh-candidate-2026-08-12,pending,pending,hold,,
item-3bc83b6056c68f07eadb,item-version-9cb1a60c15d9600d6f56,microsoft-ml-for-beginners,quiz-app/src/assets/translations/en.json,json-24,d0d0ea2b2d22cddca31f9c6d108df7daa87a1b46,b278cb874c3e66ef48b20f766c69648f1f9331b9d414730f6461f2d6a3a5a27c,kp-ml-regression-intro,Introduction to Regression,回归简介,Which of these variables is a numeric variable?,Height,Gender,Hair Color,A,这些变量中哪个是数值变量？,身高,性别,头发颜色,本题考查“回归简介”，参考答案为 A：“身高”。,"{""correctOptionKey"":""A"",""correctReason"":""在给定选项中，“身高”最符合题干对“回归简介”的描述或条件。"",""generationMethod"":""machine_translation_plus_structural_template"",""generationVersion"":""en-zh-candidate-2026-08-12"",""localizedStem"":""这些变量中哪个是数值变量？"",""memoryTip"":""复习“回归简介”时，先定位题干关键词，再逐项核对定义和适用条件。"",""optionReasons"":{""A"":""在给定选项中，“身高”最符合题干对“回归简介”的描述或条件。"",""B"":""“性别”不是本题参考答案；审核时需结合原课程补充它与正确选项的具体差异。"",""C"":""“头发颜色”不是本题参考答案；审核时需结合原课程补充它与正确选项的具体差异。""},""originalStem"":""Which of these variables is a numeric variable?"",""quality"":""structural_draft"",""requiresSubjectMatterReview"":true,""schemaVersion"":""quiz-explanation.v1"",""sourceUrls"":[""https://github.com/microsoft/ML-For-Beginners/blob/d0d0ea2b2d22cddca31f9c6d108df7daa87a1b46/quiz-app/src/assets/translations/en.json""],""summary"":""本题考查“回归简介”，参考答案为 A：“身高”。""}",public_machine_translation,en-zh-candidate-2026-08-12,pending,pending,hold,,
item-c0fa0ae76924ca226999,item-version-d50e1cfcbce15ee88ee4,microsoft-ml-for-beginners,quiz-app/src/assets/translations/en.json,json-25,d0d0ea2b2d22cddca31f9c6d108df7daa87a1b46,b278cb874c3e66ef48b20f766c69648f1f9331b9d414730f6461f2d6a3a5a27c,kp-ml-regression-intro,Introduction to Regression,回归简介,Which of these variables is a categorical variable?,Heart Rate,Blood Type,Weight,B,这些变量中哪个是分类变量？,心率,血型,重量,本题考查“回归简介”，参考答案为 B：“血型”。,"{""correctOptionKey"":""B"",""correctReason"":""在给定选项中，“血型”最符合题干对“回归简介”的描述或条件。"",""generationMethod"":""machine_translation_plus_structural_template"",""generationVersion"":""en-zh-candidate-2026-08-12"",""localizedStem"":""这些变量中哪个是分类变量？"",""memoryTip"":""复习“回归简介”时，先定位题干关键词，再逐项核对定义和适用条件。"",""optionReasons"":{""A"":""“心率”不是本题参考答案；审核时需结合原课程补充它与正确选项的具体差异。"",""B"":""在给定选项中，“血型”最符合题干对“回归简介”的描述或条件。"",""C"":""“重量”不是本题参考答案；审核时需结合原课程补充它与正确选项的具体差异。""},""originalStem"":""Which of these variables is a categorical variable?"",""quality"":""structural_draft"",""requiresSubjectMatterReview"":true,""schemaVersion"":""quiz-explanation.v1"",""sourceUrls"":[""https://github.com/microsoft/ML-For-Beginners/blob/d0d0ea2b2d22cddca31f9c6d108df7daa87a1b46/quiz-app/src/assets/translations/en.json""],""summary"":""本题考查“回归简介”，参考答案为 B：“血型”。""}",public_machine_translation,en-zh-candidate-2026-08-12,pending,pending,hold,,
item-eb6b77844f9c010dfd1a,item-version-5d18e777190a3b98f1a5,microsoft-ml-for-beginners,quiz-app/src/assets/translations/en.json,json-26,d0d0ea2b2d22cddca31f9c6d108df7daa87a1b46,b278cb874c3e66ef48b20f766c69648f1f9331b9d414730f6461f2d6a3a5a27c,kp-ml-regression-intro,Introduction to Regression,回归简介,Which of these problems is a Regression analysis-based problem?,Predicting the final exam marks of a student,Predicting the blood type of a person,Predicting whether an email is spam or not,A,以下哪些问题是基于回归分析的问题？,预测学生的期末考试成绩,预测一个人的血型,预测电子邮件是否为垃圾邮件,本题考查“回归简介”，参考答案为 A：“预测学生的期末考试成绩”。,"{""correctOptionKey"":""A"",""correctReason"":""在给定选项中，“预测学生的期末考试成绩”最符合题干对“回归简介”的描述或条件。"",""generationMethod"":""machine_translation_plus_structural_template"",""generationVersion"":""en-zh-candidate-2026-08-12"",""localizedStem"":""以下哪些问题是基于回归分析的问题？"",""memoryTip"":""复习“回归简介”时，先定位题干关键词，再逐项核对定义和适用条件。"",""optionReasons"":{""A"":""在给定选项中，“预测学生的期末考试成绩”最符合题干对“回归简介”的描述或条件。"",""B"":""“预测一个人的血型”不是本题参考答案；审核时需结合原课程补充它与正确选项的具体差异。"",""C"":""“预测电子邮件是否为垃圾邮件”不是本题参考答案；审核时需结合原课程补充它与正确选项的具体差异。""},""originalStem"":""Which of these problems is a Regression analysis-based problem?"",""quality"":""structural_draft"",""requiresSubjectMatterReview"":true,""schemaVersion"":""quiz-explanation.v1"",""sourceUrls"":[""https://github.com/microsoft/ML-For-Beginners/blob/d0d0ea2b2d22cddca31f9c6d108df7daa87a1b46/quiz-app/src/assets/translations/en.json""],""summary"":""本题考查“回归简介”，参考答案为 A：“预测学生的期末考试成绩”。""}",public_machine_translation,en-zh-candidate-2026-08-12,pending,pending,hold,,
item-c68fcb2c15c47a804775,item-version-e21a1f609f0d97b4130f,microsoft-ml-for-beginners,quiz-app/src/assets/translations/en.json,json-27,d0d0ea2b2d22cddca31f9c6d108df7daa87a1b46,b278cb874c3e66ef48b20f766c69648f1f9331b9d414730f6461f2d6a3a5a27c,kp-ml-regression-intro,Introduction to Regression,回归简介,"If your Machine Learning model's training accuracy is 95 % and the testing accuracy is 30 %, then what type of condition it is called?",Overfitting,Underfitting,Double Fitting,A,如果你的机器学习模型的训练准确率是 95%，测试准确率是 30%，那么它被称为什么类型的条件？,过拟合,欠拟合,双接头,本题考查“回归简介”，参考答案为 A：“过拟合”。,"{""correctOptionKey"":""A"",""correctReason"":""在给定选项中，“过拟合”最符合题干对“回归简介”的描述或条件。"",""generationMethod"":""machine_translation_plus_structural_template"",""generationVersion"":""en-zh-candidate-2026-08-12"",""localizedStem"":""如果你的机器学习模型的训练准确率是 95%，测试准确率是 30%，那么它被称为什么类型的条件？"",""memoryTip"":""复习“回归简介”时，先定位题干关键词，再逐项核对定义和适用条件。"",""optionReasons"":{""A"":""在给定选项中，“过拟合”最符合题干对“回归简介”的描述或条件。"",""B"":""“欠拟合”不是本题参考答案；审核时需结合原课程补充它与正确选项的具体差异。"",""C"":""“双接头”不是本题参考答案；审核时需结合原课程补充它与正确选项的具体差异。""},""originalStem"":""If your Machine Learning model's training accuracy is 95 % and the testing accuracy is 30 %, then what type of condition it is called?"",""quality"":""structural_draft"",""requiresSubjectMatterReview"":true,""schemaVersion"":""quiz-explanation.v1"",""sourceUrls"":[""https://github.com/microsoft/ML-For-Beginners/blob/d0d0ea2b2d22cddca31f9c6d108df7daa87a1b46/quiz-app/src/assets/translations/en.json""],""summary"":""本题考查“回归简介”，参考答案为 A：“过拟合”。""}",public_machine_translation,en-zh-candidate-2026-08-12,pending,pending,hold,,
item-bffdf9bcdca385464e0f,item-version-8f0ac055cd793d41c44b,microsoft-ml-for-beginners,quiz-app/src/assets/translations/en.json,json-28,d0d0ea2b2d22cddca31f9c6d108df7daa87a1b46,b278cb874c3e66ef48b20f766c69648f1f9331b9d414730f6461f2d6a3a5a27c,kp-ml-regression-intro,Introduction to Regression,回归简介,The process of identifying significant features from a set of features is called:,Feature Extraction,Feature Dimensionality Reduction,Feature Selection,C,从一组特征中识别重要特征的过程称为：,特征提取,特征降维,特征选择,本题考查“回归简介”，参考答案为 C：“特征选择”。,"{""correctOptionKey"":""C"",""correctReason"":""在给定选项中，“特征选择”最符合题干对“回归简介”的描述或条件。"",""generationMethod"":""machine_translation_plus_structural_template"",""generationVersion"":""en-zh-candidate-2026-08-12"",""localizedStem"":""从一组特征中识别重要特征的过程称为："",""memoryTip"":""复习“回归简介”时，先定位题干关键词，再逐项核对定义和适用条件。"",""optionReasons"":{""A"":""“特征提取”不是本题参考答案；审核时需结合原课程补充它与正确选项的具体差异。"",""B"":""“特征降维”不是本题参考答案；审核时需结合原课程补充它与正确选项的具体差异。"",""C"":""在给定选项中，“特征选择”最符合题干对“回归简介”的描述或条件。""},""originalStem"":""The process of identifying significant features from a set of features is called:"",""quality"":""structural_draft"",""requiresSubjectMatterReview"":true,""schemaVersion"":""quiz-explanation.v1"",""sourceUrls"":[""https://github.com/microsoft/ML-For-Beginners/blob/d0d0ea2b2d22cddca31f9c6d108df7daa87a1b46/quiz-app/src/assets/translations/en.json""],""summary"":""本题考查“回归简介”，参考答案为 C：“特征选择”。""}",public_machine_translation,en-zh-candidate-2026-08-12,pending,pending,hold,,
item-052077d4fe34939b54b4,item-version-ed1cc682690176cdee6b,microsoft-ml-for-beginners,quiz-app/src/assets/translations/en.json,json-29,d0d0ea2b2d22cddca31f9c6d108df7daa87a1b46,b278cb874c3e66ef48b20f766c69648f1f9331b9d414730f6461f2d6a3a5a27c,kp-ml-regression-intro,Introduction to Regression,回归简介,The process of splitting a dataset into a certain ratio of training and testing dataset using Scikit Learn's 'train_test_split()' method/function is called:,Cross-Validation,Hold-Out Validation,Leave one out Validation,B,使用 Scikit Learn 的“train_test_split()”方法/函数将数据集拆分为一定比例的训练和测试数据集的过程称为：,交叉验证,保留验证,保留一项 验证,本题考查“回归简介”，参考答案为 B：“保留验证”。,"{""correctOptionKey"":""B"",""correctReason"":""在给定选项中，“保留验证”最符合题干对“回归简介”的描述或条件。"",""generationMethod"":""machine_translation_plus_structural_template"",""generationVersion"":""en-zh-candidate-2026-08-12"",""localizedStem"":""使用 Scikit Learn 的“train_test_split()”方法/函数将数据集拆分为一定比例的训练和测试数据集的过程称为："",""memoryTip"":""复习“回归简介”时，先定位题干关键词，再逐项核对定义和适用条件。"",""optionReasons"":{""A"":""“交叉验证”不是本题参考答案；审核时需结合原课程补充它与正确选项的具体差异。"",""B"":""在给定选项中，“保留验证”最符合题干对“回归简介”的描述或条件。"",""C"":""“保留一项 验证”不是本题参考答案；审核时需结合原课程补充它与正确选项的具体差异。""},""originalStem"":""The process of splitting a dataset into a certain ratio of training and testing dataset using Scikit Learn's 'train_test_split()' method/function is called:"",""quality"":""structural_draft"",""requiresSubjectMatterReview"":true,""schemaVersion"":""quiz-explanation.v1"",""sourceUrls"":[""https://github.com/microsoft/ML-For-Beginners/blob/d0d0ea2b2d22cddca31f9c6d108df7daa87a1b46/quiz-app/src/assets/translations/en.json""],""summary"":""本题考查“回归简介”，参考答案为 B：“保留验证”。""}",public_machine_translation,en-zh-candidate-2026-08-12,pending,pending,hold,,
item-33b512b745631313b2d9,item-version-c1da518758ed08ed336f,microsoft-ml-for-beginners,quiz-app/src/assets/translations/en.json,json-30,d0d0ea2b2d22cddca31f9c6d108df7daa87a1b46,b278cb874c3e66ef48b20f766c69648f1f9331b9d414730f6461f2d6a3a5a27c,kp-ml-regression-data,Prepare and Visualize Data for Regression,准备和可视化数据以进行回归,Which of these Python modules is used to plot the visualization of data?,Numpy,Scikit-learn,Matplotlib,C,以下哪些 Python 模块用于绘制数据可视化？,NumPy,Scikit-learn,Matplotlib,本题考查“准备和可视化数据以进行回归”，参考答案为 C：“Matplotlib”。,"{""correctOptionKey"":""C"",""correctReason"":""在给定选项中，“Matplotlib”最符合题干对“准备和可视化数据以进行回归”的描述或条件。"",""generationMethod"":""machine_translation_plus_structural_template"",""generationVersion"":""en-zh-candidate-2026-08-12"",""localizedStem"":""以下哪些 Python 模块用于绘制数据可视化？"",""memoryTip"":""复习“准备和可视化数据以进行回归”时，先定位题干关键词，再逐项核对定义和适用条件。"",""optionReasons"":{""A"":""“NumPy”不是本题参考答案；审核时需结合原课程补充它与正确选项的具体差异。"",""B"":""“Scikit-learn”不是本题参考答案；审核时需结合原课程补充它与正确选项的具体差异。"",""C"":""在给定选项中，“Matplotlib”最符合题干对“准备和可视化数据以进行回归”的描述或条件。""},""originalStem"":""Which of these Python modules is used to plot the visualization of data?"",""quality"":""structural_draft"",""requiresSubjectMatterReview"":true,""schemaVersion"":""quiz-explanation.v1"",""sourceUrls"":[""https://github.com/microsoft/ML-For-Beginners/blob/d0d0ea2b2d22cddca31f9c6d108df7daa87a1b46/quiz-app/src/assets/translations/en.json""],""summary"":""本题考查“准备和可视化数据以进行回归”，参考答案为 C：“Matplotlib”。""}",public_machine_translation,en-zh-candidate-2026-08-12,pending,pending,hold,,
item-0577eb1d80e5755cb032,item-version-1879747deb42dd1d7e71,microsoft-ml-for-beginners,quiz-app/src/assets/translations/en.json,json-31,d0d0ea2b2d22cddca31f9c6d108df7daa87a1b46,b278cb874c3e66ef48b20f766c69648f1f9331b9d414730f6461f2d6a3a5a27c,kp-ml-regression-data,Prepare and Visualize Data for Regression,准备和可视化数据以进行回归,"If you want to understand the spread or the other characteristics of data points of your dataset, then perform:",Data Visualization,Data Preprocessing,Train Test Split,A,如果您想了解数据集数据点的分布或其他特征，请执行：,数据可视化,数据预处理,训练测试分割,本题考查“准备和可视化数据以进行回归”，参考答案为 A：“数据可视化”。,"{""correctOptionKey"":""A"",""correctReason"":""在给定选项中，“数据可视化”最符合题干对“准备和可视化数据以进行回归”的描述或条件。"",""generationMethod"":""machine_translation_plus_structural_template"",""generationVersion"":""en-zh-candidate-2026-08-12"",""localizedStem"":""如果您想了解数据集数据点的分布或其他特征，请执行："",""memoryTip"":""复习“准备和可视化数据以进行回归”时，先定位题干关键词，再逐项核对定义和适用条件。"",""optionReasons"":{""A"":""在给定选项中，“数据可视化”最符合题干对“准备和可视化数据以进行回归”的描述或条件。"",""B"":""“数据预处理”不是本题参考答案；审核时需结合原课程补充它与正确选项的具体差异。"",""C"":""“训练测试分割”不是本题参考答案；审核时需结合原课程补充它与正确选项的具体差异。""},""originalStem"":""If you want to understand the spread or the other characteristics of data points of your dataset, then perform:"",""quality"":""structural_draft"",""requiresSubjectMatterReview"":true,""schemaVersion"":""quiz-explanation.v1"",""sourceUrls"":[""https://github.com/microsoft/ML-For-Beginners/blob/d0d0ea2b2d22cddca31f9c6d108df7daa87a1b46/quiz-app/src/assets/translations/en.json""],""summary"":""本题考查“准备和可视化数据以进行回归”，参考答案为 A：“数据可视化”。""}",public_machine_translation,en-zh-candidate-2026-08-12,pending,pending,hold,,
item-e1faeea32d6f3c5223ce,item-version-92df9de00c0175871d6f,microsoft-ml-for-beginners,quiz-app/src/assets/translations/en.json,json-32,d0d0ea2b2d22cddca31f9c6d108df7daa87a1b46,b278cb874c3e66ef48b20f766c69648f1f9331b9d414730f6461f2d6a3a5a27c,kp-ml-regression-data,Prepare and Visualize Data for Regression,准备和可视化数据以进行回归,Which of these is a part of the Data Visualization step in a Machine Learning project?,Incorporating a certain Machine Learning algorithm,Creating a pictorial representation of data using different plotting methods,Normalizing the values of a dataset,B,以下哪一项是机器学习项目中数据可视化步骤的一部分？,结合一定的机器学习算法,使用不同的绘图方法创建数据的图形表示,标准化数据集的值,本题考查“准备和可视化数据以进行回归”，参考答案为 B：“使用不同的绘图方法创建数据的图形表示”。,"{""correctOptionKey"":""B"",""correctReason"":""在给定选项中，“使用不同的绘图方法创建数据的图形表示”最符合题干对“准备和可视化数据以进行回归”的描述或条件。"",""generationMethod"":""machine_translation_plus_structural_template"",""generationVersion"":""en-zh-candidate-2026-08-12"",""localizedStem"":""以下哪一项是机器学习项目中数据可视化步骤的一部分？"",""memoryTip"":""复习“准备和可视化数据以进行回归”时，先定位题干关键词，再逐项核对定义和适用条件。"",""optionReasons"":{""A"":""“结合一定的机器学习算法”不是本题参考答案；审核时需结合原课程补充它与正确选项的具体差异。"",""B"":""在给定选项中，“使用不同的绘图方法创建数据的图形表示”最符合题干对“准备和可视化数据以进行回归”的描述或条件。"",""C"":""“标准化数据集的值”不是本题参考答案；审核时需结合原课程补充它与正确选项的具体差异。""},""originalStem"":""Which of these is a part of the Data Visualization step in a Machine Learning project?"",""quality"":""structural_draft"",""requiresSubjectMatterReview"":true,""schemaVersion"":""quiz-explanation.v1"",""sourceUrls"":[""https://github.com/microsoft/ML-For-Beginners/blob/d0d0ea2b2d22cddca31f9c6d108df7daa87a1b46/quiz-app/src/assets/translations/en.json""],""summary"":""本题考查“准备和可视化数据以进行回归”，参考答案为 B：“使用不同的绘图方法创建数据的图形表示”。""}",public_machine_translation,en-zh-candidate-2026-08-12,pending,pending,hold,,
item-005e2d6666c7efdc9918,item-version-d8f664340d13a54a9d37,microsoft-ml-for-beginners,quiz-app/src/assets/translations/en.json,json-33,d0d0ea2b2d22cddca31f9c6d108df7daa87a1b46,b278cb874c3e66ef48b20f766c69648f1f9331b9d414730f6461f2d6a3a5a27c,kp-ml-regression-data,Prepare and Visualize Data for Regression,准备和可视化数据以进行回归,"Which of these code snippets is correct based on this lesson, if you want to check for the presence of missing values in your dataset? Suppose the dataset is stored in a variable named 'dataset' which is a Pandas DataFrame object.",dataset.isnull().sum(),findMissing(dataset),sum(null(dataset)),A,如果您想检查数据集中是否存在缺失值，根据本课程，以下哪些代码片段是正确的？假设数据集存储在名为“dataset”的变量中，该变量是 Pandas DataFrame 对象。,dataset.isnull().sum(),查找缺失（数据集）,总和（空（数据集））,本题考查“准备和可视化数据以进行回归”，参考答案为 A：“dataset.isnull().sum()”。,"{""correctOptionKey"":""A"",""correctReason"":""在给定选项中，“dataset.isnull().sum()”最符合题干对“准备和可视化数据以进行回归”的描述或条件。"",""generationMethod"":""machine_translation_plus_structural_template"",""generationVersion"":""en-zh-candidate-2026-08-12"",""localizedStem"":""如果您想检查数据集中是否存在缺失值，根据本课程，以下哪些代码片段是正确的？假设数据集存储在名为“dataset”的变量中，该变量是 Pandas DataFrame 对象。"",""memoryTip"":""复习“准备和可视化数据以进行回归”时，先定位题干关键词，再逐项核对定义和适用条件。"",""optionReasons"":{""A"":""在给定选项中，“dataset.isnull().sum()”最符合题干对“准备和可视化数据以进行回归”的描述或条件。"",""B"":""“查找缺失（数据集）”不是本题参考答案；审核时需结合原课程补充它与正确选项的具体差异。"",""C"":""“总和（空（数据集））”不是本题参考答案；审核时需结合原课程补充它与正确选项的具体差异。""},""originalStem"":""Which of these code snippets is correct based on this lesson, if you want to check for the presence of missing values in your dataset? Suppose the dataset is stored in a variable named 'dataset' which is a Pandas DataFrame object."",""quality"":""structural_draft"",""requiresSubjectMatterReview"":true,""schemaVersion"":""quiz-explanation.v1"",""sourceUrls"":[""https://github.com/microsoft/ML-For-Beginners/blob/d0d0ea2b2d22cddca31f9c6d108df7daa87a1b46/quiz-app/src/assets/translations/en.json""],""summary"":""本题考查“准备和可视化数据以进行回归”，参考答案为 A：“dataset.isnull().sum()”。""}",public_machine_translation,en-zh-candidate-2026-08-12,pending,pending,hold,,
item-b51473989fefa9ecad30,item-version-c8481f33b9ed039219b9,microsoft-ml-for-beginners,quiz-app/src/assets/translations/en.json,json-34,d0d0ea2b2d22cddca31f9c6d108df7daa87a1b46,b278cb874c3e66ef48b20f766c69648f1f9331b9d414730f6461f2d6a3a5a27c,kp-ml-regression-data,Prepare and Visualize Data for Regression,准备和可视化数据以进行回归,Which of these plotting methods is useful when you would like to understand the spread of different groups of datapoints from your dataset?,Scatter Plot,Line Plot,Bar Plot,C,当您想了解数据集中不同组数据点的分布情况时，哪种绘图方法有用？,散点图,线图,条形图,本题考查“准备和可视化数据以进行回归”，参考答案为 C：“条形图”。,"{""correctOptionKey"":""C"",""correctReason"":""在给定选项中，“条形图”最符合题干对“准备和可视化数据以进行回归”的描述或条件。"",""generationMethod"":""machine_translation_plus_structural_template"",""generationVersion"":""en-zh-candidate-2026-08-12"",""localizedStem"":""当您想了解数据集中不同组数据点的分布情况时，哪种绘图方法有用？"",""memoryTip"":""复习“准备和可视化数据以进行回归”时，先定位题干关键词，再逐项核对定义和适用条件。"",""optionReasons"":{""A"":""“散点图”不是本题参考答案；审核时需结合原课程补充它与正确选项的具体差异。"",""B"":""“线图”不是本题参考答案；审核时需结合原课程补充它与正确选项的具体差异。"",""C"":""在给定选项中，“条形图”最符合题干对“准备和可视化数据以进行回归”的描述或条件。""},""originalStem"":""Which of these plotting methods is useful when you would like to understand the spread of different groups of datapoints from your dataset?"",""quality"":""structural_draft"",""requiresSubjectMatterReview"":true,""schemaVersion"":""quiz-explanation.v1"",""sourceUrls"":[""https://github.com/microsoft/ML-For-Beginners/blob/d0d0ea2b2d22cddca31f9c6d108df7daa87a1b46/quiz-app/src/assets/translations/en.json""],""summary"":""本题考查“准备和可视化数据以进行回归”，参考答案为 C：“条形图”。""}",public_machine_translation,en-zh-candidate-2026-08-12,pending,pending,hold,,
item-47caf573a1bafba28a4e,item-version-12a5652f3fc85d037e9f,microsoft-ml-for-beginners,quiz-app/src/assets/translations/en.json,json-35,d0d0ea2b2d22cddca31f9c6d108df7daa87a1b46,b278cb874c3e66ef48b20f766c69648f1f9331b9d414730f6461f2d6a3a5a27c,kp-ml-regression-data,Prepare and Visualize Data for Regression,准备和可视化数据以进行回归,What can Data Visualization NOT tell you?,Relationships among datapoints,The source from where the dataset is collected,Finding the presence of outliers in the dataset,B,数据可视化不能告诉您什么？,数据点之间的关系,收集数据集的来源,查找数据集中是否存在异常值,本题考查“准备和可视化数据以进行回归”，参考答案为 B：“收集数据集的来源”。,"{""correctOptionKey"":""B"",""correctReason"":""在给定选项中，“收集数据集的来源”最符合题干对“准备和可视化数据以进行回归”的描述或条件。"",""generationMethod"":""machine_translation_plus_structural_template"",""generationVersion"":""en-zh-candidate-2026-08-12"",""localizedStem"":""数据可视化不能告诉您什么？"",""memoryTip"":""复习“准备和可视化数据以进行回归”时，先定位题干关键词，再逐项核对定义和适用条件。"",""optionReasons"":{""A"":""“数据点之间的关系”不是本题参考答案；审核时需结合原课程补充它与正确选项的具体差异。"",""B"":""在给定选项中，“收集数据集的来源”最符合题干对“准备和可视化数据以进行回归”的描述或条件。"",""C"":""“查找数据集中是否存在异常值”不是本题参考答案；审核时需结合原课程补充它与正确选项的具体差异。""},""originalStem"":""What can Data Visualization NOT tell you?"",""quality"":""structural_draft"",""requiresSubjectMatterReview"":true,""schemaVersion"":""quiz-explanation.v1"",""sourceUrls"":[""https://github.com/microsoft/ML-For-Beginners/blob/d0d0ea2b2d22cddca31f9c6d108df7daa87a1b46/quiz-app/src/assets/translations/en.json""],""summary"":""本题考查“准备和可视化数据以进行回归”，参考答案为 B：“收集数据集的来源”。""}",public_machine_translation,en-zh-candidate-2026-08-12,pending,pending,hold,,
item-65c49e2fd7c93e07fcff,item-version-7717d3af747c09a3344f,microsoft-ml-for-beginners,quiz-app/src/assets/translations/en.json,json-36,d0d0ea2b2d22cddca31f9c6d108df7daa87a1b46,b278cb874c3e66ef48b20f766c69648f1f9331b9d414730f6461f2d6a3a5a27c,kp-ml-linear-polynomial-regression,Linear and Polynomial Regression,线性和多项式回归,Matplotlib is a,drawing library,data visualization library,lending library,B,Matplotlib 是一个,绘图库,数据可视化库,借阅图书馆,本题考查“线性和多项式回归”，参考答案为 B：“数据可视化库”。,"{""correctOptionKey"":""B"",""correctReason"":""在给定选项中，“数据可视化库”最符合题干对“线性和多项式回归”的描述或条件。"",""generationMethod"":""machine_translation_plus_structural_template"",""generationVersion"":""en-zh-candidate-2026-08-12"",""localizedStem"":""Matplotlib 是一个"",""memoryTip"":""复习“线性和多项式回归”时，先定位题干关键词，再逐项核对定义和适用条件。"",""optionReasons"":{""A"":""“绘图库”不是本题参考答案；审核时需结合原课程补充它与正确选项的具体差异。"",""B"":""在给定选项中，“数据可视化库”最符合题干对“线性和多项式回归”的描述或条件。"",""C"":""“借阅图书馆”不是本题参考答案；审核时需结合原课程补充它与正确选项的具体差异。""},""originalStem"":""Matplotlib is a"",""quality"":""structural_draft"",""requiresSubjectMatterReview"":true,""schemaVersion"":""quiz-explanation.v1"",""sourceUrls"":[""https://github.com/microsoft/ML-For-Beginners/blob/d0d0ea2b2d22cddca31f9c6d108df7daa87a1b46/quiz-app/src/assets/translations/en.json""],""summary"":""本题考查“线性和多项式回归”，参考答案为 B：“数据可视化库”。""}",public_machine_translation,en-zh-candidate-2026-08-12,pending,pending,hold,,
item-81011cfc902ccb20fce2,item-version-57e404f67df1bd13991e,microsoft-ml-for-beginners,quiz-app/src/assets/translations/en.json,json-37,d0d0ea2b2d22cddca31f9c6d108df7daa87a1b46,b278cb874c3e66ef48b20f766c69648f1f9331b9d414730f6461f2d6a3a5a27c,kp-ml-linear-polynomial-regression,Linear and Polynomial Regression,线性和多项式回归,Linear Regression uses the following to plot relationships between variables,a straight line,a circle,a curve,A,线性回归使用以下内容来绘制变量之间的关系,一条直线,一个圆圈,一条曲线,本题考查“线性和多项式回归”，参考答案为 A：“一条直线”。,"{""correctOptionKey"":""A"",""correctReason"":""在给定选项中，“一条直线”最符合题干对“线性和多项式回归”的描述或条件。"",""generationMethod"":""machine_translation_plus_structural_template"",""generationVersion"":""en-zh-candidate-2026-08-12"",""localizedStem"":""线性回归使用以下内容来绘制变量之间的关系"",""memoryTip"":""复习“线性和多项式回归”时，先定位题干关键词，再逐项核对定义和适用条件。"",""optionReasons"":{""A"":""在给定选项中，“一条直线”最符合题干对“线性和多项式回归”的描述或条件。"",""B"":""“一个圆圈”不是本题参考答案；审核时需结合原课程补充它与正确选项的具体差异。"",""C"":""“一条曲线”不是本题参考答案；审核时需结合原课程补充它与正确选项的具体差异。""},""originalStem"":""Linear Regression uses the following to plot relationships between variables"",""quality"":""structural_draft"",""requiresSubjectMatterReview"":true,""schemaVersion"":""quiz-explanation.v1"",""sourceUrls"":[""https://github.com/microsoft/ML-For-Beginners/blob/d0d0ea2b2d22cddca31f9c6d108df7daa87a1b46/quiz-app/src/assets/translations/en.json""],""summary"":""本题考查“线性和多项式回归”，参考答案为 A：“一条直线”。""}",public_machine_translation,en-zh-candidate-2026-08-12,pending,pending,hold,,
item-5aedc4b3724653498974,item-version-8fbe8092799930acf72c,microsoft-ml-for-beginners,quiz-app/src/assets/translations/en.json,json-38,d0d0ea2b2d22cddca31f9c6d108df7daa87a1b46,b278cb874c3e66ef48b20f766c69648f1f9331b9d414730f6461f2d6a3a5a27c,kp-ml-linear-polynomial-regression,Linear and Polynomial Regression,线性和多项式回归,A good Linear Regression model has a ___ Correlation Coefficient,low,high,flat,B,一个好的线性回归模型具有 ___ 相关系数,低,高,平坦,本题考查“线性和多项式回归”，参考答案为 B：“高”。,"{""correctOptionKey"":""B"",""correctReason"":""根据“线性和多项式回归”相关术语，题干空缺应填“高”。"",""generationMethod"":""machine_translation_plus_structural_template"",""generationVersion"":""en-zh-candidate-2026-08-12"",""localizedStem"":""一个好的线性回归模型具有 ___ 相关系数"",""memoryTip"":""复习“线性和多项式回归”时，先定位题干关键词，再逐项核对定义和适用条件。"",""optionReasons"":{""A"":""“低”不是本题参考答案；审核时需结合原课程补充它与正确选项的具体差异。"",""B"":""根据“线性和多项式回归”相关术语，题干空缺应填“高”。"",""C"":""“平坦”不是本题参考答案；审核时需结合原课程补充它与正确选项的具体差异。""},""originalStem"":""A good Linear Regression model has a ___ Correlation Coefficient"",""quality"":""structural_draft"",""requiresSubjectMatterReview"":true,""schemaVersion"":""quiz-explanation.v1"",""sourceUrls"":[""https://github.com/microsoft/ML-For-Beginners/blob/d0d0ea2b2d22cddca31f9c6d108df7daa87a1b46/quiz-app/src/assets/translations/en.json""],""summary"":""本题考查“线性和多项式回归”，参考答案为 B：“高”。""}",public_machine_translation,en-zh-candidate-2026-08-12,pending,pending,hold,,
item-d345727d141da99cca3d,item-version-90e5aeb788cfb3a85fc0,microsoft-ml-for-beginners,quiz-app/src/assets/translations/en.json,json-39,d0d0ea2b2d22cddca31f9c6d108df7daa87a1b46,b278cb874c3e66ef48b20f766c69648f1f9331b9d414730f6461f2d6a3a5a27c,kp-ml-linear-polynomial-regression,Linear and Polynomial Regression,线性和多项式回归,"If your data is nonlinear, try a ___ type of Regression",linear,spherical,polynomial,C,如果您的数据是非线性的，请尝试 ___ 类型的回归,线性,球形的,多项式,本题考查“线性和多项式回归”，参考答案为 C：“多项式”。,"{""correctOptionKey"":""C"",""correctReason"":""根据“线性和多项式回归”相关术语，题干空缺应填“多项式”。"",""generationMethod"":""machine_translation_plus_structural_template"",""generationVersion"":""en-zh-candidate-2026-08-12"",""localizedStem"":""如果您的数据是非线性的，请尝试 ___ 类型的回归"",""memoryTip"":""复习“线性和多项式回归”时，先定位题干关键词，再逐项核对定义和适用条件。"",""optionReasons"":{""A"":""“线性”不是本题参考答案；审核时需结合原课程补充它与正确选项的具体差异。"",""B"":""“球形的”不是本题参考答案；审核时需结合原课程补充它与正确选项的具体差异。"",""C"":""根据“线性和多项式回归”相关术语，题干空缺应填“多项式”。""},""originalStem"":""If your data is nonlinear, try a ___ type of Regression"",""quality"":""structural_draft"",""requiresSubjectMatterReview"":true,""schemaVersion"":""quiz-explanation.v1"",""sourceUrls"":[""https://github.com/microsoft/ML-For-Beginners/blob/d0d0ea2b2d22cddca31f9c6d108df7daa87a1b46/quiz-app/src/assets/translations/en.json""],""summary"":""本题考查“线性和多项式回归”，参考答案为 C：“多项式”。""}",public_machine_translation,en-zh-candidate-2026-08-12,pending,pending,hold,,
item-837bc1c86c030bf5d94c,item-version-be3110f61e25825bd251,microsoft-ml-for-beginners,quiz-app/src/assets/translations/en.json,json-40,d0d0ea2b2d22cddca31f9c6d108df7daa87a1b46,b278cb874c3e66ef48b20f766c69648f1f9331b9d414730f6461f2d6a3a5a27c,kp-ml-linear-polynomial-regression,Linear and Polynomial Regression,线性和多项式回归,These are all types of Regression methods,"Falsestep, Ridge, Lasso and Elasticnet","Stepwise, Ridge, Lasso and Elasticnet","Stepwise, Ridge, Lariat and Elasticnet",B,这些都是回归方法的类型,Falsestep、Ridge、Lasso 和 Elasticnet,逐步、Ridge、Lasso 和 Elasticnet,Stepwise、Ridge、Lariat 和 Elasticnet,本题考查“线性和多项式回归”，参考答案为 B：“逐步、Ridge、Lasso 和 Elasticnet”。,"{""correctOptionKey"":""B"",""correctReason"":""在给定选项中，“逐步、Ridge、Lasso 和 Elasticnet”最符合题干对“线性和多项式回归”的描述或条件。"",""generationMethod"":""machine_translation_plus_structural_template"",""generationVersion"":""en-zh-candidate-2026-08-12"",""localizedStem"":""这些都是回归方法的类型"",""memoryTip"":""复习“线性和多项式回归”时，先定位题干关键词，再逐项核对定义和适用条件。"",""optionReasons"":{""A"":""“Falsestep、Ridge、Lasso 和 Elasticnet”不是本题参考答案；审核时需结合原课程补充它与正确选项的具体差异。"",""B"":""在给定选项中，“逐步、Ridge、Lasso 和 Elasticnet”最符合题干对“线性和多项式回归”的描述或条件。"",""C"":""“Stepwise、Ridge、Lariat 和 Elasticnet”不是本题参考答案；审核时需结合原课程补充它与正确选项的具体差异。""},""originalStem"":""These are all types of Regression methods"",""quality"":""structural_draft"",""requiresSubjectMatterReview"":true,""schemaVersion"":""quiz-explanation.v1"",""sourceUrls"":[""https://github.com/microsoft/ML-For-Beginners/blob/d0d0ea2b2d22cddca31f9c6d108df7daa87a1b46/quiz-app/src/assets/translations/en.json""],""summary"":""本题考查“线性和多项式回归”，参考答案为 B：“逐步、Ridge、Lasso 和 Elasticnet”。""}",public_machine_translation,en-zh-candidate-2026-08-12,pending,pending,hold,,
item-595f83d3287bdc0eee7f,item-version-e14b669773d026e2d480,microsoft-ml-for-beginners,quiz-app/src/assets/translations/en.json,json-41,d0d0ea2b2d22cddca31f9c6d108df7daa87a1b46,b278cb874c3e66ef48b20f766c69648f1f9331b9d414730f6461f2d6a3a5a27c,kp-ml-linear-polynomial-regression,Linear and Polynomial Regression,线性和多项式回归,Least-Squares Regression means that all the datapoints surrounding the regression line are:,squared and then subtracted,multiplied,squared and then added up,C,最小二乘回归意味着回归线周围的所有数据点是：,平方然后减去,乘以,平方然后相加,本题考查“线性和多项式回归”，参考答案为 C：“平方然后相加”。,"{""correctOptionKey"":""C"",""correctReason"":""在给定选项中，“平方然后相加”最符合题干对“线性和多项式回归”的描述或条件。"",""generationMethod"":""machine_translation_plus_structural_template"",""generationVersion"":""en-zh-candidate-2026-08-12"",""localizedStem"":""最小二乘回归意味着回归线周围的所有数据点是："",""memoryTip"":""复习“线性和多项式回归”时，先定位题干关键词，再逐项核对定义和适用条件。"",""optionReasons"":{""A"":""“平方然后减去”不是本题参考答案；审核时需结合原课程补充它与正确选项的具体差异。"",""B"":""“乘以”不是本题参考答案；审核时需结合原课程补充它与正确选项的具体差异。"",""C"":""在给定选项中，“平方然后相加”最符合题干对“线性和多项式回归”的描述或条件。""},""originalStem"":""Least-Squares Regression means that all the datapoints surrounding the regression line are:"",""quality"":""structural_draft"",""requiresSubjectMatterReview"":true,""schemaVersion"":""quiz-explanation.v1"",""sourceUrls"":[""https://github.com/microsoft/ML-For-Beginners/blob/d0d0ea2b2d22cddca31f9c6d108df7daa87a1b46/quiz-app/src/assets/translations/en.json""],""summary"":""本题考查“线性和多项式回归”，参考答案为 C：“平方然后相加”。""}",public_machine_translation,en-zh-candidate-2026-08-12,pending,pending,hold,,
item-d1e58fc9fbdc1537a96b,item-version-7c9b83634a45be64cb7a,microsoft-ml-for-beginners,quiz-app/src/assets/translations/en.json,json-42,d0d0ea2b2d22cddca31f9c6d108df7daa87a1b46,b278cb874c3e66ef48b20f766c69648f1f9331b9d414730f6461f2d6a3a5a27c,kp-ml-logistic-regression,Logistic Regression,逻辑回归,Use Logistic Regression to predict,whether an apple is ripe or not,how many tickets can be sold in a month,what color the sky will turn tomorrow at 6 PM,A,使用逻辑回归进行预测,苹果是否成熟,一个月可以卖多少张票,明天下午 6 点天空会变成什么颜色,本题考查“逻辑回归”，参考答案为 A：“苹果是否成熟”。,"{""correctOptionKey"":""A"",""correctReason"":""在给定选项中，“苹果是否成熟”最符合题干对“逻辑回归”的描述或条件。"",""generationMethod"":""machine_translation_plus_structural_template"",""generationVersion"":""en-zh-candidate-2026-08-12"",""localizedStem"":""使用逻辑回归进行预测"",""memoryTip"":""复习“逻辑回归”时，先定位题干关键词，再逐项核对定义和适用条件。"",""optionReasons"":{""A"":""在给定选项中，“苹果是否成熟”最符合题干对“逻辑回归”的描述或条件。"",""B"":""“一个月可以卖多少张票”不是本题参考答案；审核时需结合原课程补充它与正确选项的具体差异。"",""C"":""“明天下午 6 点天空会变成什么颜色”不是本题参考答案；审核时需结合原课程补充它与正确选项的具体差异。""},""originalStem"":""Use Logistic Regression to predict"",""quality"":""structural_draft"",""requiresSubjectMatterReview"":true,""schemaVersion"":""quiz-explanation.v1"",""sourceUrls"":[""https://github.com/microsoft/ML-For-Beginners/blob/d0d0ea2b2d22cddca31f9c6d108df7daa87a1b46/quiz-app/src/assets/translations/en.json""],""summary"":""本题考查“逻辑回归”，参考答案为 A：“苹果是否成熟”。""}",public_machine_translation,en-zh-candidate-2026-08-12,pending,pending,hold,,
item-10240d13729b1c88c1af,item-version-e5601941bd3fdf11a3ed,microsoft-ml-for-beginners,quiz-app/src/assets/translations/en.json,json-43,d0d0ea2b2d22cddca31f9c6d108df7daa87a1b46,b278cb874c3e66ef48b20f766c69648f1f9331b9d414730f6461f2d6a3a5a27c,kp-ml-logistic-regression,Logistic Regression,逻辑回归,Types of Logistic Regression include,multinomial and cardinal,multinomial and ordinal,principal and ordinal,B,逻辑回归的类型包括,多项式和基数,多项式和序数,主数和序数,本题考查“逻辑回归”，参考答案为 B：“多项式和序数”。,"{""correctOptionKey"":""B"",""correctReason"":""在给定选项中，“多项式和序数”最符合题干对“逻辑回归”的描述或条件。"",""generationMethod"":""machine_translation_plus_structural_template"",""generationVersion"":""en-zh-candidate-2026-08-12"",""localizedStem"":""逻辑回归的类型包括"",""memoryTip"":""复习“逻辑回归”时，先定位题干关键词，再逐项核对定义和适用条件。"",""optionReasons"":{""A"":""“多项式和基数”不是本题参考答案；审核时需结合原课程补充它与正确选项的具体差异。"",""B"":""在给定选项中，“多项式和序数”最符合题干对“逻辑回归”的描述或条件。"",""C"":""“主数和序数”不是本题参考答案；审核时需结合原课程补充它与正确选项的具体差异。""},""originalStem"":""Types of Logistic Regression include"",""quality"":""structural_draft"",""requiresSubjectMatterReview"":true,""schemaVersion"":""quiz-explanation.v1"",""sourceUrls"":[""https://github.com/microsoft/ML-For-Beginners/blob/d0d0ea2b2d22cddca31f9c6d108df7daa87a1b46/quiz-app/src/assets/translations/en.json""],""summary"":""本题考查“逻辑回归”，参考答案为 B：“多项式和序数”。""}",public_machine_translation,en-zh-candidate-2026-08-12,pending,pending,hold,,
item-f293fce96d5e7d194407,item-version-6cd8d353a357569fcedd,microsoft-ml-for-beginners,quiz-app/src/assets/translations/en.json,json-44,d0d0ea2b2d22cddca31f9c6d108df7daa87a1b46,b278cb874c3e66ef48b20f766c69648f1f9331b9d414730f6461f2d6a3a5a27c,kp-ml-logistic-regression,Logistic Regression,逻辑回归,Your data has weak correlations. The best type of Regression to use is:,Logistic,Linear,Cardinal,A,您的数据相关性较弱。最好使用的回归类型是：,物流,线性,红衣主教,本题考查“逻辑回归”，参考答案为 A：“物流”。,"{""correctOptionKey"":""A"",""correctReason"":""在给定选项中，“物流”最符合题干对“逻辑回归”的描述或条件。"",""generationMethod"":""machine_translation_plus_structural_template"",""generationVersion"":""en-zh-candidate-2026-08-12"",""localizedStem"":""您的数据相关性较弱。最好使用的回归类型是："",""memoryTip"":""复习“逻辑回归”时，先定位题干关键词，再逐项核对定义和适用条件。"",""optionReasons"":{""A"":""在给定选项中，“物流”最符合题干对“逻辑回归”的描述或条件。"",""B"":""“线性”不是本题参考答案；审核时需结合原课程补充它与正确选项的具体差异。"",""C"":""“红衣主教”不是本题参考答案；审核时需结合原课程补充它与正确选项的具体差异。""},""originalStem"":""Your data has weak correlations. The best type of Regression to use is:"",""quality"":""structural_draft"",""requiresSubjectMatterReview"":true,""schemaVersion"":""quiz-explanation.v1"",""sourceUrls"":[""https://github.com/microsoft/ML-For-Beginners/blob/d0d0ea2b2d22cddca31f9c6d108df7daa87a1b46/quiz-app/src/assets/translations/en.json""],""summary"":""本题考查“逻辑回归”，参考答案为 A：“物流”。""}",public_machine_translation,en-zh-candidate-2026-08-12,pending,pending,hold,,
item-9f1996e813d26a7a4b70,item-version-55b298a27778440f286f,microsoft-ml-for-beginners,quiz-app/src/assets/translations/en.json,json-45,d0d0ea2b2d22cddca31f9c6d108df7daa87a1b46,b278cb874c3e66ef48b20f766c69648f1f9331b9d414730f6461f2d6a3a5a27c,kp-ml-logistic-regression,Logistic Regression,逻辑回归,Seaborn is a type of,data visualization library,mapping library,mathematical library,A,Seaborn 是一种,数据可视化库,映射库,数学库,本题考查“逻辑回归”，参考答案为 A：“数据可视化库”。,"{""correctOptionKey"":""A"",""correctReason"":""在给定选项中，“数据可视化库”最符合题干对“逻辑回归”的描述或条件。"",""generationMethod"":""machine_translation_plus_structural_template"",""generationVersion"":""en-zh-candidate-2026-08-12"",""localizedStem"":""Seaborn 是一种"",""memoryTip"":""复习“逻辑回归”时，先定位题干关键词，再逐项核对定义和适用条件。"",""optionReasons"":{""A"":""在给定选项中，“数据可视化库”最符合题干对“逻辑回归”的描述或条件。"",""B"":""“映射库”不是本题参考答案；审核时需结合原课程补充它与正确选项的具体差异。"",""C"":""“数学库”不是本题参考答案；审核时需结合原课程补充它与正确选项的具体差异。""},""originalStem"":""Seaborn is a type of"",""quality"":""structural_draft"",""requiresSubjectMatterReview"":true,""schemaVersion"":""quiz-explanation.v1"",""sourceUrls"":[""https://github.com/microsoft/ML-For-Beginners/blob/d0d0ea2b2d22cddca31f9c6d108df7daa87a1b46/quiz-app/src/assets/translations/en.json""],""summary"":""本题考查“逻辑回归”，参考答案为 A：“数据可视化库”。""}",public_machine_translation,en-zh-candidate-2026-08-12,pending,pending,hold,,
item-d402e2a21702237b2bbb,item-version-996e7723da8c34b92ff7,microsoft-ml-for-beginners,quiz-app/src/assets/translations/en.json,json-46,d0d0ea2b2d22cddca31f9c6d108df7daa87a1b46,b278cb874c3e66ef48b20f766c69648f1f9331b9d414730f6461f2d6a3a5a27c,kp-ml-logistic-regression,Logistic Regression,逻辑回归,A confusion matrix is also known as a:,error matrix,truth matrix,accuracy matrix,A,混淆矩阵也称为：,误差矩阵,真值矩阵,精度矩阵,本题考查“逻辑回归”，参考答案为 A：“误差矩阵”。,"{""correctOptionKey"":""A"",""correctReason"":""在给定选项中，“误差矩阵”最符合题干对“逻辑回归”的描述或条件。"",""generationMethod"":""machine_translation_plus_structural_template"",""generationVersion"":""en-zh-candidate-2026-08-12"",""localizedStem"":""混淆矩阵也称为："",""memoryTip"":""复习“逻辑回归”时，先定位题干关键词，再逐项核对定义和适用条件。"",""optionReasons"":{""A"":""在给定选项中，“误差矩阵”最符合题干对“逻辑回归”的描述或条件。"",""B"":""“真值矩阵”不是本题参考答案；审核时需结合原课程补充它与正确选项的具体差异。"",""C"":""“精度矩阵”不是本题参考答案；审核时需结合原课程补充它与正确选项的具体差异。""},""originalStem"":""A confusion matrix is also known as a:"",""quality"":""structural_draft"",""requiresSubjectMatterReview"":true,""schemaVersion"":""quiz-explanation.v1"",""sourceUrls"":[""https://github.com/microsoft/ML-For-Beginners/blob/d0d0ea2b2d22cddca31f9c6d108df7daa87a1b46/quiz-app/src/assets/translations/en.json""],""summary"":""本题考查“逻辑回归”，参考答案为 A：“误差矩阵”。""}",public_machine_translation,en-zh-candidate-2026-08-12,pending,pending,hold,,
item-327755b4d4d458e420f3,item-version-5b9e82ea4cb0bf6ebf8a,microsoft-ml-for-beginners,quiz-app/src/assets/translations/en.json,json-47,d0d0ea2b2d22cddca31f9c6d108df7daa87a1b46,b278cb874c3e66ef48b20f766c69648f1f9331b9d414730f6461f2d6a3a5a27c,kp-ml-logistic-regression,Logistic Regression,逻辑回归,A good model will have:,a large number of false positives and true negatives in its confusion matrix,a large number of true positives and true negatives in its confusion matrix,a large number of true positives and false negatives in its confusion matrix,B,一个好的模型将具有：,其混淆矩阵中有大量误报和真阴性,其混淆矩阵中有大量真阳性和真阴性,其混淆矩阵中有大量真阳性和假阴性,本题考查“逻辑回归”，参考答案为 B：“其混淆矩阵中有大量真阳性和真阴性”。,"{""correctOptionKey"":""B"",""correctReason"":""在给定选项中，“其混淆矩阵中有大量真阳性和真阴性”最符合题干对“逻辑回归”的描述或条件。"",""generationMethod"":""machine_translation_plus_structural_template"",""generationVersion"":""en-zh-candidate-2026-08-12"",""localizedStem"":""一个好的模型将具有："",""memoryTip"":""复习“逻辑回归”时，先定位题干关键词，再逐项核对定义和适用条件。"",""optionReasons"":{""A"":""“其混淆矩阵中有大量误报和真阴性”不是本题参考答案；审核时需结合原课程补充它与正确选项的具体差异。"",""B"":""在给定选项中，“其混淆矩阵中有大量真阳性和真阴性”最符合题干对“逻辑回归”的描述或条件。"",""C"":""“其混淆矩阵中有大量真阳性和假阴性”不是本题参考答案；审核时需结合原课程补充它与正确选项的具体差异。""},""originalStem"":""A good model will have:"",""quality"":""structural_draft"",""requiresSubjectMatterReview"":true,""schemaVersion"":""quiz-explanation.v1"",""sourceUrls"":[""https://github.com/microsoft/ML-For-Beginners/blob/d0d0ea2b2d22cddca31f9c6d108df7daa87a1b46/quiz-app/src/assets/translations/en.json""],""summary"":""本题考查“逻辑回归”，参考答案为 B：“其混淆矩阵中有大量真阳性和真阴性”。""}",public_machine_translation,en-zh-candidate-2026-08-12,pending,pending,hold,,
item-f3c9fe101d02efa32392,item-version-5c6d8eda56e9b4bc2734,microsoft-ml-for-beginners,quiz-app/src/assets/translations/en.json,json-48,d0d0ea2b2d22cddca31f9c6d108df7daa87a1b46,b278cb874c3e66ef48b20f766c69648f1f9331b9d414730f6461f2d6a3a5a27c,kp-ml-web-app,Build a Web App,构建网络应用程序,What does ONNX stand for?,Over Neural Network Exchange,Open Neural Network Exchange,Output Neural Network Exchange,B,ONNX 代表什么？,通过神经网络交换,开放神经网络交换,输出神经网络交换,本题考查“构建网络应用程序”，参考答案为 B：“开放神经网络交换”。,"{""correctOptionKey"":""B"",""correctReason"":""在给定选项中，“开放神经网络交换”最符合题干对“构建网络应用程序”的描述或条件。"",""generationMethod"":""machine_translation_plus_structural_template"",""generationVersion"":""en-zh-candidate-2026-08-12"",""localizedStem"":""ONNX 代表什么？"",""memoryTip"":""复习“构建网络应用程序”时，先定位题干关键词，再逐项核对定义和适用条件。"",""optionReasons"":{""A"":""“通过神经网络交换”不是本题参考答案；审核时需结合原课程补充它与正确选项的具体差异。"",""B"":""在给定选项中，“开放神经网络交换”最符合题干对“构建网络应用程序”的描述或条件。"",""C"":""“输出神经网络交换”不是本题参考答案；审核时需结合原课程补充它与正确选项的具体差异。""},""originalStem"":""What does ONNX stand for?"",""quality"":""structural_draft"",""requiresSubjectMatterReview"":true,""schemaVersion"":""quiz-explanation.v1"",""sourceUrls"":[""https://github.com/microsoft/ML-For-Beginners/blob/d0d0ea2b2d22cddca31f9c6d108df7daa87a1b46/quiz-app/src/assets/translations/en.json""],""summary"":""本题考查“构建网络应用程序”，参考答案为 B：“开放神经网络交换”。""}",public_machine_translation,en-zh-candidate-2026-08-12,pending,pending,hold,,
item-affffbd055570ec934fe,item-version-0366886ff91844555853,microsoft-ml-for-beginners,quiz-app/src/assets/translations/en.json,json-49,d0d0ea2b2d22cddca31f9c6d108df7daa87a1b46,b278cb874c3e66ef48b20f766c69648f1f9331b9d414730f6461f2d6a3a5a27c,kp-ml-web-app,Build a Web App,构建网络应用程序,How is Flask defined by its creators?,mini-framework,large-framework,micro-framework,C,Flask 的创建者是如何定义的？,迷你框架,大框架,微框架,本题考查“构建网络应用程序”，参考答案为 C：“微框架”。,"{""correctOptionKey"":""C"",""correctReason"":""在给定选项中，“微框架”最符合题干对“构建网络应用程序”的描述或条件。"",""generationMethod"":""machine_translation_plus_structural_template"",""generationVersion"":""en-zh-candidate-2026-08-12"",""localizedStem"":""Flask 的创建者是如何定义的？"",""memoryTip"":""复习“构建网络应用程序”时，先定位题干关键词，再逐项核对定义和适用条件。"",""optionReasons"":{""A"":""“迷你框架”不是本题参考答案；审核时需结合原课程补充它与正确选项的具体差异。"",""B"":""“大框架”不是本题参考答案；审核时需结合原课程补充它与正确选项的具体差异。"",""C"":""在给定选项中，“微框架”最符合题干对“构建网络应用程序”的描述或条件。""},""originalStem"":""How is Flask defined by its creators?"",""quality"":""structural_draft"",""requiresSubjectMatterReview"":true,""schemaVersion"":""quiz-explanation.v1"",""sourceUrls"":[""https://github.com/microsoft/ML-For-Beginners/blob/d0d0ea2b2d22cddca31f9c6d108df7daa87a1b46/quiz-app/src/assets/translations/en.json""],""summary"":""本题考查“构建网络应用程序”，参考答案为 C：“微框架”。""}",public_machine_translation,en-zh-candidate-2026-08-12,pending,pending,hold,,
item-7f1963e1aa5fafb4bf8f,item-version-bed909e8427d02f3b69d,microsoft-ml-for-beginners,quiz-app/src/assets/translations/en.json,json-50,d0d0ea2b2d22cddca31f9c6d108df7daa87a1b46,b278cb874c3e66ef48b20f766c69648f1f9331b9d414730f6461f2d6a3a5a27c,kp-ml-web-app,Build a Web App,构建网络应用程序,What does the Pickle module of Python do,Serializes a Python Object,De-serializes a Python Object,Serializes and De-serializes a Python Object,C,Python的Pickle模块是做什么的,序列化 Python 对象,反序列化 Python 对象,序列化和反序列化 Python 对象,本题考查“构建网络应用程序”，参考答案为 C：“序列化和反序列化 Python 对象”。,"{""correctOptionKey"":""C"",""correctReason"":""在给定选项中，“序列化和反序列化 Python 对象”最符合题干对“构建网络应用程序”的描述或条件。"",""generationMethod"":""machine_translation_plus_structural_template"",""generationVersion"":""en-zh-candidate-2026-08-12"",""localizedStem"":""Python的Pickle模块是做什么的"",""memoryTip"":""复习“构建网络应用程序”时，先定位题干关键词，再逐项核对定义和适用条件。"",""optionReasons"":{""A"":""“序列化 Python 对象”不是本题参考答案；审核时需结合原课程补充它与正确选项的具体差异。"",""B"":""“反序列化 Python 对象”不是本题参考答案；审核时需结合原课程补充它与正确选项的具体差异。"",""C"":""在给定选项中，“序列化和反序列化 Python 对象”最符合题干对“构建网络应用程序”的描述或条件。""},""originalStem"":""What does the Pickle module of Python do"",""quality"":""structural_draft"",""requiresSubjectMatterReview"":true,""schemaVersion"":""quiz-explanation.v1"",""sourceUrls"":[""https://github.com/microsoft/ML-For-Beginners/blob/d0d0ea2b2d22cddca31f9c6d108df7daa87a1b46/quiz-app/src/assets/translations/en.json""],""summary"":""本题考查“构建网络应用程序”，参考答案为 C：“序列化和反序列化 Python 对象”。""}",public_machine_translation,en-zh-candidate-2026-08-12,pending,pending,hold,,
item-e52984b61804b7671a3b,item-version-38c284f0435f493ebcc5,microsoft-ml-for-beginners,quiz-app/src/assets/translations/en.json,json-51,d0d0ea2b2d22cddca31f9c6d108df7daa87a1b46,b278cb874c3e66ef48b20f766c69648f1f9331b9d414730f6461f2d6a3a5a27c,kp-ml-web-app,Build a Web App,构建网络应用程序,What are the tools we can use to host a pre-trained model on the web using Python?,Flask,TensorFlow.js,onnx.js,A,我们可以使用哪些工具来使用 Python 在网络上托管预训练模型？,烧瓶,TensorFlow.js,onnx.js,本题考查“构建网络应用程序”，参考答案为 A：“烧瓶”。,"{""correctOptionKey"":""A"",""correctReason"":""在给定选项中，“烧瓶”最符合题干对“构建网络应用程序”的描述或条件。"",""generationMethod"":""machine_translation_plus_structural_template"",""generationVersion"":""en-zh-candidate-2026-08-12"",""localizedStem"":""我们可以使用哪些工具来使用 Python 在网络上托管预训练模型？"",""memoryTip"":""复习“构建网络应用程序”时，先定位题干关键词，再逐项核对定义和适用条件。"",""optionReasons"":{""A"":""在给定选项中，“烧瓶”最符合题干对“构建网络应用程序”的描述或条件。"",""B"":""“TensorFlow.js”不是本题参考答案；审核时需结合原课程补充它与正确选项的具体差异。"",""C"":""“onnx.js”不是本题参考答案；审核时需结合原课程补充它与正确选项的具体差异。""},""originalStem"":""What are the tools we can use to host a pre-trained model on the web using Python?"",""quality"":""structural_draft"",""requiresSubjectMatterReview"":true,""schemaVersion"":""quiz-explanation.v1"",""sourceUrls"":[""https://github.com/microsoft/ML-For-Beginners/blob/d0d0ea2b2d22cddca31f9c6d108df7daa87a1b46/quiz-app/src/assets/translations/en.json""],""summary"":""本题考查“构建网络应用程序”，参考答案为 A：“烧瓶”。""}",public_machine_translation,en-zh-candidate-2026-08-12,pending,pending,hold,,
item-9503dec777d95f2af31d,item-version-2781856a959e1b6cc810,microsoft-ml-for-beginners,quiz-app/src/assets/translations/en.json,json-52,d0d0ea2b2d22cddca31f9c6d108df7daa87a1b46,b278cb874c3e66ef48b20f766c69648f1f9331b9d414730f6461f2d6a3a5a27c,kp-ml-web-app,Build a Web App,构建网络应用程序,What does SaaS stand for?,System as a Service,Software as a Service,Security as a Service,B,SaaS 代表什么？,系统即服务,软件即服务,安全即服务,本题考查“构建网络应用程序”，参考答案为 B：“软件即服务”。,"{""correctOptionKey"":""B"",""correctReason"":""在给定选项中，“软件即服务”最符合题干对“构建网络应用程序”的描述或条件。"",""generationMethod"":""machine_translation_plus_structural_template"",""generationVersion"":""en-zh-candidate-2026-08-12"",""localizedStem"":""SaaS 代表什么？"",""memoryTip"":""复习“构建网络应用程序”时，先定位题干关键词，再逐项核对定义和适用条件。"",""optionReasons"":{""A"":""“系统即服务”不是本题参考答案；审核时需结合原课程补充它与正确选项的具体差异。"",""B"":""在给定选项中，“软件即服务”最符合题干对“构建网络应用程序”的描述或条件。"",""C"":""“安全即服务”不是本题参考答案；审核时需结合原课程补充它与正确选项的具体差异。""},""originalStem"":""What does SaaS stand for?"",""quality"":""structural_draft"",""requiresSubjectMatterReview"":true,""schemaVersion"":""quiz-explanation.v1"",""sourceUrls"":[""https://github.com/microsoft/ML-For-Beginners/blob/d0d0ea2b2d22cddca31f9c6d108df7daa87a1b46/quiz-app/src/assets/translations/en.json""],""summary"":""本题考查“构建网络应用程序”，参考答案为 B：“软件即服务”。""}",public_machine_translation,en-zh-candidate-2026-08-12,pending,pending,hold,,
item-bee7ca828a24d51da75f,item-version-f84a091f69697d229bda,microsoft-ml-for-beginners,quiz-app/src/assets/translations/en.json,json-53,d0d0ea2b2d22cddca31f9c6d108df7daa87a1b46,b278cb874c3e66ef48b20f766c69648f1f9331b9d414730f6461f2d6a3a5a27c,kp-ml-web-app,Build a Web App,构建网络应用程序,What does Scikit-learn's LabelEncoder library do?,Encodes data alphabetically,Encodes data numerically,Encodes data serially,A,Scikit-learn 的 LabelEncoder 库有什么作用？,按字母顺序对数据进行编码,对数据进行数字编码,串行编码数据,本题考查“构建网络应用程序”，参考答案为 A：“按字母顺序对数据进行编码”。,"{""correctOptionKey"":""A"",""correctReason"":""在给定选项中，“按字母顺序对数据进行编码”最符合题干对“构建网络应用程序”的描述或条件。"",""generationMethod"":""machine_translation_plus_structural_template"",""generationVersion"":""en-zh-candidate-2026-08-12"",""localizedStem"":""Scikit-learn 的 LabelEncoder 库有什么作用？"",""memoryTip"":""复习“构建网络应用程序”时，先定位题干关键词，再逐项核对定义和适用条件。"",""optionReasons"":{""A"":""在给定选项中，“按字母顺序对数据进行编码”最符合题干对“构建网络应用程序”的描述或条件。"",""B"":""“对数据进行数字编码”不是本题参考答案；审核时需结合原课程补充它与正确选项的具体差异。"",""C"":""“串行编码数据”不是本题参考答案；审核时需结合原课程补充它与正确选项的具体差异。""},""originalStem"":""What does Scikit-learn's LabelEncoder library do?"",""quality"":""structural_draft"",""requiresSubjectMatterReview"":true,""schemaVersion"":""quiz-explanation.v1"",""sourceUrls"":[""https://github.com/microsoft/ML-For-Beginners/blob/d0d0ea2b2d22cddca31f9c6d108df7daa87a1b46/quiz-app/src/assets/translations/en.json""],""summary"":""本题考查“构建网络应用程序”，参考答案为 A：“按字母顺序对数据进行编码”。""}",public_machine_translation,en-zh-candidate-2026-08-12,pending,pending,hold,,
item-a3f2d04948d573ff1d9e,item-version-83ed178ba40853e54725,microsoft-ml-for-beginners,quiz-app/src/assets/translations/en.json,json-54,d0d0ea2b2d22cddca31f9c6d108df7daa87a1b46,b278cb874c3e66ef48b20f766c69648f1f9331b9d414730f6461f2d6a3a5a27c,kp-ml-classification-intro,Classification 1,分类1,Classification is a form of supervised learning that has a lot in common with,Time Series,Regression techniques,NLP,B,分类是监督学习的一种形式，与,时间序列,回归技术,NLP,本题考查“分类1”，参考答案为 B：“回归技术”。,"{""correctOptionKey"":""B"",""correctReason"":""在给定选项中，“回归技术”最符合题干对“分类1”的描述或条件。"",""generationMethod"":""machine_translation_plus_structural_template"",""generationVersion"":""en-zh-candidate-2026-08-12"",""localizedStem"":""分类是监督学习的一种形式，与"",""memoryTip"":""复习“分类1”时，先定位题干关键词，再逐项核对定义和适用条件。"",""optionReasons"":{""A"":""“时间序列”不是本题参考答案；审核时需结合原课程补充它与正确选项的具体差异。"",""B"":""在给定选项中，“回归技术”最符合题干对“分类1”的描述或条件。"",""C"":""“NLP”不是本题参考答案；审核时需结合原课程补充它与正确选项的具体差异。""},""originalStem"":""Classification is a form of supervised learning that has a lot in common with"",""quality"":""structural_draft"",""requiresSubjectMatterReview"":true,""schemaVersion"":""quiz-explanation.v1"",""sourceUrls"":[""https://github.com/microsoft/ML-For-Beginners/blob/d0d0ea2b2d22cddca31f9c6d108df7daa87a1b46/quiz-app/src/assets/translations/en.json""],""summary"":""本题考查“分类1”，参考答案为 B：“回归技术”。""}",public_machine_translation,en-zh-candidate-2026-08-12,pending,pending,hold,,
item-c870f31dc8ace4fec309,item-version-487b0ef8b1b14f74c1c8,microsoft-ml-for-beginners,quiz-app/src/assets/translations/en.json,json-55,d0d0ea2b2d22cddca31f9c6d108df7daa87a1b46,b278cb874c3e66ef48b20f766c69648f1f9331b9d414730f6461f2d6a3a5a27c,kp-ml-classification-intro,Classification 1,分类1,What question can classification help answer?,Is this email spam or not?,Can pigs fly?,What is the meaning of life?,A,分类可以帮助回答什么问题？,这封电子邮件是否是垃圾邮件？,猪会飞吗？,生命的意义是什么？,本题考查“分类1”，参考答案为 A：“这封电子邮件是否是垃圾邮件？”。,"{""correctOptionKey"":""A"",""correctReason"":""在给定选项中，“这封电子邮件是否是垃圾邮件？”最符合题干对“分类1”的描述或条件。"",""generationMethod"":""machine_translation_plus_structural_template"",""generationVersion"":""en-zh-candidate-2026-08-12"",""localizedStem"":""分类可以帮助回答什么问题？"",""memoryTip"":""复习“分类1”时，先定位题干关键词，再逐项核对定义和适用条件。"",""optionReasons"":{""A"":""在给定选项中，“这封电子邮件是否是垃圾邮件？”最符合题干对“分类1”的描述或条件。"",""B"":""“猪会飞吗？”不是本题参考答案；审核时需结合原课程补充它与正确选项的具体差异。"",""C"":""“生命的意义是什么？”不是本题参考答案；审核时需结合原课程补充它与正确选项的具体差异。""},""originalStem"":""What question can classification help answer?"",""quality"":""structural_draft"",""requiresSubjectMatterReview"":true,""schemaVersion"":""quiz-explanation.v1"",""sourceUrls"":[""https://github.com/microsoft/ML-For-Beginners/blob/d0d0ea2b2d22cddca31f9c6d108df7daa87a1b46/quiz-app/src/assets/translations/en.json""],""summary"":""本题考查“分类1”，参考答案为 A：“这封电子邮件是否是垃圾邮件？”。""}",public_machine_translation,en-zh-candidate-2026-08-12,pending,pending,hold,,
item-e2e81e84fb2f627d2d88,item-version-7e63ecf725dead619143,microsoft-ml-for-beginners,quiz-app/src/assets/translations/en.json,json-56,d0d0ea2b2d22cddca31f9c6d108df7daa87a1b46,b278cb874c3e66ef48b20f766c69648f1f9331b9d414730f6461f2d6a3a5a27c,kp-ml-classification-intro,Classification 1,分类1,What is the first step to using Classification techniques?,creating classes of a dataset,cleaning and balancing your data,assigning a data point to a group or outcome,B,使用分类技术的第一步是什么？,创建数据集的类,清理和平衡您的数据,将数据点分配给组或结果,本题考查“分类1”，参考答案为 B：“清理和平衡您的数据”。,"{""correctOptionKey"":""B"",""correctReason"":""在给定选项中，“清理和平衡您的数据”最符合题干对“分类1”的描述或条件。"",""generationMethod"":""machine_translation_plus_structural_template"",""generationVersion"":""en-zh-candidate-2026-08-12"",""localizedStem"":""使用分类技术的第一步是什么？"",""memoryTip"":""复习“分类1”时，先定位题干关键词，再逐项核对定义和适用条件。"",""optionReasons"":{""A"":""“创建数据集的类”不是本题参考答案；审核时需结合原课程补充它与正确选项的具体差异。"",""B"":""在给定选项中，“清理和平衡您的数据”最符合题干对“分类1”的描述或条件。"",""C"":""“将数据点分配给组或结果”不是本题参考答案；审核时需结合原课程补充它与正确选项的具体差异。""},""originalStem"":""What is the first step to using Classification techniques?"",""quality"":""structural_draft"",""requiresSubjectMatterReview"":true,""schemaVersion"":""quiz-explanation.v1"",""sourceUrls"":[""https://github.com/microsoft/ML-For-Beginners/blob/d0d0ea2b2d22cddca31f9c6d108df7daa87a1b46/quiz-app/src/assets/translations/en.json""],""summary"":""本题考查“分类1”，参考答案为 B：“清理和平衡您的数据”。""}",public_machine_translation,en-zh-candidate-2026-08-12,pending,pending,hold,,
item-5d0e0efedd8e441a9e5d,item-version-b876b5f60e7806f5ec47,microsoft-ml-for-beginners,quiz-app/src/assets/translations/en.json,json-57,d0d0ea2b2d22cddca31f9c6d108df7daa87a1b46,b278cb874c3e66ef48b20f766c69648f1f9331b9d414730f6461f2d6a3a5a27c,kp-ml-classification-intro,Classification 1,分类1,What is a multiclass question?,the task of classifying data points into multiple classes,the task of classifying data points into one of several classes,the task of cleaning data points in multiple ways,B,什么是多类问题？,将数据点分类为多个类别的任务,将数据点分类为几个类别之一的任务,以多种方式清理数据点的任务,本题考查“分类1”，参考答案为 B：“将数据点分类为几个类别之一的任务”。,"{""correctOptionKey"":""B"",""correctReason"":""在给定选项中，“将数据点分类为几个类别之一的任务”最符合题干对“分类1”的描述或条件。"",""generationMethod"":""machine_translation_plus_structural_template"",""generationVersion"":""en-zh-candidate-2026-08-12"",""localizedStem"":""什么是多类问题？"",""memoryTip"":""复习“分类1”时，先定位题干关键词，再逐项核对定义和适用条件。"",""optionReasons"":{""A"":""“将数据点分类为多个类别的任务”不是本题参考答案；审核时需结合原课程补充它与正确选项的具体差异。"",""B"":""在给定选项中，“将数据点分类为几个类别之一的任务”最符合题干对“分类1”的描述或条件。"",""C"":""“以多种方式清理数据点的任务”不是本题参考答案；审核时需结合原课程补充它与正确选项的具体差异。""},""originalStem"":""What is a multiclass question?"",""quality"":""structural_draft"",""requiresSubjectMatterReview"":true,""schemaVersion"":""quiz-explanation.v1"",""sourceUrls"":[""https://github.com/microsoft/ML-For-Beginners/blob/d0d0ea2b2d22cddca31f9c6d108df7daa87a1b46/quiz-app/src/assets/translations/en.json""],""summary"":""本题考查“分类1”，参考答案为 B：“将数据点分类为几个类别之一的任务”。""}",public_machine_translation,en-zh-candidate-2026-08-12,pending,pending,hold,,
item-4931e2e79b55191d3568,item-version-989b6a8375b4150ee322,microsoft-ml-for-beginners,quiz-app/src/assets/translations/en.json,json-58,d0d0ea2b2d22cddca31f9c6d108df7daa87a1b46,b278cb874c3e66ef48b20f766c69648f1f9331b9d414730f6461f2d6a3a5a27c,kp-ml-classification-intro,Classification 1,分类1,It's important to clean out recurrent or unhelpful data to help your classifiers solve your problem.,true,false,,A,清除重复出现或无用的数据对于帮助分类器解决问题非常重要。,正确,错误,,本题考查“分类1”，参考答案为 A：“正确”。,"{""correctOptionKey"":""A"",""correctReason"":""该陈述与课程中“分类1”的说明一致，因此应选择“正确”。"",""generationMethod"":""machine_translation_plus_structural_template"",""generationVersion"":""en-zh-candidate-2026-08-12"",""localizedStem"":""清除重复出现或无用的数据对于帮助分类器解决问题非常重要。"",""memoryTip"":""复习“分类1”时，先定位题干关键词，再逐项核对定义和适用条件。"",""optionReasons"":{""A"":""该陈述与课程中“分类1”的说明一致，因此应选择“正确”。"",""B"":""“错误”不是本题参考答案；审核时需结合原课程补充它与正确选项的具体差异。""},""originalStem"":""It's important to clean out recurrent or unhelpful data to help your classifiers solve your problem."",""quality"":""structural_draft"",""requiresSubjectMatterReview"":true,""schemaVersion"":""quiz-explanation.v1"",""sourceUrls"":[""https://github.com/microsoft/ML-For-Beginners/blob/d0d0ea2b2d22cddca31f9c6d108df7daa87a1b46/quiz-app/src/assets/translations/en.json""],""summary"":""本题考查“分类1”，参考答案为 A：“正确”。""}",public_machine_translation,en-zh-candidate-2026-08-12,pending,pending,hold,,
item-946a8a4417d56e75d3c0,item-version-a4f5701251aaa8dca2c7,microsoft-ml-for-beginners,quiz-app/src/assets/translations/en.json,json-59,d0d0ea2b2d22cddca31f9c6d108df7daa87a1b46,b278cb874c3e66ef48b20f766c69648f1f9331b9d414730f6461f2d6a3a5a27c,kp-ml-classification-intro,Classification 1,分类1,What's the best reason to balance your data?,Imbalanced data looks bad in visualizations,Balancing your data yields better results because an ML model won't skew towards one class,Balancing your data gives you more data points,B,平衡数据的最佳理由是什么？,不平衡的数据在可视化中看起来很糟糕,平衡数据会产生更好的结果，因为 ML 模型不会偏向某一类,平衡数据可为您提供更多数据点,本题考查“分类1”，参考答案为 B：“平衡数据会产生更好的结果，因为 ML 模型不会偏向某一类”。,"{""correctOptionKey"":""B"",""correctReason"":""在给定选项中，“平衡数据会产生更好的结果，因为 ML 模型不会偏向某一类”最符合题干对“分类1”的描述或条件。"",""generationMethod"":""machine_translation_plus_structural_template"",""generationVersion"":""en-zh-candidate-2026-08-12"",""localizedStem"":""平衡数据的最佳理由是什么？"",""memoryTip"":""复习“分类1”时，先定位题干关键词，再逐项核对定义和适用条件。"",""optionReasons"":{""A"":""“不平衡的数据在可视化中看起来很糟糕”不是本题参考答案；审核时需结合原课程补充它与正确选项的具体差异。"",""B"":""在给定选项中，“平衡数据会产生更好的结果，因为 ML 模型不会偏向某一类”最符合题干对“分类1”的描述或条件。"",""C"":""“平衡数据可为您提供更多数据点”不是本题参考答案；审核时需结合原课程补充它与正确选项的具体差异。""},""originalStem"":""What's the best reason to balance your data?"",""quality"":""structural_draft"",""requiresSubjectMatterReview"":true,""schemaVersion"":""quiz-explanation.v1"",""sourceUrls"":[""https://github.com/microsoft/ML-For-Beginners/blob/d0d0ea2b2d22cddca31f9c6d108df7daa87a1b46/quiz-app/src/assets/translations/en.json""],""summary"":""本题考查“分类1”，参考答案为 B：“平衡数据会产生更好的结果，因为 ML 模型不会偏向某一类”。""}",public_machine_translation,en-zh-candidate-2026-08-12,pending,pending,hold,,
item-28383978b57a036bd181,item-version-43ec4454bf8e54fe01e5,microsoft-ml-for-beginners,quiz-app/src/assets/translations/en.json,json-60,d0d0ea2b2d22cddca31f9c6d108df7daa87a1b46,b278cb874c3e66ef48b20f766c69648f1f9331b9d414730f6461f2d6a3a5a27c,kp-ml-classifiers-1,Classification 2,Classification 2,"Balanced, clean data yields the best classification results",true,false,,A,平衡、干净的数据可产生最佳的分类结果,正确,错误,,本题考查“Classification 2”，参考答案为 A：“正确”。,"{""correctOptionKey"":""A"",""correctReason"":""该陈述与课程中“Classification 2”的说明一致，因此应选择“正确”。"",""generationMethod"":""machine_translation_plus_structural_template"",""generationVersion"":""en-zh-candidate-2026-08-12"",""localizedStem"":""平衡、干净的数据可产生最佳的分类结果"",""memoryTip"":""复习“Classification 2”时，先定位题干关键词，再逐项核对定义和适用条件。"",""optionReasons"":{""A"":""该陈述与课程中“Classification 2”的说明一致，因此应选择“正确”。"",""B"":""“错误”不是本题参考答案；审核时需结合原课程补充它与正确选项的具体差异。""},""originalStem"":""Balanced, clean data yields the best classification results"",""quality"":""structural_draft"",""requiresSubjectMatterReview"":true,""schemaVersion"":""quiz-explanation.v1"",""sourceUrls"":[""https://github.com/microsoft/ML-For-Beginners/blob/d0d0ea2b2d22cddca31f9c6d108df7daa87a1b46/quiz-app/src/assets/translations/en.json""],""summary"":""本题考查“Classification 2”，参考答案为 A：“正确”。""}",public_machine_translation,en-zh-candidate-2026-08-12,pending,pending,hold,,
item-5fc22040c0aa8fa02f12,item-version-10fc97316cfb1ec665be,microsoft-ml-for-beginners,quiz-app/src/assets/translations/en.json,json-61,d0d0ea2b2d22cddca31f9c6d108df7daa87a1b46,b278cb874c3e66ef48b20f766c69648f1f9331b9d414730f6461f2d6a3a5a27c,kp-ml-classifiers-1,Classification 2,Classification 2,How do you choose the right classifier?,Understand which classifiers work best for which scenarios,Educated guess and check,Both of the above,C,如何选择合适的分类器？,了解哪些分类器最适合哪些场景,基于经验进行猜测并验证,以上两者都是,本题考查“Classification 2”，参考答案为 C：“以上两者都是”。,"{""correctOptionKey"":""C"",""correctReason"":""在给定选项中，“以上两者都是”最符合题干对“Classification 2”的描述或条件。"",""generationMethod"":""machine_translation_plus_structural_template"",""generationVersion"":""en-zh-candidate-2026-08-12"",""localizedStem"":""如何选择合适的分类器？"",""memoryTip"":""复习“Classification 2”时，先定位题干关键词，再逐项核对定义和适用条件。"",""optionReasons"":{""A"":""“了解哪些分类器最适合哪些场景”不是本题参考答案；审核时需结合原课程补充它与正确选项的具体差异。"",""B"":""“基于经验进行猜测并验证”不是本题参考答案；审核时需结合原课程补充它与正确选项的具体差异。"",""C"":""在给定选项中，“以上两者都是”最符合题干对“Classification 2”的描述或条件。""},""originalStem"":""How do you choose the right classifier?"",""quality"":""structural_draft"",""requiresSubjectMatterReview"":true,""schemaVersion"":""quiz-explanation.v1"",""sourceUrls"":[""https://github.com/microsoft/ML-For-Beginners/blob/d0d0ea2b2d22cddca31f9c6d108df7daa87a1b46/quiz-app/src/assets/translations/en.json""],""summary"":""本题考查“Classification 2”，参考答案为 C：“以上两者都是”。""}",public_machine_translation,en-zh-candidate-2026-08-12,pending,pending,hold,,
item-43908e7ce23ebb0976a3,item-version-8b90b3354d9aa3626b90,microsoft-ml-for-beginners,quiz-app/src/assets/translations/en.json,json-62,d0d0ea2b2d22cddca31f9c6d108df7daa87a1b46,b278cb874c3e66ef48b20f766c69648f1f9331b9d414730f6461f2d6a3a5a27c,kp-ml-classifiers-1,Classification 2,分类2,Classification is a type of,NLP,Supervised Learning,Programming language,B,分类是一种类型,NLP,监督学习,编程语言,本题考查“分类2”，参考答案为 B：“监督学习”。,"{""correctOptionKey"":""B"",""correctReason"":""在给定选项中，“监督学习”最符合题干对“分类2”的描述或条件。"",""generationMethod"":""machine_translation_plus_structural_template"",""generationVersion"":""en-zh-candidate-2026-08-12"",""localizedStem"":""分类是一种类型"",""memoryTip"":""复习“分类2”时，先定位题干关键词，再逐项核对定义和适用条件。"",""optionReasons"":{""A"":""“NLP”不是本题参考答案；审核时需结合原课程补充它与正确选项的具体差异。"",""B"":""在给定选项中，“监督学习”最符合题干对“分类2”的描述或条件。"",""C"":""“编程语言”不是本题参考答案；审核时需结合原课程补充它与正确选项的具体差异。""},""originalStem"":""Classification is a type of"",""quality"":""structural_draft"",""requiresSubjectMatterReview"":true,""schemaVersion"":""quiz-explanation.v1"",""sourceUrls"":[""https://github.com/microsoft/ML-For-Beginners/blob/d0d0ea2b2d22cddca31f9c6d108df7daa87a1b46/quiz-app/src/assets/translations/en.json""],""summary"":""本题考查“分类2”，参考答案为 B：“监督学习”。""}",public_machine_translation,en-zh-candidate-2026-08-12,pending,pending,hold,,
item-6bef3e9f2f893aa181b7,item-version-411f589a5d257e82ea13,microsoft-ml-for-beginners,quiz-app/src/assets/translations/en.json,json-63,d0d0ea2b2d22cddca31f9c6d108df7daa87a1b46,b278cb874c3e66ef48b20f766c69648f1f9331b9d414730f6461f2d6a3a5a27c,kp-ml-classifiers-1,Classification 2,分类2,What is a 'solver'?,the person who double-checks your work,the algorithm to use in the optimization problem,a machine learning technique,B,什么是“解算器”？,仔细检查你工作的人,优化问题中使用的算法,机器学习技术,本题考查“分类2”，参考答案为 B：“优化问题中使用的算法”。,"{""correctOptionKey"":""B"",""correctReason"":""在给定选项中，“优化问题中使用的算法”最符合题干对“分类2”的描述或条件。"",""generationMethod"":""machine_translation_plus_structural_template"",""generationVersion"":""en-zh-candidate-2026-08-12"",""localizedStem"":""什么是“解算器”？"",""memoryTip"":""复习“分类2”时，先定位题干关键词，再逐项核对定义和适用条件。"",""optionReasons"":{""A"":""“仔细检查你工作的人”不是本题参考答案；审核时需结合原课程补充它与正确选项的具体差异。"",""B"":""在给定选项中，“优化问题中使用的算法”最符合题干对“分类2”的描述或条件。"",""C"":""“机器学习技术”不是本题参考答案；审核时需结合原课程补充它与正确选项的具体差异。""},""originalStem"":""What is a 'solver'?"",""quality"":""structural_draft"",""requiresSubjectMatterReview"":true,""schemaVersion"":""quiz-explanation.v1"",""sourceUrls"":[""https://github.com/microsoft/ML-For-Beginners/blob/d0d0ea2b2d22cddca31f9c6d108df7daa87a1b46/quiz-app/src/assets/translations/en.json""],""summary"":""本题考查“分类2”，参考答案为 B：“优化问题中使用的算法”。""}",public_machine_translation,en-zh-candidate-2026-08-12,pending,pending,hold,,
item-690976062b0a01aa5cfd,item-version-844f4b1fee753eb49efa,microsoft-ml-for-beginners,quiz-app/src/assets/translations/en.json,json-64,d0d0ea2b2d22cddca31f9c6d108df7daa87a1b46,b278cb874c3e66ef48b20f766c69648f1f9331b9d414730f6461f2d6a3a5a27c,kp-ml-classifiers-1,Classification 2,Classification 2,Which classifier did we use in this lesson?,Logistic Regression,Decision Trees,One-vs-All Multiclass,A,我们在本课中使用了哪个分类器？,逻辑回归,决策树,一对多多分类,本题考查“Classification 2”，参考答案为 A：“逻辑回归”。,"{""correctOptionKey"":""A"",""correctReason"":""在给定选项中，“逻辑回归”最符合题干对“Classification 2”的描述或条件。"",""generationMethod"":""machine_translation_plus_structural_template"",""generationVersion"":""en-zh-candidate-2026-08-12"",""localizedStem"":""我们在本课中使用了哪个分类器？"",""memoryTip"":""复习“Classification 2”时，先定位题干关键词，再逐项核对定义和适用条件。"",""optionReasons"":{""A"":""在给定选项中，“逻辑回归”最符合题干对“Classification 2”的描述或条件。"",""B"":""“决策树”不是本题参考答案；审核时需结合原课程补充它与正确选项的具体差异。"",""C"":""“一对多多分类”不是本题参考答案；审核时需结合原课程补充它与正确选项的具体差异。""},""originalStem"":""Which classifier did we use in this lesson?"",""quality"":""structural_draft"",""requiresSubjectMatterReview"":true,""schemaVersion"":""quiz-explanation.v1"",""sourceUrls"":[""https://github.com/microsoft/ML-For-Beginners/blob/d0d0ea2b2d22cddca31f9c6d108df7daa87a1b46/quiz-app/src/assets/translations/en.json""],""summary"":""本题考查“Classification 2”，参考答案为 A：“逻辑回归”。""}",public_machine_translation,en-zh-candidate-2026-08-12,pending,pending,hold,,
item-a596ca37d49ea98d7749,item-version-4faaf7f59785fba7546a,microsoft-ml-for-beginners,quiz-app/src/assets/translations/en.json,json-65,d0d0ea2b2d22cddca31f9c6d108df7daa87a1b46,b278cb874c3e66ef48b20f766c69648f1f9331b9d414730f6461f2d6a3a5a27c,kp-ml-classifiers-1,Classification 2,分类2,How do you know if the classification algorithm is working as expected?,By checking the accuracy of its predictions,By checking it against other algorithms,By looking at historical data for how good this algorithm is at solving similar problems,A,您如何知道分类算法是否按预期工作？,通过检查其预测的准确性,通过与其他算法进行检查,通过查看历史数据来了解该算法在解决类似问题方面的表现如何,本题考查“分类2”，参考答案为 A：“通过检查其预测的准确性”。,"{""correctOptionKey"":""A"",""correctReason"":""在给定选项中，“通过检查其预测的准确性”最符合题干对“分类2”的描述或条件。"",""generationMethod"":""machine_translation_plus_structural_template"",""generationVersion"":""en-zh-candidate-2026-08-12"",""localizedStem"":""您如何知道分类算法是否按预期工作？"",""memoryTip"":""复习“分类2”时，先定位题干关键词，再逐项核对定义和适用条件。"",""optionReasons"":{""A"":""在给定选项中，“通过检查其预测的准确性”最符合题干对“分类2”的描述或条件。"",""B"":""“通过与其他算法进行检查”不是本题参考答案；审核时需结合原课程补充它与正确选项的具体差异。"",""C"":""“通过查看历史数据来了解该算法在解决类似问题方面的表现如何”不是本题参考答案；审核时需结合原课程补充它与正确选项的具体差异。""},""originalStem"":""How do you know if the classification algorithm is working as expected?"",""quality"":""structural_draft"",""requiresSubjectMatterReview"":true,""schemaVersion"":""quiz-explanation.v1"",""sourceUrls"":[""https://github.com/microsoft/ML-For-Beginners/blob/d0d0ea2b2d22cddca31f9c6d108df7daa87a1b46/quiz-app/src/assets/translations/en.json""],""summary"":""本题考查“分类2”，参考答案为 A：“通过检查其预测的准确性”。""}",public_machine_translation,en-zh-candidate-2026-08-12,pending,pending,hold,,
item-1502e8f0effe39cdcfe8,item-version-8caef7b4e4bc02c4bd15,microsoft-ml-for-beginners,quiz-app/src/assets/translations/en.json,json-66,d0d0ea2b2d22cddca31f9c6d108df7daa87a1b46,b278cb874c3e66ef48b20f766c69648f1f9331b9d414730f6461f2d6a3a5a27c,kp-ml-classifiers-2,Classification 3,分类3,A good initial classifier to try is:,Linear SVC,K-Means,Logical SVC,A,可以尝试的一个很好的初始分类器是：,线性SVC,K-均值,逻辑SVC,本题考查“分类3”，参考答案为 A：“线性SVC”。,"{""correctOptionKey"":""A"",""correctReason"":""在给定选项中，“线性SVC”最符合题干对“分类3”的描述或条件。"",""generationMethod"":""machine_translation_plus_structural_template"",""generationVersion"":""en-zh-candidate-2026-08-12"",""localizedStem"":""可以尝试的一个很好的初始分类器是："",""memoryTip"":""复习“分类3”时，先定位题干关键词，再逐项核对定义和适用条件。"",""optionReasons"":{""A"":""在给定选项中，“线性SVC”最符合题干对“分类3”的描述或条件。"",""B"":""“K-均值”不是本题参考答案；审核时需结合原课程补充它与正确选项的具体差异。"",""C"":""“逻辑SVC”不是本题参考答案；审核时需结合原课程补充它与正确选项的具体差异。""},""originalStem"":""A good initial classifier to try is:"",""quality"":""structural_draft"",""requiresSubjectMatterReview"":true,""schemaVersion"":""quiz-explanation.v1"",""sourceUrls"":[""https://github.com/microsoft/ML-For-Beginners/blob/d0d0ea2b2d22cddca31f9c6d108df7daa87a1b46/quiz-app/src/assets/translations/en.json""],""summary"":""本题考查“分类3”，参考答案为 A：“线性SVC”。""}",public_machine_translation,en-zh-candidate-2026-08-12,pending,pending,hold,,
item-1fbd5ea73ed1a56940f5,item-version-f2143b297a29c979ea2b,microsoft-ml-for-beginners,quiz-app/src/assets/translations/en.json,json-67,d0d0ea2b2d22cddca31f9c6d108df7daa87a1b46,b278cb874c3e66ef48b20f766c69648f1f9331b9d414730f6461f2d6a3a5a27c,kp-ml-classifiers-2,Classification 3,分类3,Regularization controls:,the influence of parameters,the influence of training speed,the influence of outliers,A,正则化控制：,参数的影响,训练速度的影响,异常值的影响,本题考查“分类3”，参考答案为 A：“参数的影响”。,"{""correctOptionKey"":""A"",""correctReason"":""在给定选项中，“参数的影响”最符合题干对“分类3”的描述或条件。"",""generationMethod"":""machine_translation_plus_structural_template"",""generationVersion"":""en-zh-candidate-2026-08-12"",""localizedStem"":""正则化控制："",""memoryTip"":""复习“分类3”时，先定位题干关键词，再逐项核对定义和适用条件。"",""optionReasons"":{""A"":""在给定选项中，“参数的影响”最符合题干对“分类3”的描述或条件。"",""B"":""“训练速度的影响”不是本题参考答案；审核时需结合原课程补充它与正确选项的具体差异。"",""C"":""“异常值的影响”不是本题参考答案；审核时需结合原课程补充它与正确选项的具体差异。""},""originalStem"":""Regularization controls:"",""quality"":""structural_draft"",""requiresSubjectMatterReview"":true,""schemaVersion"":""quiz-explanation.v1"",""sourceUrls"":[""https://github.com/microsoft/ML-For-Beginners/blob/d0d0ea2b2d22cddca31f9c6d108df7daa87a1b46/quiz-app/src/assets/translations/en.json""],""summary"":""本题考查“分类3”，参考答案为 A：“参数的影响”。""}",public_machine_translation,en-zh-candidate-2026-08-12,pending,pending,hold,,
item-e63afa3925559330655f,item-version-5e360a0f79cff3bd2b83,microsoft-ml-for-beginners,quiz-app/src/assets/translations/en.json,json-68,d0d0ea2b2d22cddca31f9c6d108df7daa87a1b46,b278cb874c3e66ef48b20f766c69648f1f9331b9d414730f6461f2d6a3a5a27c,kp-ml-classifiers-2,Classification 3,分类3,K-Neighbors classifier can be used for:,supervised learning,unsupervised learning,both of these,C,K-Neighbors 分类器可用于：,监督学习,无监督学习,这两个,本题考查“分类3”，参考答案为 C：“这两个”。,"{""correctOptionKey"":""C"",""correctReason"":""在给定选项中，“这两个”最符合题干对“分类3”的描述或条件。"",""generationMethod"":""machine_translation_plus_structural_template"",""generationVersion"":""en-zh-candidate-2026-08-12"",""localizedStem"":""K-Neighbors 分类器可用于："",""memoryTip"":""复习“分类3”时，先定位题干关键词，再逐项核对定义和适用条件。"",""optionReasons"":{""A"":""“监督学习”不是本题参考答案；审核时需结合原课程补充它与正确选项的具体差异。"",""B"":""“无监督学习”不是本题参考答案；审核时需结合原课程补充它与正确选项的具体差异。"",""C"":""在给定选项中，“这两个”最符合题干对“分类3”的描述或条件。""},""originalStem"":""K-Neighbors classifier can be used for:"",""quality"":""structural_draft"",""requiresSubjectMatterReview"":true,""schemaVersion"":""quiz-explanation.v1"",""sourceUrls"":[""https://github.com/microsoft/ML-For-Beginners/blob/d0d0ea2b2d22cddca31f9c6d108df7daa87a1b46/quiz-app/src/assets/translations/en.json""],""summary"":""本题考查“分类3”，参考答案为 C：“这两个”。""}",public_machine_translation,en-zh-candidate-2026-08-12,pending,pending,hold,,
item-a5771fe5b16ebc6afd19,item-version-4688e0315d7d7ce86883,microsoft-ml-for-beginners,quiz-app/src/assets/translations/en.json,json-69,d0d0ea2b2d22cddca31f9c6d108df7daa87a1b46,b278cb874c3e66ef48b20f766c69648f1f9331b9d414730f6461f2d6a3a5a27c,kp-ml-classifiers-2,Classification 3,分类3,Support-Vector classifiers can be used for,classification,regression,both of these,C,支持向量分类器可用于,分类,回归,这两个,本题考查“分类3”，参考答案为 C：“这两个”。,"{""correctOptionKey"":""C"",""correctReason"":""在给定选项中，“这两个”最符合题干对“分类3”的描述或条件。"",""generationMethod"":""machine_translation_plus_structural_template"",""generationVersion"":""en-zh-candidate-2026-08-12"",""localizedStem"":""支持向量分类器可用于"",""memoryTip"":""复习“分类3”时，先定位题干关键词，再逐项核对定义和适用条件。"",""optionReasons"":{""A"":""“分类”不是本题参考答案；审核时需结合原课程补充它与正确选项的具体差异。"",""B"":""“回归”不是本题参考答案；审核时需结合原课程补充它与正确选项的具体差异。"",""C"":""在给定选项中，“这两个”最符合题干对“分类3”的描述或条件。""},""originalStem"":""Support-Vector classifiers can be used for"",""quality"":""structural_draft"",""requiresSubjectMatterReview"":true,""schemaVersion"":""quiz-explanation.v1"",""sourceUrls"":[""https://github.com/microsoft/ML-For-Beginners/blob/d0d0ea2b2d22cddca31f9c6d108df7daa87a1b46/quiz-app/src/assets/translations/en.json""],""summary"":""本题考查“分类3”，参考答案为 C：“这两个”。""}",public_machine_translation,en-zh-candidate-2026-08-12,pending,pending,hold,,
item-1735f4fe19970ead2077,item-version-246ee54040e4290e8d2c,microsoft-ml-for-beginners,quiz-app/src/assets/translations/en.json,json-70,d0d0ea2b2d22cddca31f9c6d108df7daa87a1b46,b278cb874c3e66ef48b20f766c69648f1f9331b9d414730f6461f2d6a3a5a27c,kp-ml-classifiers-2,Classification 3,分类3,Random Forest is a ___ type of classifier,Ensemble,Dissemble,Assemble,A,随机森林是一种 ___ 类型的分类器,合奏团,拆解,组装,本题考查“分类3”，参考答案为 A：“合奏团”。,"{""correctOptionKey"":""A"",""correctReason"":""根据“分类3”相关术语，题干空缺应填“合奏团”。"",""generationMethod"":""machine_translation_plus_structural_template"",""generationVersion"":""en-zh-candidate-2026-08-12"",""localizedStem"":""随机森林是一种 ___ 类型的分类器"",""memoryTip"":""复习“分类3”时，先定位题干关键词，再逐项核对定义和适用条件。"",""optionReasons"":{""A"":""根据“分类3”相关术语，题干空缺应填“合奏团”。"",""B"":""“拆解”不是本题参考答案；审核时需结合原课程补充它与正确选项的具体差异。"",""C"":""“组装”不是本题参考答案；审核时需结合原课程补充它与正确选项的具体差异。""},""originalStem"":""Random Forest is a ___ type of classifier"",""quality"":""structural_draft"",""requiresSubjectMatterReview"":true,""schemaVersion"":""quiz-explanation.v1"",""sourceUrls"":[""https://github.com/microsoft/ML-For-Beginners/blob/d0d0ea2b2d22cddca31f9c6d108df7daa87a1b46/quiz-app/src/assets/translations/en.json""],""summary"":""本题考查“分类3”，参考答案为 A：“合奏团”。""}",public_machine_translation,en-zh-candidate-2026-08-12,pending,pending,hold,,
item-6dc6e217ba4b7c2ecb30,item-version-fd4cd1169e6cbc553e8d,microsoft-ml-for-beginners,quiz-app/src/assets/translations/en.json,json-71,d0d0ea2b2d22cddca31f9c6d108df7daa87a1b46,b278cb874c3e66ef48b20f766c69648f1f9331b9d414730f6461f2d6a3a5a27c,kp-ml-classifiers-2,Classification 3,分类3,Adaboost is known for:,focusing on the weights of incorrectly classified items,focusing on outliers,focusing on incorrect data,A,Adaboost 因以下方面而闻名：,关注错误分类项目的权重,关注异常值,关注不正确的数据,本题考查“分类3”，参考答案为 A：“关注错误分类项目的权重”。,"{""correctOptionKey"":""A"",""correctReason"":""在给定选项中，“关注错误分类项目的权重”最符合题干对“分类3”的描述或条件。"",""generationMethod"":""machine_translation_plus_structural_template"",""generationVersion"":""en-zh-candidate-2026-08-12"",""localizedStem"":""Adaboost 因以下方面而闻名："",""memoryTip"":""复习“分类3”时，先定位题干关键词，再逐项核对定义和适用条件。"",""optionReasons"":{""A"":""在给定选项中，“关注错误分类项目的权重”最符合题干对“分类3”的描述或条件。"",""B"":""“关注异常值”不是本题参考答案；审核时需结合原课程补充它与正确选项的具体差异。"",""C"":""“关注不正确的数据”不是本题参考答案；审核时需结合原课程补充它与正确选项的具体差异。""},""originalStem"":""Adaboost is known for:"",""quality"":""structural_draft"",""requiresSubjectMatterReview"":true,""schemaVersion"":""quiz-explanation.v1"",""sourceUrls"":[""https://github.com/microsoft/ML-For-Beginners/blob/d0d0ea2b2d22cddca31f9c6d108df7daa87a1b46/quiz-app/src/assets/translations/en.json""],""summary"":""本题考查“分类3”，参考答案为 A：“关注错误分类项目的权重”。""}",public_machine_translation,en-zh-candidate-2026-08-12,pending,pending,hold,,
item-eab980b4b7fd0573b053,item-version-b458ecbcf779948e6a98,microsoft-ml-for-beginners,quiz-app/src/assets/translations/en.json,json-72,d0d0ea2b2d22cddca31f9c6d108df7daa87a1b46,b278cb874c3e66ef48b20f766c69648f1f9331b9d414730f6461f2d6a3a5a27c,kp-ml-classification-applied,Classification 4,分类4,Recommendation systems might be used for,Recommending a good restaurant,Recommending fashions to try,Both of these,C,推荐系统可用于,推荐一家不错的餐厅,推荐尝试的时尚,这两个,本题考查“分类4”，参考答案为 C：“这两个”。,"{""correctOptionKey"":""C"",""correctReason"":""在给定选项中，“这两个”最符合题干对“分类4”的描述或条件。"",""generationMethod"":""machine_translation_plus_structural_template"",""generationVersion"":""en-zh-candidate-2026-08-12"",""localizedStem"":""推荐系统可用于"",""memoryTip"":""复习“分类4”时，先定位题干关键词，再逐项核对定义和适用条件。"",""optionReasons"":{""A"":""“推荐一家不错的餐厅”不是本题参考答案；审核时需结合原课程补充它与正确选项的具体差异。"",""B"":""“推荐尝试的时尚”不是本题参考答案；审核时需结合原课程补充它与正确选项的具体差异。"",""C"":""在给定选项中，“这两个”最符合题干对“分类4”的描述或条件。""},""originalStem"":""Recommendation systems might be used for"",""quality"":""structural_draft"",""requiresSubjectMatterReview"":true,""schemaVersion"":""quiz-explanation.v1"",""sourceUrls"":[""https://github.com/microsoft/ML-For-Beginners/blob/d0d0ea2b2d22cddca31f9c6d108df7daa87a1b46/quiz-app/src/assets/translations/en.json""],""summary"":""本题考查“分类4”，参考答案为 C：“这两个”。""}",public_machine_translation,en-zh-candidate-2026-08-12,pending,pending,hold,,
item-9a1247ea132b9152918c,item-version-171a97d7da2734b05ad1,microsoft-ml-for-beginners,quiz-app/src/assets/translations/en.json,json-73,d0d0ea2b2d22cddca31f9c6d108df7daa87a1b46,b278cb874c3e66ef48b20f766c69648f1f9331b9d414730f6461f2d6a3a5a27c,kp-ml-classification-applied,Classification 4,分类4,Embedding a model in a web app helps it to be offline-capable,true,false,,A,将模型嵌入到网络应用程序中有助于使其具有离线功能,正确,错误,,本题考查“分类4”，参考答案为 A：“正确”。,"{""correctOptionKey"":""A"",""correctReason"":""该陈述与课程中“分类4”的说明一致，因此应选择“正确”。"",""generationMethod"":""machine_translation_plus_structural_template"",""generationVersion"":""en-zh-candidate-2026-08-12"",""localizedStem"":""将模型嵌入到网络应用程序中有助于使其具有离线功能"",""memoryTip"":""复习“分类4”时，先定位题干关键词，再逐项核对定义和适用条件。"",""optionReasons"":{""A"":""该陈述与课程中“分类4”的说明一致，因此应选择“正确”。"",""B"":""“错误”不是本题参考答案；审核时需结合原课程补充它与正确选项的具体差异。""},""originalStem"":""Embedding a model in a web app helps it to be offline-capable"",""quality"":""structural_draft"",""requiresSubjectMatterReview"":true,""schemaVersion"":""quiz-explanation.v1"",""sourceUrls"":[""https://github.com/microsoft/ML-For-Beginners/blob/d0d0ea2b2d22cddca31f9c6d108df7daa87a1b46/quiz-app/src/assets/translations/en.json""],""summary"":""本题考查“分类4”，参考答案为 A：“正确”。""}",public_machine_translation,en-zh-candidate-2026-08-12,pending,pending,hold,,
item-9975f5e64a04d6e24e61,item-version-fc0d3588dfd626133a66,microsoft-ml-for-beginners,quiz-app/src/assets/translations/en.json,json-74,d0d0ea2b2d22cddca31f9c6d108df7daa87a1b46,b278cb874c3e66ef48b20f766c69648f1f9331b9d414730f6461f2d6a3a5a27c,kp-ml-classification-applied,Classification 4,分类4,Onnx Runtime can be used for,Running models in a web app,Training models,Hyperparameter tuning,A,Onnx 运行时可用于,在网络应用程序中运行模型,训练模型,超参数调整,本题考查“分类4”，参考答案为 A：“在网络应用程序中运行模型”。,"{""correctOptionKey"":""A"",""correctReason"":""在给定选项中，“在网络应用程序中运行模型”最符合题干对“分类4”的描述或条件。"",""generationMethod"":""machine_translation_plus_structural_template"",""generationVersion"":""en-zh-candidate-2026-08-12"",""localizedStem"":""Onnx 运行时可用于"",""memoryTip"":""复习“分类4”时，先定位题干关键词，再逐项核对定义和适用条件。"",""optionReasons"":{""A"":""在给定选项中，“在网络应用程序中运行模型”最符合题干对“分类4”的描述或条件。"",""B"":""“训练模型”不是本题参考答案；审核时需结合原课程补充它与正确选项的具体差异。"",""C"":""“超参数调整”不是本题参考答案；审核时需结合原课程补充它与正确选项的具体差异。""},""originalStem"":""Onnx Runtime can be used for"",""quality"":""structural_draft"",""requiresSubjectMatterReview"":true,""schemaVersion"":""quiz-explanation.v1"",""sourceUrls"":[""https://github.com/microsoft/ML-For-Beginners/blob/d0d0ea2b2d22cddca31f9c6d108df7daa87a1b46/quiz-app/src/assets/translations/en.json""],""summary"":""本题考查“分类4”，参考答案为 A：“在网络应用程序中运行模型”。""}",public_machine_translation,en-zh-candidate-2026-08-12,pending,pending,hold,,
item-1777d393dfc4a5fbe08e,item-version-f156b19122342b658827,microsoft-ml-for-beginners,quiz-app/src/assets/translations/en.json,json-75,d0d0ea2b2d22cddca31f9c6d108df7daa87a1b46,b278cb874c3e66ef48b20f766c69648f1f9331b9d414730f6461f2d6a3a5a27c,kp-ml-classification-applied,Classification 4,分类4,Netron app helps you:,Visualize data,Visualize your model's structure,Test your web app,B,Netron 应用程序可以帮助您：,可视化数据,可视化模型的结构,测试您的网络应用程序,本题考查“分类4”，参考答案为 B：“可视化模型的结构”。,"{""correctOptionKey"":""B"",""correctReason"":""在给定选项中，“可视化模型的结构”最符合题干对“分类4”的描述或条件。"",""generationMethod"":""machine_translation_plus_structural_template"",""generationVersion"":""en-zh-candidate-2026-08-12"",""localizedStem"":""Netron 应用程序可以帮助您："",""memoryTip"":""复习“分类4”时，先定位题干关键词，再逐项核对定义和适用条件。"",""optionReasons"":{""A"":""“可视化数据”不是本题参考答案；审核时需结合原课程补充它与正确选项的具体差异。"",""B"":""在给定选项中，“可视化模型的结构”最符合题干对“分类4”的描述或条件。"",""C"":""“测试您的网络应用程序”不是本题参考答案；审核时需结合原课程补充它与正确选项的具体差异。""},""originalStem"":""Netron app helps you:"",""quality"":""structural_draft"",""requiresSubjectMatterReview"":true,""schemaVersion"":""quiz-explanation.v1"",""sourceUrls"":[""https://github.com/microsoft/ML-For-Beginners/blob/d0d0ea2b2d22cddca31f9c6d108df7daa87a1b46/quiz-app/src/assets/translations/en.json""],""summary"":""本题考查“分类4”，参考答案为 B：“可视化模型的结构”。""}",public_machine_translation,en-zh-candidate-2026-08-12,pending,pending,hold,,
item-3c3b41cf42ebb43799a3,item-version-b6faf03ecb13e8a366c7,microsoft-ml-for-beginners,quiz-app/src/assets/translations/en.json,json-76,d0d0ea2b2d22cddca31f9c6d108df7daa87a1b46,b278cb874c3e66ef48b20f766c69648f1f9331b9d414730f6461f2d6a3a5a27c,kp-ml-classification-applied,Classification 4,分类4,Convert your Scikit-learn model for use with Onnx using:,sklearn-app,sklearn-web,sklearn-onnx,C,使用以下方法转换您的 Scikit-learn 模型以与 Onnx 一起使用：,sklearn 应用程序,sklearn-网络,sklearn-onnx,本题考查“分类4”，参考答案为 C：“sklearn-onnx”。,"{""correctOptionKey"":""C"",""correctReason"":""在给定选项中，“sklearn-onnx”最符合题干对“分类4”的描述或条件。"",""generationMethod"":""machine_translation_plus_structural_template"",""generationVersion"":""en-zh-candidate-2026-08-12"",""localizedStem"":""使用以下方法转换您的 Scikit-learn 模型以与 Onnx 一起使用："",""memoryTip"":""复习“分类4”时，先定位题干关键词，再逐项核对定义和适用条件。"",""optionReasons"":{""A"":""“sklearn 应用程序”不是本题参考答案；审核时需结合原课程补充它与正确选项的具体差异。"",""B"":""“sklearn-网络”不是本题参考答案；审核时需结合原课程补充它与正确选项的具体差异。"",""C"":""在给定选项中，“sklearn-onnx”最符合题干对“分类4”的描述或条件。""},""originalStem"":""Convert your Scikit-learn model for use with Onnx using:"",""quality"":""structural_draft"",""requiresSubjectMatterReview"":true,""schemaVersion"":""quiz-explanation.v1"",""sourceUrls"":[""https://github.com/microsoft/ML-For-Beginners/blob/d0d0ea2b2d22cddca31f9c6d108df7daa87a1b46/quiz-app/src/assets/translations/en.json""],""summary"":""本题考查“分类4”，参考答案为 C：“sklearn-onnx”。""}",public_machine_translation,en-zh-candidate-2026-08-12,pending,pending,hold,,
item-d80824361bc55c1b042f,item-version-55af444f4971303d46bd,microsoft-ml-for-beginners,quiz-app/src/assets/translations/en.json,json-77,d0d0ea2b2d22cddca31f9c6d108df7daa87a1b46,b278cb874c3e66ef48b20f766c69648f1f9331b9d414730f6461f2d6a3a5a27c,kp-ml-classification-applied,Classification 4,分类4,Using your model in a web app is called:,inference,interference,insurance,A,在 Web 应用程序中使用您的模型称为：,推论,干扰,保险,本题考查“分类4”，参考答案为 A：“推论”。,"{""correctOptionKey"":""A"",""correctReason"":""在给定选项中，“推论”最符合题干对“分类4”的描述或条件。"",""generationMethod"":""machine_translation_plus_structural_template"",""generationVersion"":""en-zh-candidate-2026-08-12"",""localizedStem"":""在 Web 应用程序中使用您的模型称为："",""memoryTip"":""复习“分类4”时，先定位题干关键词，再逐项核对定义和适用条件。"",""optionReasons"":{""A"":""在给定选项中，“推论”最符合题干对“分类4”的描述或条件。"",""B"":""“干扰”不是本题参考答案；审核时需结合原课程补充它与正确选项的具体差异。"",""C"":""“保险”不是本题参考答案；审核时需结合原课程补充它与正确选项的具体差异。""},""originalStem"":""Using your model in a web app is called:"",""quality"":""structural_draft"",""requiresSubjectMatterReview"":true,""schemaVersion"":""quiz-explanation.v1"",""sourceUrls"":[""https://github.com/microsoft/ML-For-Beginners/blob/d0d0ea2b2d22cddca31f9c6d108df7daa87a1b46/quiz-app/src/assets/translations/en.json""],""summary"":""本题考查“分类4”，参考答案为 A：“推论”。""}",public_machine_translation,en-zh-candidate-2026-08-12,pending,pending,hold,,
item-43204443334395e750e7,item-version-d98b3b3364a9265c4379,microsoft-ml-for-beginners,quiz-app/src/assets/translations/en.json,json-78,d0d0ea2b2d22cddca31f9c6d108df7daa87a1b46,b278cb874c3e66ef48b20f766c69648f1f9331b9d414730f6461f2d6a3a5a27c,kp-ml-clustering-intro,Introduction to Clustering,聚类简介,A real-life example of clustering would be,Setting the dinner table,Sorting the laundry,Grocery shopping,B,现实生活中的聚类示例是,布置餐桌,对衣物进行分类,杂货店购物,本题考查“聚类简介”，参考答案为 B：“对衣物进行分类”。,"{""correctOptionKey"":""B"",""correctReason"":""在给定选项中，“对衣物进行分类”最符合题干对“聚类简介”的描述或条件。"",""generationMethod"":""machine_translation_plus_structural_template"",""generationVersion"":""en-zh-candidate-2026-08-12"",""localizedStem"":""现实生活中的聚类示例是"",""memoryTip"":""复习“聚类简介”时，先定位题干关键词，再逐项核对定义和适用条件。"",""optionReasons"":{""A"":""“布置餐桌”不是本题参考答案；审核时需结合原课程补充它与正确选项的具体差异。"",""B"":""在给定选项中，“对衣物进行分类”最符合题干对“聚类简介”的描述或条件。"",""C"":""“杂货店购物”不是本题参考答案；审核时需结合原课程补充它与正确选项的具体差异。""},""originalStem"":""A real-life example of clustering would be"",""quality"":""structural_draft"",""requiresSubjectMatterReview"":true,""schemaVersion"":""quiz-explanation.v1"",""sourceUrls"":[""https://github.com/microsoft/ML-For-Beginners/blob/d0d0ea2b2d22cddca31f9c6d108df7daa87a1b46/quiz-app/src/assets/translations/en.json""],""summary"":""本题考查“聚类简介”，参考答案为 B：“对衣物进行分类”。""}",public_machine_translation,en-zh-candidate-2026-08-12,pending,pending,hold,,
item-78b9d1ed489f900e4069,item-version-830e9baba7f180628b52,microsoft-ml-for-beginners,quiz-app/src/assets/translations/en.json,json-79,d0d0ea2b2d22cddca31f9c6d108df7daa87a1b46,b278cb874c3e66ef48b20f766c69648f1f9331b9d414730f6461f2d6a3a5a27c,kp-ml-clustering-intro,Introduction to Clustering,聚类简介,Clustering techniques can be used in these industries,banking,e-commerce,both of these,C,集群技术可用于这些行业,银行业,电子商务,这两个,本题考查“聚类简介”，参考答案为 C：“这两个”。,"{""correctOptionKey"":""C"",""correctReason"":""在给定选项中，“这两个”最符合题干对“聚类简介”的描述或条件。"",""generationMethod"":""machine_translation_plus_structural_template"",""generationVersion"":""en-zh-candidate-2026-08-12"",""localizedStem"":""集群技术可用于这些行业"",""memoryTip"":""复习“聚类简介”时，先定位题干关键词，再逐项核对定义和适用条件。"",""optionReasons"":{""A"":""“银行业”不是本题参考答案；审核时需结合原课程补充它与正确选项的具体差异。"",""B"":""“电子商务”不是本题参考答案；审核时需结合原课程补充它与正确选项的具体差异。"",""C"":""在给定选项中，“这两个”最符合题干对“聚类简介”的描述或条件。""},""originalStem"":""Clustering techniques can be used in these industries"",""quality"":""structural_draft"",""requiresSubjectMatterReview"":true,""schemaVersion"":""quiz-explanation.v1"",""sourceUrls"":[""https://github.com/microsoft/ML-For-Beginners/blob/d0d0ea2b2d22cddca31f9c6d108df7daa87a1b46/quiz-app/src/assets/translations/en.json""],""summary"":""本题考查“聚类简介”，参考答案为 C：“这两个”。""}",public_machine_translation,en-zh-candidate-2026-08-12,pending,pending,hold,,
item-76815a18ecdca3b1b528,item-version-a709e7f23fd28a4685b8,microsoft-ml-for-beginners,quiz-app/src/assets/translations/en.json,json-80,d0d0ea2b2d22cddca31f9c6d108df7daa87a1b46,b278cb874c3e66ef48b20f766c69648f1f9331b9d414730f6461f2d6a3a5a27c,kp-ml-clustering-intro,Introduction to Clustering,聚类简介,Clustering is a type of:,supervised learning,unsupervised learning,reinforcement learning,B,聚类是一种：,监督学习,无监督学习,强化学习,本题考查“聚类简介”，参考答案为 B：“无监督学习”。,"{""correctOptionKey"":""B"",""correctReason"":""在给定选项中，“无监督学习”最符合题干对“聚类简介”的描述或条件。"",""generationMethod"":""machine_translation_plus_structural_template"",""generationVersion"":""en-zh-candidate-2026-08-12"",""localizedStem"":""聚类是一种："",""memoryTip"":""复习“聚类简介”时，先定位题干关键词，再逐项核对定义和适用条件。"",""optionReasons"":{""A"":""“监督学习”不是本题参考答案；审核时需结合原课程补充它与正确选项的具体差异。"",""B"":""在给定选项中，“无监督学习”最符合题干对“聚类简介”的描述或条件。"",""C"":""“强化学习”不是本题参考答案；审核时需结合原课程补充它与正确选项的具体差异。""},""originalStem"":""Clustering is a type of:"",""quality"":""structural_draft"",""requiresSubjectMatterReview"":true,""schemaVersion"":""quiz-explanation.v1"",""sourceUrls"":[""https://github.com/microsoft/ML-For-Beginners/blob/d0d0ea2b2d22cddca31f9c6d108df7daa87a1b46/quiz-app/src/assets/translations/en.json""],""summary"":""本题考查“聚类简介”，参考答案为 B：“无监督学习”。""}",public_machine_translation,en-zh-candidate-2026-08-12,pending,pending,hold,,
item-52f97701b862ffe8e6c5,item-version-91aa3d1488703cd45734,microsoft-ml-for-beginners,quiz-app/src/assets/translations/en.json,json-81,d0d0ea2b2d22cddca31f9c6d108df7daa87a1b46,b278cb874c3e66ef48b20f766c69648f1f9331b9d414730f6461f2d6a3a5a27c,kp-ml-clustering-intro,Introduction to Clustering,聚类简介,Euclidean geometry is arranged along,planes,curves,spheres,A,欧几里得几何排列为,飞机,曲线,球体,本题考查“聚类简介”，参考答案为 A：“飞机”。,"{""correctOptionKey"":""A"",""correctReason"":""在给定选项中，“飞机”最符合题干对“聚类简介”的描述或条件。"",""generationMethod"":""machine_translation_plus_structural_template"",""generationVersion"":""en-zh-candidate-2026-08-12"",""localizedStem"":""欧几里得几何排列为"",""memoryTip"":""复习“聚类简介”时，先定位题干关键词，再逐项核对定义和适用条件。"",""optionReasons"":{""A"":""在给定选项中，“飞机”最符合题干对“聚类简介”的描述或条件。"",""B"":""“曲线”不是本题参考答案；审核时需结合原课程补充它与正确选项的具体差异。"",""C"":""“球体”不是本题参考答案；审核时需结合原课程补充它与正确选项的具体差异。""},""originalStem"":""Euclidean geometry is arranged along"",""quality"":""structural_draft"",""requiresSubjectMatterReview"":true,""schemaVersion"":""quiz-explanation.v1"",""sourceUrls"":[""https://github.com/microsoft/ML-For-Beginners/blob/d0d0ea2b2d22cddca31f9c6d108df7daa87a1b46/quiz-app/src/assets/translations/en.json""],""summary"":""本题考查“聚类简介”，参考答案为 A：“飞机”。""}",public_machine_translation,en-zh-candidate-2026-08-12,pending,pending,hold,,
item-c2b674b69b0563769cd7,item-version-fa54edcd1b34329763c4,microsoft-ml-for-beginners,quiz-app/src/assets/translations/en.json,json-82,d0d0ea2b2d22cddca31f9c6d108df7daa87a1b46,b278cb874c3e66ef48b20f766c69648f1f9331b9d414730f6461f2d6a3a5a27c,kp-ml-clustering-intro,Introduction to Clustering,聚类简介,The density of your clustering data is related to its,noise,depth,validity,A,聚类数据的密度与其相关,噪音,深度,有效性,本题考查“聚类简介”，参考答案为 A：“噪音”。,"{""correctOptionKey"":""A"",""correctReason"":""在给定选项中，“噪音”最符合题干对“聚类简介”的描述或条件。"",""generationMethod"":""machine_translation_plus_structural_template"",""generationVersion"":""en-zh-candidate-2026-08-12"",""localizedStem"":""聚类数据的密度与其相关"",""memoryTip"":""复习“聚类简介”时，先定位题干关键词，再逐项核对定义和适用条件。"",""optionReasons"":{""A"":""在给定选项中，“噪音”最符合题干对“聚类简介”的描述或条件。"",""B"":""“深度”不是本题参考答案；审核时需结合原课程补充它与正确选项的具体差异。"",""C"":""“有效性”不是本题参考答案；审核时需结合原课程补充它与正确选项的具体差异。""},""originalStem"":""The density of your clustering data is related to its"",""quality"":""structural_draft"",""requiresSubjectMatterReview"":true,""schemaVersion"":""quiz-explanation.v1"",""sourceUrls"":[""https://github.com/microsoft/ML-For-Beginners/blob/d0d0ea2b2d22cddca31f9c6d108df7daa87a1b46/quiz-app/src/assets/translations/en.json""],""summary"":""本题考查“聚类简介”，参考答案为 A：“噪音”。""}",public_machine_translation,en-zh-candidate-2026-08-12,pending,pending,hold,,
item-e7728783463b5015f512,item-version-586ad16b8b28a47b4911,microsoft-ml-for-beginners,quiz-app/src/assets/translations/en.json,json-83,d0d0ea2b2d22cddca31f9c6d108df7daa87a1b46,b278cb874c3e66ef48b20f766c69648f1f9331b9d414730f6461f2d6a3a5a27c,kp-ml-clustering-intro,Introduction to Clustering,聚类简介,The best-known clustering algorithm is,k-means,k-middle,k-mart,A,最著名的聚类算法是,k-均值,k-中,凯玛特,本题考查“聚类简介”，参考答案为 A：“k-均值”。,"{""correctOptionKey"":""A"",""correctReason"":""在给定选项中，“k-均值”最符合题干对“聚类简介”的描述或条件。"",""generationMethod"":""machine_translation_plus_structural_template"",""generationVersion"":""en-zh-candidate-2026-08-12"",""localizedStem"":""最著名的聚类算法是"",""memoryTip"":""复习“聚类简介”时，先定位题干关键词，再逐项核对定义和适用条件。"",""optionReasons"":{""A"":""在给定选项中，“k-均值”最符合题干对“聚类简介”的描述或条件。"",""B"":""“k-中”不是本题参考答案；审核时需结合原课程补充它与正确选项的具体差异。"",""C"":""“凯玛特”不是本题参考答案；审核时需结合原课程补充它与正确选项的具体差异。""},""originalStem"":""The best-known clustering algorithm is"",""quality"":""structural_draft"",""requiresSubjectMatterReview"":true,""schemaVersion"":""quiz-explanation.v1"",""sourceUrls"":[""https://github.com/microsoft/ML-For-Beginners/blob/d0d0ea2b2d22cddca31f9c6d108df7daa87a1b46/quiz-app/src/assets/translations/en.json""],""summary"":""本题考查“聚类简介”，参考答案为 A：“k-均值”。""}",public_machine_translation,en-zh-candidate-2026-08-12,pending,pending,hold,,
item-fe736f19b2b226b77e94,item-version-dd4b049e0a769329abd0,microsoft-ml-for-beginners,quiz-app/src/assets/translations/en.json,json-84,d0d0ea2b2d22cddca31f9c6d108df7daa87a1b46,b278cb874c3e66ef48b20f766c69648f1f9331b9d414730f6461f2d6a3a5a27c,kp-ml-kmeans,K-Means Clustering,K 均值聚类,K-Means is derived from:,electrical engineering,signal processing,computational linguistics,B,K 均值源自：,电气工程,信号处理,计算语言学,本题考查“K 均值聚类”，参考答案为 B：“信号处理”。,"{""correctOptionKey"":""B"",""correctReason"":""在给定选项中，“信号处理”最符合题干对“K 均值聚类”的描述或条件。"",""generationMethod"":""machine_translation_plus_structural_template"",""generationVersion"":""en-zh-candidate-2026-08-12"",""localizedStem"":""K 均值源自："",""memoryTip"":""复习“K 均值聚类”时，先定位题干关键词，再逐项核对定义和适用条件。"",""optionReasons"":{""A"":""“电气工程”不是本题参考答案；审核时需结合原课程补充它与正确选项的具体差异。"",""B"":""在给定选项中，“信号处理”最符合题干对“K 均值聚类”的描述或条件。"",""C"":""“计算语言学”不是本题参考答案；审核时需结合原课程补充它与正确选项的具体差异。""},""originalStem"":""K-Means is derived from:"",""quality"":""structural_draft"",""requiresSubjectMatterReview"":true,""schemaVersion"":""quiz-explanation.v1"",""sourceUrls"":[""https://github.com/microsoft/ML-For-Beginners/blob/d0d0ea2b2d22cddca31f9c6d108df7daa87a1b46/quiz-app/src/assets/translations/en.json""],""summary"":""本题考查“K 均值聚类”，参考答案为 B：“信号处理”。""}",public_machine_translation,en-zh-candidate-2026-08-12,pending,pending,hold,,
item-62ea63cd3ae934eae383,item-version-9171c7c8c183ed09be30,microsoft-ml-for-beginners,quiz-app/src/assets/translations/en.json,json-85,d0d0ea2b2d22cddca31f9c6d108df7daa87a1b46,b278cb874c3e66ef48b20f766c69648f1f9331b9d414730f6461f2d6a3a5a27c,kp-ml-kmeans,K-Means Clustering,K 均值聚类,A good Silhouette score means:,clusters are well-separated and well-defined,there are few clusters,there are many clusters,A,良好的 Silhouette 分数意味着：,集群分离良好且定义明确,有几个集群,有很多簇,本题考查“K 均值聚类”，参考答案为 A：“集群分离良好且定义明确”。,"{""correctOptionKey"":""A"",""correctReason"":""在给定选项中，“集群分离良好且定义明确”最符合题干对“K 均值聚类”的描述或条件。"",""generationMethod"":""machine_translation_plus_structural_template"",""generationVersion"":""en-zh-candidate-2026-08-12"",""localizedStem"":""良好的 Silhouette 分数意味着："",""memoryTip"":""复习“K 均值聚类”时，先定位题干关键词，再逐项核对定义和适用条件。"",""optionReasons"":{""A"":""在给定选项中，“集群分离良好且定义明确”最符合题干对“K 均值聚类”的描述或条件。"",""B"":""“有几个集群”不是本题参考答案；审核时需结合原课程补充它与正确选项的具体差异。"",""C"":""“有很多簇”不是本题参考答案；审核时需结合原课程补充它与正确选项的具体差异。""},""originalStem"":""A good Silhouette score means:"",""quality"":""structural_draft"",""requiresSubjectMatterReview"":true,""schemaVersion"":""quiz-explanation.v1"",""sourceUrls"":[""https://github.com/microsoft/ML-For-Beginners/blob/d0d0ea2b2d22cddca31f9c6d108df7daa87a1b46/quiz-app/src/assets/translations/en.json""],""summary"":""本题考查“K 均值聚类”，参考答案为 A：“集群分离良好且定义明确”。""}",public_machine_translation,en-zh-candidate-2026-08-12,pending,pending,hold,,
item-a3a20a67afd3d0a752c0,item-version-42be2586fa5a335c5b39,microsoft-ml-for-beginners,quiz-app/src/assets/translations/en.json,json-86,d0d0ea2b2d22cddca31f9c6d108df7daa87a1b46,b278cb874c3e66ef48b20f766c69648f1f9331b9d414730f6461f2d6a3a5a27c,kp-ml-kmeans,K-Means Clustering,K 均值聚类,Variance is:,the average of the squared differences from the mean,a problem for clustering if it becomes too high,both of these,C,方差为：,与平均值的平方差的平均值,如果它变得太高，聚类就会出现问题,这两个,本题考查“K 均值聚类”，参考答案为 C：“这两个”。,"{""correctOptionKey"":""C"",""correctReason"":""在给定选项中，“这两个”最符合题干对“K 均值聚类”的描述或条件。"",""generationMethod"":""machine_translation_plus_structural_template"",""generationVersion"":""en-zh-candidate-2026-08-12"",""localizedStem"":""方差为："",""memoryTip"":""复习“K 均值聚类”时，先定位题干关键词，再逐项核对定义和适用条件。"",""optionReasons"":{""A"":""“与平均值的平方差的平均值”不是本题参考答案；审核时需结合原课程补充它与正确选项的具体差异。"",""B"":""“如果它变得太高，聚类就会出现问题”不是本题参考答案；审核时需结合原课程补充它与正确选项的具体差异。"",""C"":""在给定选项中，“这两个”最符合题干对“K 均值聚类”的描述或条件。""},""originalStem"":""Variance is:"",""quality"":""structural_draft"",""requiresSubjectMatterReview"":true,""schemaVersion"":""quiz-explanation.v1"",""sourceUrls"":[""https://github.com/microsoft/ML-For-Beginners/blob/d0d0ea2b2d22cddca31f9c6d108df7daa87a1b46/quiz-app/src/assets/translations/en.json""],""summary"":""本题考查“K 均值聚类”，参考答案为 C：“这两个”。""}",public_machine_translation,en-zh-candidate-2026-08-12,pending,pending,hold,,
item-f9544a553c8a3634975d,item-version-9502156b7ade82a2389c,microsoft-ml-for-beginners,quiz-app/src/assets/translations/en.json,json-87,d0d0ea2b2d22cddca31f9c6d108df7daa87a1b46,b278cb874c3e66ef48b20f766c69648f1f9331b9d414730f6461f2d6a3a5a27c,kp-ml-kmeans,K-Means Clustering,K 均值聚类,A Voronoi diagram shows:,a cluster's variance,a cluster's seed and its region,a cluster's inertia,B,沃罗诺伊图显示：,簇的方差,簇的种子及其区域,簇的惯性,本题考查“K 均值聚类”，参考答案为 B：“簇的种子及其区域”。,"{""correctOptionKey"":""B"",""correctReason"":""在给定选项中，“簇的种子及其区域”最符合题干对“K 均值聚类”的描述或条件。"",""generationMethod"":""machine_translation_plus_structural_template"",""generationVersion"":""en-zh-candidate-2026-08-12"",""localizedStem"":""沃罗诺伊图显示："",""memoryTip"":""复习“K 均值聚类”时，先定位题干关键词，再逐项核对定义和适用条件。"",""optionReasons"":{""A"":""“簇的方差”不是本题参考答案；审核时需结合原课程补充它与正确选项的具体差异。"",""B"":""在给定选项中，“簇的种子及其区域”最符合题干对“K 均值聚类”的描述或条件。"",""C"":""“簇的惯性”不是本题参考答案；审核时需结合原课程补充它与正确选项的具体差异。""},""originalStem"":""A Voronoi diagram shows:"",""quality"":""structural_draft"",""requiresSubjectMatterReview"":true,""schemaVersion"":""quiz-explanation.v1"",""sourceUrls"":[""https://github.com/microsoft/ML-For-Beginners/blob/d0d0ea2b2d22cddca31f9c6d108df7daa87a1b46/quiz-app/src/assets/translations/en.json""],""summary"":""本题考查“K 均值聚类”，参考答案为 B：“簇的种子及其区域”。""}",public_machine_translation,en-zh-candidate-2026-08-12,pending,pending,hold,,
item-e22f904d8cf947b2b93c,item-version-8b3d1217b988aefdcf21,microsoft-ml-for-beginners,quiz-app/src/assets/translations/en.json,json-88,d0d0ea2b2d22cddca31f9c6d108df7daa87a1b46,b278cb874c3e66ef48b20f766c69648f1f9331b9d414730f6461f2d6a3a5a27c,kp-ml-kmeans,K-Means Clustering,K 均值聚类,Inertia is,a measure of how internally coherent clusters are,a measure of how much clusters move,a measure of cluster quality,A,惯性是,衡量集群内部一致性的指标,衡量集群移动量的指标,集群质量的衡量标准,本题考查“K 均值聚类”，参考答案为 A：“衡量集群内部一致性的指标”。,"{""correctOptionKey"":""A"",""correctReason"":""在给定选项中，“衡量集群内部一致性的指标”最符合题干对“K 均值聚类”的描述或条件。"",""generationMethod"":""machine_translation_plus_structural_template"",""generationVersion"":""en-zh-candidate-2026-08-12"",""localizedStem"":""惯性是"",""memoryTip"":""复习“K 均值聚类”时，先定位题干关键词，再逐项核对定义和适用条件。"",""optionReasons"":{""A"":""在给定选项中，“衡量集群内部一致性的指标”最符合题干对“K 均值聚类”的描述或条件。"",""B"":""“衡量集群移动量的指标”不是本题参考答案；审核时需结合原课程补充它与正确选项的具体差异。"",""C"":""“集群质量的衡量标准”不是本题参考答案；审核时需结合原课程补充它与正确选项的具体差异。""},""originalStem"":""Inertia is"",""quality"":""structural_draft"",""requiresSubjectMatterReview"":true,""schemaVersion"":""quiz-explanation.v1"",""sourceUrls"":[""https://github.com/microsoft/ML-For-Beginners/blob/d0d0ea2b2d22cddca31f9c6d108df7daa87a1b46/quiz-app/src/assets/translations/en.json""],""summary"":""本题考查“K 均值聚类”，参考答案为 A：“衡量集群内部一致性的指标”。""}",public_machine_translation,en-zh-candidate-2026-08-12,pending,pending,hold,,
item-3c1d32745d7391487b23,item-version-cd632856163133a7ed7e,microsoft-ml-for-beginners,quiz-app/src/assets/translations/en.json,json-89,d0d0ea2b2d22cddca31f9c6d108df7daa87a1b46,b278cb874c3e66ef48b20f766c69648f1f9331b9d414730f6461f2d6a3a5a27c,kp-ml-kmeans,K-Means Clustering,K 均值聚类,"Using K-Means, you must first determine the value of 'k'",true,false,,A,使用 K 均值，必须首先确定“k”的值,正确,错误,,本题考查“K 均值聚类”，参考答案为 A：“正确”。,"{""correctOptionKey"":""A"",""correctReason"":""该陈述与课程中“K 均值聚类”的说明一致，因此应选择“正确”。"",""generationMethod"":""machine_translation_plus_structural_template"",""generationVersion"":""en-zh-candidate-2026-08-12"",""localizedStem"":""使用 K 均值，必须首先确定“k”的值"",""memoryTip"":""复习“K 均值聚类”时，先定位题干关键词，再逐项核对定义和适用条件。"",""optionReasons"":{""A"":""该陈述与课程中“K 均值聚类”的说明一致，因此应选择“正确”。"",""B"":""“错误”不是本题参考答案；审核时需结合原课程补充它与正确选项的具体差异。""},""originalStem"":""Using K-Means, you must first determine the value of 'k'"",""quality"":""structural_draft"",""requiresSubjectMatterReview"":true,""schemaVersion"":""quiz-explanation.v1"",""sourceUrls"":[""https://github.com/microsoft/ML-For-Beginners/blob/d0d0ea2b2d22cddca31f9c6d108df7daa87a1b46/quiz-app/src/assets/translations/en.json""],""summary"":""本题考查“K 均值聚类”，参考答案为 A：“正确”。""}",public_machine_translation,en-zh-candidate-2026-08-12,pending,pending,hold,,
item-14c5054c94db2faf1de9,item-version-296c356551995b2f4c77,microsoft-ml-for-beginners,quiz-app/src/assets/translations/en.json,json-90,d0d0ea2b2d22cddca31f9c6d108df7daa87a1b46,b278cb874c3e66ef48b20f766c69648f1f9331b9d414730f6461f2d6a3a5a27c,kp-ml-nlp-intro,Intro to NLP,自然语言处理简介,What does NLP stand for in these lessons?,Neural Language Processing,natural language processing,Natural Linguistic Processing,B,NLP 在这些课程中代表什么？,神经语言处理,自然语言处理,自然语言处理,本题考查“自然语言处理简介”，参考答案为 B：“自然语言处理”。,"{""correctOptionKey"":""B"",""correctReason"":""在给定选项中，“自然语言处理”最符合题干对“自然语言处理简介”的描述或条件。"",""generationMethod"":""machine_translation_plus_structural_template"",""generationVersion"":""en-zh-candidate-2026-08-12"",""localizedStem"":""NLP 在这些课程中代表什么？"",""memoryTip"":""复习“自然语言处理简介”时，先定位题干关键词，再逐项核对定义和适用条件。"",""optionReasons"":{""A"":""“神经语言处理”不是本题参考答案；审核时需结合原课程补充它与正确选项的具体差异。"",""B"":""在给定选项中，“自然语言处理”最符合题干对“自然语言处理简介”的描述或条件。"",""C"":""“自然语言处理”不是本题参考答案；审核时需结合原课程补充它与正确选项的具体差异。""},""originalStem"":""What does NLP stand for in these lessons?"",""quality"":""structural_draft"",""requiresSubjectMatterReview"":true,""schemaVersion"":""quiz-explanation.v1"",""sourceUrls"":[""https://github.com/microsoft/ML-For-Beginners/blob/d0d0ea2b2d22cddca31f9c6d108df7daa87a1b46/quiz-app/src/assets/translations/en.json""],""summary"":""本题考查“自然语言处理简介”，参考答案为 B：“自然语言处理”。""}",public_machine_translation,en-zh-candidate-2026-08-12,pending,pending,hold,,
item-a9b2a023177c591e53be,item-version-98b1a4a017c9d81810eb,microsoft-ml-for-beginners,quiz-app/src/assets/translations/en.json,json-91,d0d0ea2b2d22cddca31f9c6d108df7daa87a1b46,b278cb874c3e66ef48b20f766c69648f1f9331b9d414730f6461f2d6a3a5a27c,kp-ml-nlp-intro,Intro to NLP,自然语言处理简介,Eliza was an early bot that acted as a computer,therapist,doctor,nurse,A,Eliza 是一个早期的机器人，充当计算机的角色,治疗师,医生,护士,本题考查“自然语言处理简介”，参考答案为 A：“治疗师”。,"{""correctOptionKey"":""A"",""correctReason"":""在给定选项中，“治疗师”最符合题干对“自然语言处理简介”的描述或条件。"",""generationMethod"":""machine_translation_plus_structural_template"",""generationVersion"":""en-zh-candidate-2026-08-12"",""localizedStem"":""Eliza 是一个早期的机器人，充当计算机的角色"",""memoryTip"":""复习“自然语言处理简介”时，先定位题干关键词，再逐项核对定义和适用条件。"",""optionReasons"":{""A"":""在给定选项中，“治疗师”最符合题干对“自然语言处理简介”的描述或条件。"",""B"":""“医生”不是本题参考答案；审核时需结合原课程补充它与正确选项的具体差异。"",""C"":""“护士”不是本题参考答案；审核时需结合原课程补充它与正确选项的具体差异。""},""originalStem"":""Eliza was an early bot that acted as a computer"",""quality"":""structural_draft"",""requiresSubjectMatterReview"":true,""schemaVersion"":""quiz-explanation.v1"",""sourceUrls"":[""https://github.com/microsoft/ML-For-Beginners/blob/d0d0ea2b2d22cddca31f9c6d108df7daa87a1b46/quiz-app/src/assets/translations/en.json""],""summary"":""本题考查“自然语言处理简介”，参考答案为 A：“治疗师”。""}",public_machine_translation,en-zh-candidate-2026-08-12,pending,pending,hold,,
item-341ae8f8cecc65050ac4,item-version-0b483db14274fc5e133d,microsoft-ml-for-beginners,quiz-app/src/assets/translations/en.json,json-92,d0d0ea2b2d22cddca31f9c6d108df7daa87a1b46,b278cb874c3e66ef48b20f766c69648f1f9331b9d414730f6461f2d6a3a5a27c,kp-ml-nlp-intro,Intro to NLP,自然语言处理简介,Alan Turing's 'Turing Test' tried to determine if a computer was,indistinguishable from a human,thinking,both of the above,C,艾伦·图灵的“图灵测试”试图确定计算机是否,与人类没有区别,思考,以上两者都是,本题考查“自然语言处理简介”，参考答案为 C：“以上两者都是”。,"{""correctOptionKey"":""C"",""correctReason"":""在给定选项中，“以上两者都是”最符合题干对“自然语言处理简介”的描述或条件。"",""generationMethod"":""machine_translation_plus_structural_template"",""generationVersion"":""en-zh-candidate-2026-08-12"",""localizedStem"":""艾伦·图灵的“图灵测试”试图确定计算机是否"",""memoryTip"":""复习“自然语言处理简介”时，先定位题干关键词，再逐项核对定义和适用条件。"",""optionReasons"":{""A"":""“与人类没有区别”不是本题参考答案；审核时需结合原课程补充它与正确选项的具体差异。"",""B"":""“思考”不是本题参考答案；审核时需结合原课程补充它与正确选项的具体差异。"",""C"":""在给定选项中，“以上两者都是”最符合题干对“自然语言处理简介”的描述或条件。""},""originalStem"":""Alan Turing's 'Turing Test' tried to determine if a computer was"",""quality"":""structural_draft"",""requiresSubjectMatterReview"":true,""schemaVersion"":""quiz-explanation.v1"",""sourceUrls"":[""https://github.com/microsoft/ML-For-Beginners/blob/d0d0ea2b2d22cddca31f9c6d108df7daa87a1b46/quiz-app/src/assets/translations/en.json""],""summary"":""本题考查“自然语言处理简介”，参考答案为 C：“以上两者都是”。""}",public_machine_translation,en-zh-candidate-2026-08-12,pending,pending,hold,,
item-065cd2ff59681ead4b9e,item-version-f375e74021297ec97115,microsoft-ml-for-beginners,quiz-app/src/assets/translations/en.json,json-93,d0d0ea2b2d22cddca31f9c6d108df7daa87a1b46,b278cb874c3e66ef48b20f766c69648f1f9331b9d414730f6461f2d6a3a5a27c,kp-ml-nlp-intro,Intro to NLP,自然语言处理简介,Joseph Weizenbaum invented the bot,Elisha,Eliza,Eloise,B,约瑟夫·魏森鲍姆发明了机器人,以利沙,伊丽莎,埃洛伊斯,本题考查“自然语言处理简介”，参考答案为 B：“伊丽莎”。,"{""correctOptionKey"":""B"",""correctReason"":""在给定选项中，“伊丽莎”最符合题干对“自然语言处理简介”的描述或条件。"",""generationMethod"":""machine_translation_plus_structural_template"",""generationVersion"":""en-zh-candidate-2026-08-12"",""localizedStem"":""约瑟夫·魏森鲍姆发明了机器人"",""memoryTip"":""复习“自然语言处理简介”时，先定位题干关键词，再逐项核对定义和适用条件。"",""optionReasons"":{""A"":""“以利沙”不是本题参考答案；审核时需结合原课程补充它与正确选项的具体差异。"",""B"":""在给定选项中，“伊丽莎”最符合题干对“自然语言处理简介”的描述或条件。"",""C"":""“埃洛伊斯”不是本题参考答案；审核时需结合原课程补充它与正确选项的具体差异。""},""originalStem"":""Joseph Weizenbaum invented the bot"",""quality"":""structural_draft"",""requiresSubjectMatterReview"":true,""schemaVersion"":""quiz-explanation.v1"",""sourceUrls"":[""https://github.com/microsoft/ML-For-Beginners/blob/d0d0ea2b2d22cddca31f9c6d108df7daa87a1b46/quiz-app/src/assets/translations/en.json""],""summary"":""本题考查“自然语言处理简介”，参考答案为 B：“伊丽莎”。""}",public_machine_translation,en-zh-candidate-2026-08-12,pending,pending,hold,,
item-0878748da5f08aff9741,item-version-b28e10cae7e6ff86820b,microsoft-ml-for-beginners,quiz-app/src/assets/translations/en.json,json-94,d0d0ea2b2d22cddca31f9c6d108df7daa87a1b46,b278cb874c3e66ef48b20f766c69648f1f9331b9d414730f6461f2d6a3a5a27c,kp-ml-nlp-intro,Intro to NLP,自然语言处理简介,A conversational bot gives output based on,Randomly choosing predefined choices,Analyzing the input and using machine intelligence,Both of these,C,对话机器人根据以下内容给出输出,随机选择预定义选项,分析输入并使用机器智能,这两个,本题考查“自然语言处理简介”，参考答案为 C：“这两个”。,"{""correctOptionKey"":""C"",""correctReason"":""在给定选项中，“这两个”最符合题干对“自然语言处理简介”的描述或条件。"",""generationMethod"":""machine_translation_plus_structural_template"",""generationVersion"":""en-zh-candidate-2026-08-12"",""localizedStem"":""对话机器人根据以下内容给出输出"",""memoryTip"":""复习“自然语言处理简介”时，先定位题干关键词，再逐项核对定义和适用条件。"",""optionReasons"":{""A"":""“随机选择预定义选项”不是本题参考答案；审核时需结合原课程补充它与正确选项的具体差异。"",""B"":""“分析输入并使用机器智能”不是本题参考答案；审核时需结合原课程补充它与正确选项的具体差异。"",""C"":""在给定选项中，“这两个”最符合题干对“自然语言处理简介”的描述或条件。""},""originalStem"":""A conversational bot gives output based on"",""quality"":""structural_draft"",""requiresSubjectMatterReview"":true,""schemaVersion"":""quiz-explanation.v1"",""sourceUrls"":[""https://github.com/microsoft/ML-For-Beginners/blob/d0d0ea2b2d22cddca31f9c6d108df7daa87a1b46/quiz-app/src/assets/translations/en.json""],""summary"":""本题考查“自然语言处理简介”，参考答案为 C：“这两个”。""}",public_machine_translation,en-zh-candidate-2026-08-12,pending,pending,hold,,
item-b8ebe1ac923226fdd3dd,item-version-24ef6787246b4a7ea0c2,microsoft-ml-for-beginners,quiz-app/src/assets/translations/en.json,json-95,d0d0ea2b2d22cddca31f9c6d108df7daa87a1b46,b278cb874c3e66ef48b20f766c69648f1f9331b9d414730f6461f2d6a3a5a27c,kp-ml-nlp-intro,Intro to NLP,自然语言处理简介,How would you make the bot more effective?,By asking it more questions.,By feeding it more data and training it accordingly,"The bot is dumb, it cannot learn :(",B,如何让机器人更有效？,通过问更多问题。,通过向其提供更多数据并进行相应的训练,机器人很笨，它无法学习:(,本题考查“自然语言处理简介”，参考答案为 B：“通过向其提供更多数据并进行相应的训练”。,"{""correctOptionKey"":""B"",""correctReason"":""在给定选项中，“通过向其提供更多数据并进行相应的训练”最符合题干对“自然语言处理简介”的描述或条件。"",""generationMethod"":""machine_translation_plus_structural_template"",""generationVersion"":""en-zh-candidate-2026-08-12"",""localizedStem"":""如何让机器人更有效？"",""memoryTip"":""复习“自然语言处理简介”时，先定位题干关键词，再逐项核对定义和适用条件。"",""optionReasons"":{""A"":""“通过问更多问题。”不是本题参考答案；审核时需结合原课程补充它与正确选项的具体差异。"",""B"":""在给定选项中，“通过向其提供更多数据并进行相应的训练”最符合题干对“自然语言处理简介”的描述或条件。"",""C"":""“机器人很笨，它无法学习:(”不是本题参考答案；审核时需结合原课程补充它与正确选项的具体差异。""},""originalStem"":""How would you make the bot more effective?"",""quality"":""structural_draft"",""requiresSubjectMatterReview"":true,""schemaVersion"":""quiz-explanation.v1"",""sourceUrls"":[""https://github.com/microsoft/ML-For-Beginners/blob/d0d0ea2b2d22cddca31f9c6d108df7daa87a1b46/quiz-app/src/assets/translations/en.json""],""summary"":""本题考查“自然语言处理简介”，参考答案为 B：“通过向其提供更多数据并进行相应的训练”。""}",public_machine_translation,en-zh-candidate-2026-08-12,pending,pending,hold,,
item-67007e89717f94527c87,item-version-8459c822ef386cce9e21,microsoft-ml-for-beginners,quiz-app/src/assets/translations/en.json,json-96,d0d0ea2b2d22cddca31f9c6d108df7daa87a1b46,b278cb874c3e66ef48b20f766c69648f1f9331b9d414730f6461f2d6a3a5a27c,kp-ml-nlp-tasks,NLP Tasks,自然语言处理任务,Tokenization,Splits text by means of punctuation,Splits text into separate tokens (words),Splits text into phrases,B,代币化,通过标点符号分割文本,将文本拆分为单独的标记（单词）,将文本拆分为短语,本题考查“自然语言处理任务”，参考答案为 B：“将文本拆分为单独的标记（单词）”。,"{""correctOptionKey"":""B"",""correctReason"":""在给定选项中，“将文本拆分为单独的标记（单词）”最符合题干对“自然语言处理任务”的描述或条件。"",""generationMethod"":""machine_translation_plus_structural_template"",""generationVersion"":""en-zh-candidate-2026-08-12"",""localizedStem"":""代币化"",""memoryTip"":""复习“自然语言处理任务”时，先定位题干关键词，再逐项核对定义和适用条件。"",""optionReasons"":{""A"":""“通过标点符号分割文本”不是本题参考答案；审核时需结合原课程补充它与正确选项的具体差异。"",""B"":""在给定选项中，“将文本拆分为单独的标记（单词）”最符合题干对“自然语言处理任务”的描述或条件。"",""C"":""“将文本拆分为短语”不是本题参考答案；审核时需结合原课程补充它与正确选项的具体差异。""},""originalStem"":""Tokenization"",""quality"":""structural_draft"",""requiresSubjectMatterReview"":true,""schemaVersion"":""quiz-explanation.v1"",""sourceUrls"":[""https://github.com/microsoft/ML-For-Beginners/blob/d0d0ea2b2d22cddca31f9c6d108df7daa87a1b46/quiz-app/src/assets/translations/en.json""],""summary"":""本题考查“自然语言处理任务”，参考答案为 B：“将文本拆分为单独的标记（单词）”。""}",public_machine_translation,en-zh-candidate-2026-08-12,pending,pending,hold,,
item-19aeab6a6248843d7081,item-version-2a5c04d4dcaba28c46a3,microsoft-ml-for-beginners,quiz-app/src/assets/translations/en.json,json-97,d0d0ea2b2d22cddca31f9c6d108df7daa87a1b46,b278cb874c3e66ef48b20f766c69648f1f9331b9d414730f6461f2d6a3a5a27c,kp-ml-nlp-tasks,NLP Tasks,自然语言处理任务,Embeddings,converts text data numerically so words can cluster,embeds words into phrases,embeds sentences into paragraphs,A,嵌入,将文本数据转换为数字，以便单词可以聚类,将单词嵌入短语中,将句子嵌入段落中,本题考查“自然语言处理任务”，参考答案为 A：“将文本数据转换为数字，以便单词可以聚类”。,"{""correctOptionKey"":""A"",""correctReason"":""在给定选项中，“将文本数据转换为数字，以便单词可以聚类”最符合题干对“自然语言处理任务”的描述或条件。"",""generationMethod"":""machine_translation_plus_structural_template"",""generationVersion"":""en-zh-candidate-2026-08-12"",""localizedStem"":""嵌入"",""memoryTip"":""复习“自然语言处理任务”时，先定位题干关键词，再逐项核对定义和适用条件。"",""optionReasons"":{""A"":""在给定选项中，“将文本数据转换为数字，以便单词可以聚类”最符合题干对“自然语言处理任务”的描述或条件。"",""B"":""“将单词嵌入短语中”不是本题参考答案；审核时需结合原课程补充它与正确选项的具体差异。"",""C"":""“将句子嵌入段落中”不是本题参考答案；审核时需结合原课程补充它与正确选项的具体差异。""},""originalStem"":""Embeddings"",""quality"":""structural_draft"",""requiresSubjectMatterReview"":true,""schemaVersion"":""quiz-explanation.v1"",""sourceUrls"":[""https://github.com/microsoft/ML-For-Beginners/blob/d0d0ea2b2d22cddca31f9c6d108df7daa87a1b46/quiz-app/src/assets/translations/en.json""],""summary"":""本题考查“自然语言处理任务”，参考答案为 A：“将文本数据转换为数字，以便单词可以聚类”。""}",public_machine_translation,en-zh-candidate-2026-08-12,pending,pending,hold,,
item-94adf61b0e10842f949b,item-version-0d09d4166ed11bd135f3,microsoft-ml-for-beginners,quiz-app/src/assets/translations/en.json,json-98,d0d0ea2b2d22cddca31f9c6d108df7daa87a1b46,b278cb874c3e66ef48b20f766c69648f1f9331b9d414730f6461f2d6a3a5a27c,kp-ml-nlp-tasks,NLP Tasks,自然语言处理任务,Parts-of-Speech Tagging,divides sentences by their parts of speech,takes tokenized words and tags them by their part of speech,diagrams sentences,B,词性标注,按词类划分句子,获取标记化的单词并按其词性对其进行标记,图表句子,本题考查“自然语言处理任务”，参考答案为 B：“获取标记化的单词并按其词性对其进行标记”。,"{""correctOptionKey"":""B"",""correctReason"":""在给定选项中，“获取标记化的单词并按其词性对其进行标记”最符合题干对“自然语言处理任务”的描述或条件。"",""generationMethod"":""machine_translation_plus_structural_template"",""generationVersion"":""en-zh-candidate-2026-08-12"",""localizedStem"":""词性标注"",""memoryTip"":""复习“自然语言处理任务”时，先定位题干关键词，再逐项核对定义和适用条件。"",""optionReasons"":{""A"":""“按词类划分句子”不是本题参考答案；审核时需结合原课程补充它与正确选项的具体差异。"",""B"":""在给定选项中，“获取标记化的单词并按其词性对其进行标记”最符合题干对“自然语言处理任务”的描述或条件。"",""C"":""“图表句子”不是本题参考答案；审核时需结合原课程补充它与正确选项的具体差异。""},""originalStem"":""Parts-of-Speech Tagging"",""quality"":""structural_draft"",""requiresSubjectMatterReview"":true,""schemaVersion"":""quiz-explanation.v1"",""sourceUrls"":[""https://github.com/microsoft/ML-For-Beginners/blob/d0d0ea2b2d22cddca31f9c6d108df7daa87a1b46/quiz-app/src/assets/translations/en.json""],""summary"":""本题考查“自然语言处理任务”，参考答案为 B：“获取标记化的单词并按其词性对其进行标记”。""}",public_machine_translation,en-zh-candidate-2026-08-12,pending,pending,hold,,
item-952e45fd8f9c7be898fa,item-version-a5820733deda778b64e7,microsoft-ml-for-beginners,quiz-app/src/assets/translations/en.json,json-99,d0d0ea2b2d22cddca31f9c6d108df7daa87a1b46,b278cb874c3e66ef48b20f766c69648f1f9331b9d414730f6461f2d6a3a5a27c,kp-ml-nlp-tasks,NLP Tasks,自然语言处理任务,Build a dictionary of how often words reoccur using:,Word and Phrase Dictionary,Word and Phrase Frequencies,Word and Phrase Library,B,使用以下方法构建单词重复出现频率的字典：,词短语词典,单词和短语频率,单词和短语库,本题考查“自然语言处理任务”，参考答案为 B：“单词和短语频率”。,"{""correctOptionKey"":""B"",""correctReason"":""在给定选项中，“单词和短语频率”最符合题干对“自然语言处理任务”的描述或条件。"",""generationMethod"":""machine_translation_plus_structural_template"",""generationVersion"":""en-zh-candidate-2026-08-12"",""localizedStem"":""使用以下方法构建单词重复出现频率的字典："",""memoryTip"":""复习“自然语言处理任务”时，先定位题干关键词，再逐项核对定义和适用条件。"",""optionReasons"":{""A"":""“词短语词典”不是本题参考答案；审核时需结合原课程补充它与正确选项的具体差异。"",""B"":""在给定选项中，“单词和短语频率”最符合题干对“自然语言处理任务”的描述或条件。"",""C"":""“单词和短语库”不是本题参考答案；审核时需结合原课程补充它与正确选项的具体差异。""},""originalStem"":""Build a dictionary of how often words reoccur using:"",""quality"":""structural_draft"",""requiresSubjectMatterReview"":true,""schemaVersion"":""quiz-explanation.v1"",""sourceUrls"":[""https://github.com/microsoft/ML-For-Beginners/blob/d0d0ea2b2d22cddca31f9c6d108df7daa87a1b46/quiz-app/src/assets/translations/en.json""],""summary"":""本题考查“自然语言处理任务”，参考答案为 B：“单词和短语频率”。""}",public_machine_translation,en-zh-candidate-2026-08-12,pending,pending,hold,,
item-61bdc51a7902f4b47d57,item-version-724d98cf2d063ff32e13,microsoft-ml-for-beginners,quiz-app/src/assets/translations/en.json,json-100,d0d0ea2b2d22cddca31f9c6d108df7daa87a1b46,b278cb874c3e66ef48b20f766c69648f1f9331b9d414730f6461f2d6a3a5a27c,kp-ml-nlp-tasks,NLP Tasks,自然语言处理任务,N-grams refer to,A text can be split into sequences of words of a set length,A word can be split into sequences of characters of a set length,A text can be split into paragraphs of a set length,A,N-gram 指的是,文本可以被分割成设定长度的单词序列,一个单词可以被分割成一定长度的字符序列,文本可以分成设定长度的段落,本题考查“自然语言处理任务”，参考答案为 A：“文本可以被分割成设定长度的单词序列”。,"{""correctOptionKey"":""A"",""correctReason"":""在给定选项中，“文本可以被分割成设定长度的单词序列”最符合题干对“自然语言处理任务”的描述或条件。"",""generationMethod"":""machine_translation_plus_structural_template"",""generationVersion"":""en-zh-candidate-2026-08-12"",""localizedStem"":""N-gram 指的是"",""memoryTip"":""复习“自然语言处理任务”时，先定位题干关键词，再逐项核对定义和适用条件。"",""optionReasons"":{""A"":""在给定选项中，“文本可以被分割成设定长度的单词序列”最符合题干对“自然语言处理任务”的描述或条件。"",""B"":""“一个单词可以被分割成一定长度的字符序列”不是本题参考答案；审核时需结合原课程补充它与正确选项的具体差异。"",""C"":""“文本可以分成设定长度的段落”不是本题参考答案；审核时需结合原课程补充它与正确选项的具体差异。""},""originalStem"":""N-grams refer to"",""quality"":""structural_draft"",""requiresSubjectMatterReview"":true,""schemaVersion"":""quiz-explanation.v1"",""sourceUrls"":[""https://github.com/microsoft/ML-For-Beginners/blob/d0d0ea2b2d22cddca31f9c6d108df7daa87a1b46/quiz-app/src/assets/translations/en.json""],""summary"":""本题考查“自然语言处理任务”，参考答案为 A：“文本可以被分割成设定长度的单词序列”。""}",public_machine_translation,en-zh-candidate-2026-08-12,pending,pending,hold,,
item-8a093f4f44aa8a383f13,item-version-53c1ec1cfb2286917a42,microsoft-ml-for-beginners,quiz-app/src/assets/translations/en.json,json-101,d0d0ea2b2d22cddca31f9c6d108df7daa87a1b46,b278cb874c3e66ef48b20f766c69648f1f9331b9d414730f6461f2d6a3a5a27c,kp-ml-nlp-tasks,NLP Tasks,自然语言处理任务,Sentiment analysis,analyzes a phrase for positivity or negativity,analyzes a phrase for sentimentality,analyzes a phrase for sadness,A,情感分析,分析短语的积极性或消极性,分析一个短语的感伤性,分析悲伤的短语,本题考查“自然语言处理任务”，参考答案为 A：“分析短语的积极性或消极性”。,"{""correctOptionKey"":""A"",""correctReason"":""在给定选项中，“分析短语的积极性或消极性”最符合题干对“自然语言处理任务”的描述或条件。"",""generationMethod"":""machine_translation_plus_structural_template"",""generationVersion"":""en-zh-candidate-2026-08-12"",""localizedStem"":""情感分析"",""memoryTip"":""复习“自然语言处理任务”时，先定位题干关键词，再逐项核对定义和适用条件。"",""optionReasons"":{""A"":""在给定选项中，“分析短语的积极性或消极性”最符合题干对“自然语言处理任务”的描述或条件。"",""B"":""“分析一个短语的感伤性”不是本题参考答案；审核时需结合原课程补充它与正确选项的具体差异。"",""C"":""“分析悲伤的短语”不是本题参考答案；审核时需结合原课程补充它与正确选项的具体差异。""},""originalStem"":""Sentiment analysis"",""quality"":""structural_draft"",""requiresSubjectMatterReview"":true,""schemaVersion"":""quiz-explanation.v1"",""sourceUrls"":[""https://github.com/microsoft/ML-For-Beginners/blob/d0d0ea2b2d22cddca31f9c6d108df7daa87a1b46/quiz-app/src/assets/translations/en.json""],""summary"":""本题考查“自然语言处理任务”，参考答案为 A：“分析短语的积极性或消极性”。""}",public_machine_translation,en-zh-candidate-2026-08-12,pending,pending,hold,,
item-af32c826c64c768b1384,item-version-6d4a79579469f6d06a88,microsoft-ml-for-beginners,quiz-app/src/assets/translations/en.json,json-102,d0d0ea2b2d22cddca31f9c6d108df7daa87a1b46,b278cb874c3e66ef48b20f766c69648f1f9331b9d414730f6461f2d6a3a5a27c,kp-ml-nlp-translation,NLP and Translation,自然语言处理与翻译,Naive translation,translates words only,translates sentence structure,translates sentiment,A,幼稚的翻译,仅翻译单词,翻译句子结构,翻译情绪,本题考查“自然语言处理与翻译”，参考答案为 A：“仅翻译单词”。,"{""correctOptionKey"":""A"",""correctReason"":""在给定选项中，“仅翻译单词”最符合题干对“自然语言处理与翻译”的描述或条件。"",""generationMethod"":""machine_translation_plus_structural_template"",""generationVersion"":""en-zh-candidate-2026-08-12"",""localizedStem"":""幼稚的翻译"",""memoryTip"":""复习“自然语言处理与翻译”时，先定位题干关键词，再逐项核对定义和适用条件。"",""optionReasons"":{""A"":""在给定选项中，“仅翻译单词”最符合题干对“自然语言处理与翻译”的描述或条件。"",""B"":""“翻译句子结构”不是本题参考答案；审核时需结合原课程补充它与正确选项的具体差异。"",""C"":""“翻译情绪”不是本题参考答案；审核时需结合原课程补充它与正确选项的具体差异。""},""originalStem"":""Naive translation"",""quality"":""structural_draft"",""requiresSubjectMatterReview"":true,""schemaVersion"":""quiz-explanation.v1"",""sourceUrls"":[""https://github.com/microsoft/ML-For-Beginners/blob/d0d0ea2b2d22cddca31f9c6d108df7daa87a1b46/quiz-app/src/assets/translations/en.json""],""summary"":""本题考查“自然语言处理与翻译”，参考答案为 A：“仅翻译单词”。""}",public_machine_translation,en-zh-candidate-2026-08-12,pending,pending,hold,,
item-bd798085c9b488608f18,item-version-ce50399e2675b125443a,microsoft-ml-for-beginners,quiz-app/src/assets/translations/en.json,json-103,d0d0ea2b2d22cddca31f9c6d108df7daa87a1b46,b278cb874c3e66ef48b20f766c69648f1f9331b9d414730f6461f2d6a3a5a27c,kp-ml-nlp-translation,NLP and Translation,自然语言处理与翻译,A *corpus* of texts refers to,A small number of texts,A large number of texts,One standard text,B,文本*语料库*指的是,少量文字,大量文字,一份标准文本,本题考查“自然语言处理与翻译”，参考答案为 B：“大量文字”。,"{""correctOptionKey"":""B"",""correctReason"":""在给定选项中，“大量文字”最符合题干对“自然语言处理与翻译”的描述或条件。"",""generationMethod"":""machine_translation_plus_structural_template"",""generationVersion"":""en-zh-candidate-2026-08-12"",""localizedStem"":""文本*语料库*指的是"",""memoryTip"":""复习“自然语言处理与翻译”时，先定位题干关键词，再逐项核对定义和适用条件。"",""optionReasons"":{""A"":""“少量文字”不是本题参考答案；审核时需结合原课程补充它与正确选项的具体差异。"",""B"":""在给定选项中，“大量文字”最符合题干对“自然语言处理与翻译”的描述或条件。"",""C"":""“一份标准文本”不是本题参考答案；审核时需结合原课程补充它与正确选项的具体差异。""},""originalStem"":""A *corpus* of texts refers to"",""quality"":""structural_draft"",""requiresSubjectMatterReview"":true,""schemaVersion"":""quiz-explanation.v1"",""sourceUrls"":[""https://github.com/microsoft/ML-For-Beginners/blob/d0d0ea2b2d22cddca31f9c6d108df7daa87a1b46/quiz-app/src/assets/translations/en.json""],""summary"":""本题考查“自然语言处理与翻译”，参考答案为 B：“大量文字”。""}",public_machine_translation,en-zh-candidate-2026-08-12,pending,pending,hold,,
item-ef16bcbd542125cffa80,item-version-5a610449f0ac7c4f5601,microsoft-ml-for-beginners,quiz-app/src/assets/translations/en.json,json-104,d0d0ea2b2d22cddca31f9c6d108df7daa87a1b46,b278cb874c3e66ef48b20f766c69648f1f9331b9d414730f6461f2d6a3a5a27c,kp-ml-nlp-translation,NLP and Translation,自然语言处理与翻译,"If a ML model has enough human translations to build a model on, it can",abbreviate translations,standardize translations,improve the accuracy of translations,C,如果机器学习模型有足够的人工翻译来构建模型，那么它可以,缩写翻译,标准化翻译,提高翻译的准确性,本题考查“自然语言处理与翻译”，参考答案为 C：“提高翻译的准确性”。,"{""correctOptionKey"":""C"",""correctReason"":""在给定选项中，“提高翻译的准确性”最符合题干对“自然语言处理与翻译”的描述或条件。"",""generationMethod"":""machine_translation_plus_structural_template"",""generationVersion"":""en-zh-candidate-2026-08-12"",""localizedStem"":""如果机器学习模型有足够的人工翻译来构建模型，那么它可以"",""memoryTip"":""复习“自然语言处理与翻译”时，先定位题干关键词，再逐项核对定义和适用条件。"",""optionReasons"":{""A"":""“缩写翻译”不是本题参考答案；审核时需结合原课程补充它与正确选项的具体差异。"",""B"":""“标准化翻译”不是本题参考答案；审核时需结合原课程补充它与正确选项的具体差异。"",""C"":""在给定选项中，“提高翻译的准确性”最符合题干对“自然语言处理与翻译”的描述或条件。""},""originalStem"":""If a ML model has enough human translations to build a model on, it can"",""quality"":""structural_draft"",""requiresSubjectMatterReview"":true,""schemaVersion"":""quiz-explanation.v1"",""sourceUrls"":[""https://github.com/microsoft/ML-For-Beginners/blob/d0d0ea2b2d22cddca31f9c6d108df7daa87a1b46/quiz-app/src/assets/translations/en.json""],""summary"":""本题考查“自然语言处理与翻译”，参考答案为 C：“提高翻译的准确性”。""}",public_machine_translation,en-zh-candidate-2026-08-12,pending,pending,hold,,
item-bd9cb5a48ecd39336b8a,item-version-c1016cc99649c211bb9a,microsoft-ml-for-beginners,quiz-app/src/assets/translations/en.json,json-105,d0d0ea2b2d22cddca31f9c6d108df7daa87a1b46,b278cb874c3e66ef48b20f766c69648f1f9331b9d414730f6461f2d6a3a5a27c,kp-ml-nlp-translation,NLP and Translation,自然语言处理与翻译,Underlying TextBlob's translation library is:,Google Translate,Bing,A custom ML model,A,TextBlob 的底层翻译库是：,谷歌翻译,必应,自定义 ML 模型,本题考查“自然语言处理与翻译”，参考答案为 A：“谷歌翻译”。,"{""correctOptionKey"":""A"",""correctReason"":""在给定选项中，“谷歌翻译”最符合题干对“自然语言处理与翻译”的描述或条件。"",""generationMethod"":""machine_translation_plus_structural_template"",""generationVersion"":""en-zh-candidate-2026-08-12"",""localizedStem"":""TextBlob 的底层翻译库是："",""memoryTip"":""复习“自然语言处理与翻译”时，先定位题干关键词，再逐项核对定义和适用条件。"",""optionReasons"":{""A"":""在给定选项中，“谷歌翻译”最符合题干对“自然语言处理与翻译”的描述或条件。"",""B"":""“必应”不是本题参考答案；审核时需结合原课程补充它与正确选项的具体差异。"",""C"":""“自定义 ML 模型”不是本题参考答案；审核时需结合原课程补充它与正确选项的具体差异。""},""originalStem"":""Underlying TextBlob's translation library is:"",""quality"":""structural_draft"",""requiresSubjectMatterReview"":true,""schemaVersion"":""quiz-explanation.v1"",""sourceUrls"":[""https://github.com/microsoft/ML-For-Beginners/blob/d0d0ea2b2d22cddca31f9c6d108df7daa87a1b46/quiz-app/src/assets/translations/en.json""],""summary"":""本题考查“自然语言处理与翻译”，参考答案为 A：“谷歌翻译”。""}",public_machine_translation,en-zh-candidate-2026-08-12,pending,pending,hold,,
item-7e4f13c13f992b5de9ed,item-version-1fd0c1b4a40baf7cfe90,microsoft-ml-for-beginners,quiz-app/src/assets/translations/en.json,json-106,d0d0ea2b2d22cddca31f9c6d108df7daa87a1b46,b278cb874c3e66ef48b20f766c69648f1f9331b9d414730f6461f2d6a3a5a27c,kp-ml-nlp-translation,NLP and Translation,自然语言处理与翻译,To use `blob.translate` you need:,an internet connection,a dictionary,JavaScript,A,要使用“blob.translate”，您需要：,互联网连接,一本字典,JavaScript,本题考查“自然语言处理与翻译”，参考答案为 A：“互联网连接”。,"{""correctOptionKey"":""A"",""correctReason"":""在给定选项中，“互联网连接”最符合题干对“自然语言处理与翻译”的描述或条件。"",""generationMethod"":""machine_translation_plus_structural_template"",""generationVersion"":""en-zh-candidate-2026-08-12"",""localizedStem"":""要使用“blob.translate”，您需要："",""memoryTip"":""复习“自然语言处理与翻译”时，先定位题干关键词，再逐项核对定义和适用条件。"",""optionReasons"":{""A"":""在给定选项中，“互联网连接”最符合题干对“自然语言处理与翻译”的描述或条件。"",""B"":""“一本字典”不是本题参考答案；审核时需结合原课程补充它与正确选项的具体差异。"",""C"":""“JavaScript”不是本题参考答案；审核时需结合原课程补充它与正确选项的具体差异。""},""originalStem"":""To use `blob.translate` you need:"",""quality"":""structural_draft"",""requiresSubjectMatterReview"":true,""schemaVersion"":""quiz-explanation.v1"",""sourceUrls"":[""https://github.com/microsoft/ML-For-Beginners/blob/d0d0ea2b2d22cddca31f9c6d108df7daa87a1b46/quiz-app/src/assets/translations/en.json""],""summary"":""本题考查“自然语言处理与翻译”，参考答案为 A：“互联网连接”。""}",public_machine_translation,en-zh-candidate-2026-08-12,pending,pending,hold,,
item-73fac48945267a4d889d,item-version-1bd579ae942960d3626a,microsoft-ml-for-beginners,quiz-app/src/assets/translations/en.json,json-107,d0d0ea2b2d22cddca31f9c6d108df7daa87a1b46,b278cb874c3e66ef48b20f766c69648f1f9331b9d414730f6461f2d6a3a5a27c,kp-ml-nlp-translation,NLP and Translation,自然语言处理与翻译,"To determine sentiment, an ML approach would be to:",apply Regression techniques to manually generated opinions and scores and look for patterns,apply NLP techniques to manually generated opinions and scores and look for patterns,apply Clustering techniques to manually generated opinions and scores and look for patterns,B,为了确定情绪，机器学习方法将是：,将回归技术应用于手动生成的意见和分数并寻找模式,将 NLP 技术应用于手动生成的意见和分数并寻找模式,将聚类技术应用于手动生成的意见和分数并寻找模式,本题考查“自然语言处理与翻译”，参考答案为 B：“将 NLP 技术应用于手动生成的意见和分数并寻找模式”。,"{""correctOptionKey"":""B"",""correctReason"":""在给定选项中，“将 NLP 技术应用于手动生成的意见和分数并寻找模式”最符合题干对“自然语言处理与翻译”的描述或条件。"",""generationMethod"":""machine_translation_plus_structural_template"",""generationVersion"":""en-zh-candidate-2026-08-12"",""localizedStem"":""为了确定情绪，机器学习方法将是："",""memoryTip"":""复习“自然语言处理与翻译”时，先定位题干关键词，再逐项核对定义和适用条件。"",""optionReasons"":{""A"":""“将回归技术应用于手动生成的意见和分数并寻找模式”不是本题参考答案；审核时需结合原课程补充它与正确选项的具体差异。"",""B"":""在给定选项中，“将 NLP 技术应用于手动生成的意见和分数并寻找模式”最符合题干对“自然语言处理与翻译”的描述或条件。"",""C"":""“将聚类技术应用于手动生成的意见和分数并寻找模式”不是本题参考答案；审核时需结合原课程补充它与正确选项的具体差异。""},""originalStem"":""To determine sentiment, an ML approach would be to:"",""quality"":""structural_draft"",""requiresSubjectMatterReview"":true,""schemaVersion"":""quiz-explanation.v1"",""sourceUrls"":[""https://github.com/microsoft/ML-For-Beginners/blob/d0d0ea2b2d22cddca31f9c6d108df7daa87a1b46/quiz-app/src/assets/translations/en.json""],""summary"":""本题考查“自然语言处理与翻译”，参考答案为 B：“将 NLP 技术应用于手动生成的意见和分数并寻找模式”。""}",public_machine_translation,en-zh-candidate-2026-08-12,pending,pending,hold,,
item-530d2709d0bfb2dcad7b,item-version-df99c996ba0ffb2e4d11,microsoft-ml-for-beginners,quiz-app/src/assets/translations/en.json,json-108,d0d0ea2b2d22cddca31f9c6d108df7daa87a1b46,b278cb874c3e66ef48b20f766c69648f1f9331b9d414730f6461f2d6a3a5a27c,kp-ml-nlp-sentiment-1,NLP 4,自然语言处理4,What information can we get from text that was written or spoken by a human?,patterns and frequencies,sentiment and meaning,both of the above,C,我们可以从人类书写或​​说出的文本中获得哪些信息？,模式和频率,情感和意义,以上两者都是,本题考查“自然语言处理4”，参考答案为 C：“以上两者都是”。,"{""correctOptionKey"":""C"",""correctReason"":""在给定选项中，“以上两者都是”最符合题干对“自然语言处理4”的描述或条件。"",""generationMethod"":""machine_translation_plus_structural_template"",""generationVersion"":""en-zh-candidate-2026-08-12"",""localizedStem"":""我们可以从人类书写或​​说出的文本中获得哪些信息？"",""memoryTip"":""复习“自然语言处理4”时，先定位题干关键词，再逐项核对定义和适用条件。"",""optionReasons"":{""A"":""“模式和频率”不是本题参考答案；审核时需结合原课程补充它与正确选项的具体差异。"",""B"":""“情感和意义”不是本题参考答案；审核时需结合原课程补充它与正确选项的具体差异。"",""C"":""在给定选项中，“以上两者都是”最符合题干对“自然语言处理4”的描述或条件。""},""originalStem"":""What information can we get from text that was written or spoken by a human?"",""quality"":""structural_draft"",""requiresSubjectMatterReview"":true,""schemaVersion"":""quiz-explanation.v1"",""sourceUrls"":[""https://github.com/microsoft/ML-For-Beginners/blob/d0d0ea2b2d22cddca31f9c6d108df7daa87a1b46/quiz-app/src/assets/translations/en.json""],""summary"":""本题考查“自然语言处理4”，参考答案为 C：“以上两者都是”。""}",public_machine_translation,en-zh-candidate-2026-08-12,pending,pending,hold,,
item-671c66e561d2a5891205,item-version-9f4b30fe87169a496aa2,microsoft-ml-for-beginners,quiz-app/src/assets/translations/en.json,json-109,d0d0ea2b2d22cddca31f9c6d108df7daa87a1b46,b278cb874c3e66ef48b20f766c69648f1f9331b9d414730f6461f2d6a3a5a27c,kp-ml-nlp-sentiment-1,NLP 4,自然语言处理4,What is sentiment analysis?,a study of whether a family heirloom has sentimental value,"a method of systematically identifying, extracting, quantifying, and studying affective states and subjective information",the ability to tell whether someone is sad or happy,B,什么是情感分析？,关于传家宝是否具有情感价值的研究,一种系统地识别、提取、量化和研究情感状态和主观信息的方法,判断某人是否悲伤或快乐的能力,本题考查“自然语言处理4”，参考答案为 B：“一种系统地识别、提取、量化和研究情感状态和主观信息的方法”。,"{""correctOptionKey"":""B"",""correctReason"":""在给定选项中，“一种系统地识别、提取、量化和研究情感状态和主观信息的方法”最符合题干对“自然语言处理4”的描述或条件。"",""generationMethod"":""machine_translation_plus_structural_template"",""generationVersion"":""en-zh-candidate-2026-08-12"",""localizedStem"":""什么是情感分析？"",""memoryTip"":""复习“自然语言处理4”时，先定位题干关键词，再逐项核对定义和适用条件。"",""optionReasons"":{""A"":""“关于传家宝是否具有情感价值的研究”不是本题参考答案；审核时需结合原课程补充它与正确选项的具体差异。"",""B"":""在给定选项中，“一种系统地识别、提取、量化和研究情感状态和主观信息的方法”最符合题干对“自然语言处理4”的描述或条件。"",""C"":""“判断某人是否悲伤或快乐的能力”不是本题参考答案；审核时需结合原课程补充它与正确选项的具体差异。""},""originalStem"":""What is sentiment analysis?"",""quality"":""structural_draft"",""requiresSubjectMatterReview"":true,""schemaVersion"":""quiz-explanation.v1"",""sourceUrls"":[""https://github.com/microsoft/ML-For-Beginners/blob/d0d0ea2b2d22cddca31f9c6d108df7daa87a1b46/quiz-app/src/assets/translations/en.json""],""summary"":""本题考查“自然语言处理4”，参考答案为 B：“一种系统地识别、提取、量化和研究情感状态和主观信息的方法”。""}",public_machine_translation,en-zh-candidate-2026-08-12,pending,pending,hold,,
item-a1e69b03c0bb5392a91f,item-version-6c2a851f07375409e2e0,microsoft-ml-for-beginners,quiz-app/src/assets/translations/en.json,json-110,d0d0ea2b2d22cddca31f9c6d108df7daa87a1b46,b278cb874c3e66ef48b20f766c69648f1f9331b9d414730f6461f2d6a3a5a27c,kp-ml-nlp-sentiment-1,NLP 4,自然语言处理4,"What question could be answered using a dataset of hotel reviews, Python, and sentiment analysis?",What are the most frequently used words and phrases in reviews?,Which resort has the best pool?,Is there valet parking at this hotel?,A,使用酒店评论数据集、Python 和情感分析可以回答什么问题？,评论中最常用的单词和短语是什么？,哪个度假村拥有最好的游泳池？,这家酒店有代客泊车服务吗？,本题考查“自然语言处理4”，参考答案为 A：“评论中最常用的单词和短语是什么？”。,"{""correctOptionKey"":""A"",""correctReason"":""在给定选项中，“评论中最常用的单词和短语是什么？”最符合题干对“自然语言处理4”的描述或条件。"",""generationMethod"":""machine_translation_plus_structural_template"",""generationVersion"":""en-zh-candidate-2026-08-12"",""localizedStem"":""使用酒店评论数据集、Python 和情感分析可以回答什么问题？"",""memoryTip"":""复习“自然语言处理4”时，先定位题干关键词，再逐项核对定义和适用条件。"",""optionReasons"":{""A"":""在给定选项中，“评论中最常用的单词和短语是什么？”最符合题干对“自然语言处理4”的描述或条件。"",""B"":""“哪个度假村拥有最好的游泳池？”不是本题参考答案；审核时需结合原课程补充它与正确选项的具体差异。"",""C"":""“这家酒店有代客泊车服务吗？”不是本题参考答案；审核时需结合原课程补充它与正确选项的具体差异。""},""originalStem"":""What question could be answered using a dataset of hotel reviews, Python, and sentiment analysis?"",""quality"":""structural_draft"",""requiresSubjectMatterReview"":true,""schemaVersion"":""quiz-explanation.v1"",""sourceUrls"":[""https://github.com/microsoft/ML-For-Beginners/blob/d0d0ea2b2d22cddca31f9c6d108df7daa87a1b46/quiz-app/src/assets/translations/en.json""],""summary"":""本题考查“自然语言处理4”，参考答案为 A：“评论中最常用的单词和短语是什么？”。""}",public_machine_translation,en-zh-candidate-2026-08-12,pending,pending,hold,,
item-8f78d26ebf5ffb17379e,item-version-4678b22df2b4fb9bd32a,microsoft-ml-for-beginners,quiz-app/src/assets/translations/en.json,json-111,d0d0ea2b2d22cddca31f9c6d108df7daa87a1b46,b278cb874c3e66ef48b20f766c69648f1f9331b9d414730f6461f2d6a3a5a27c,kp-ml-nlp-sentiment-1,NLP 4,自然语言处理4,What is the essence of NLP?,categorizing human language into happy or sad,interpreting meaning or sentiment without having to have a human do it,finding outliers in sentiment and examining them,B,NLP的本质是什么？,将人类语言分为快乐或悲伤,无需人工来解释意义或情感,寻找情绪中的异常值并进行检查,本题考查“自然语言处理4”，参考答案为 B：“无需人工来解释意义或情感”。,"{""correctOptionKey"":""B"",""correctReason"":""在给定选项中，“无需人工来解释意义或情感”最符合题干对“自然语言处理4”的描述或条件。"",""generationMethod"":""machine_translation_plus_structural_template"",""generationVersion"":""en-zh-candidate-2026-08-12"",""localizedStem"":""NLP的本质是什么？"",""memoryTip"":""复习“自然语言处理4”时，先定位题干关键词，再逐项核对定义和适用条件。"",""optionReasons"":{""A"":""“将人类语言分为快乐或悲伤”不是本题参考答案；审核时需结合原课程补充它与正确选项的具体差异。"",""B"":""在给定选项中，“无需人工来解释意义或情感”最符合题干对“自然语言处理4”的描述或条件。"",""C"":""“寻找情绪中的异常值并进行检查”不是本题参考答案；审核时需结合原课程补充它与正确选项的具体差异。""},""originalStem"":""What is the essence of NLP?"",""quality"":""structural_draft"",""requiresSubjectMatterReview"":true,""schemaVersion"":""quiz-explanation.v1"",""sourceUrls"":[""https://github.com/microsoft/ML-For-Beginners/blob/d0d0ea2b2d22cddca31f9c6d108df7daa87a1b46/quiz-app/src/assets/translations/en.json""],""summary"":""本题考查“自然语言处理4”，参考答案为 B：“无需人工来解释意义或情感”。""}",public_machine_translation,en-zh-candidate-2026-08-12,pending,pending,hold,,
item-61b7f2bbc91938a921e3,item-version-4881235415a959869e25,microsoft-ml-for-beginners,quiz-app/src/assets/translations/en.json,json-112,d0d0ea2b2d22cddca31f9c6d108df7daa87a1b46,b278cb874c3e66ef48b20f766c69648f1f9331b9d414730f6461f2d6a3a5a27c,kp-ml-nlp-sentiment-1,NLP 4,自然语言处理4,What are some things you might look for while cleaning data?,characters in other languages,blank rows or columns,both of the above,C,清理数据时您可能会寻找哪些内容？,其他语言中的字符,空白行或空白列,以上两者都是,本题考查“自然语言处理4”，参考答案为 C：“以上两者都是”。,"{""correctOptionKey"":""C"",""correctReason"":""在给定选项中，“以上两者都是”最符合题干对“自然语言处理4”的描述或条件。"",""generationMethod"":""machine_translation_plus_structural_template"",""generationVersion"":""en-zh-candidate-2026-08-12"",""localizedStem"":""清理数据时您可能会寻找哪些内容？"",""memoryTip"":""复习“自然语言处理4”时，先定位题干关键词，再逐项核对定义和适用条件。"",""optionReasons"":{""A"":""“其他语言中的字符”不是本题参考答案；审核时需结合原课程补充它与正确选项的具体差异。"",""B"":""“空白行或空白列”不是本题参考答案；审核时需结合原课程补充它与正确选项的具体差异。"",""C"":""在给定选项中，“以上两者都是”最符合题干对“自然语言处理4”的描述或条件。""},""originalStem"":""What are some things you might look for while cleaning data?"",""quality"":""structural_draft"",""requiresSubjectMatterReview"":true,""schemaVersion"":""quiz-explanation.v1"",""sourceUrls"":[""https://github.com/microsoft/ML-For-Beginners/blob/d0d0ea2b2d22cddca31f9c6d108df7daa87a1b46/quiz-app/src/assets/translations/en.json""],""summary"":""本题考查“自然语言处理4”，参考答案为 C：“以上两者都是”。""}",public_machine_translation,en-zh-candidate-2026-08-12,pending,pending,hold,,
item-1ad6b945021fadd38b64,item-version-10a82222cd1f77df37d9,microsoft-ml-for-beginners,quiz-app/src/assets/translations/en.json,json-113,d0d0ea2b2d22cddca31f9c6d108df7daa87a1b46,b278cb874c3e66ef48b20f766c69648f1f9331b9d414730f6461f2d6a3a5a27c,kp-ml-nlp-sentiment-1,NLP 4,自然语言处理4,It is important to understand your data and its foibles before performing operations on it.,true,false,,A,在对数据执行操作之前了解数据及其缺陷非常重要。,正确,错误,,本题考查“自然语言处理4”，参考答案为 A：“正确”。,"{""correctOptionKey"":""A"",""correctReason"":""该陈述与课程中“自然语言处理4”的说明一致，因此应选择“正确”。"",""generationMethod"":""machine_translation_plus_structural_template"",""generationVersion"":""en-zh-candidate-2026-08-12"",""localizedStem"":""在对数据执行操作之前了解数据及其缺陷非常重要。"",""memoryTip"":""复习“自然语言处理4”时，先定位题干关键词，再逐项核对定义和适用条件。"",""optionReasons"":{""A"":""该陈述与课程中“自然语言处理4”的说明一致，因此应选择“正确”。"",""B"":""“错误”不是本题参考答案；审核时需结合原课程补充它与正确选项的具体差异。""},""originalStem"":""It is important to understand your data and its foibles before performing operations on it."",""quality"":""structural_draft"",""requiresSubjectMatterReview"":true,""schemaVersion"":""quiz-explanation.v1"",""sourceUrls"":[""https://github.com/microsoft/ML-For-Beginners/blob/d0d0ea2b2d22cddca31f9c6d108df7daa87a1b46/quiz-app/src/assets/translations/en.json""],""summary"":""本题考查“自然语言处理4”，参考答案为 A：“正确”。""}",public_machine_translation,en-zh-candidate-2026-08-12,pending,pending,hold,,
item-0d707867bee391a127bf,item-version-1fc3b715be44f18ee217,microsoft-ml-for-beginners,quiz-app/src/assets/translations/en.json,json-114,d0d0ea2b2d22cddca31f9c6d108df7daa87a1b46,b278cb874c3e66ef48b20f766c69648f1f9331b9d414730f6461f2d6a3a5a27c,kp-ml-nlp-sentiment-2,NLP 5,自然语言处理5,Why is it important to clean data before analyzing it?,Some columns might have missing or incorrect data,Messy data can lead to false conclusions about the dataset,Both of the above,C,为什么在分析数据之前清理数据很重要？,某些列可能缺少数据或数据不正确,混乱的数据可能会导致关于数据集的错误结论,以上两者都是,本题考查“自然语言处理5”，参考答案为 C：“以上两者都是”。,"{""correctOptionKey"":""C"",""correctReason"":""在给定选项中，“以上两者都是”最符合题干对“自然语言处理5”的描述或条件。"",""generationMethod"":""machine_translation_plus_structural_template"",""generationVersion"":""en-zh-candidate-2026-08-12"",""localizedStem"":""为什么在分析数据之前清理数据很重要？"",""memoryTip"":""复习“自然语言处理5”时，先定位题干关键词，再逐项核对定义和适用条件。"",""optionReasons"":{""A"":""“某些列可能缺少数据或数据不正确”不是本题参考答案；审核时需结合原课程补充它与正确选项的具体差异。"",""B"":""“混乱的数据可能会导致关于数据集的错误结论”不是本题参考答案；审核时需结合原课程补充它与正确选项的具体差异。"",""C"":""在给定选项中，“以上两者都是”最符合题干对“自然语言处理5”的描述或条件。""},""originalStem"":""Why is it important to clean data before analyzing it?"",""quality"":""structural_draft"",""requiresSubjectMatterReview"":true,""schemaVersion"":""quiz-explanation.v1"",""sourceUrls"":[""https://github.com/microsoft/ML-For-Beginners/blob/d0d0ea2b2d22cddca31f9c6d108df7daa87a1b46/quiz-app/src/assets/translations/en.json""],""summary"":""本题考查“自然语言处理5”，参考答案为 C：“以上两者都是”。""}",public_machine_translation,en-zh-candidate-2026-08-12,pending,pending,hold,,
item-47e97c8fd1b7a08abf47,item-version-fc3d69b4381b0289997d,microsoft-ml-for-beginners,quiz-app/src/assets/translations/en.json,json-115,d0d0ea2b2d22cddca31f9c6d108df7daa87a1b46,b278cb874c3e66ef48b20f766c69648f1f9331b9d414730f6461f2d6a3a5a27c,kp-ml-nlp-sentiment-2,NLP 5,自然语言处理5,What is one example of a strategy for cleaning data?,removing columns/rows that aren't useful for answering a specific question,getting rid of verified values that don't fit your hypothesis,moving the outliers to a separate table and running the calculations for that table to see if they match,A,清理数据策略的一个例子是什么？,删除对回答特定问题无用的列/行,摆脱不符合你的假设的验证值,将异常值移至单独的表并运行该表的计算以查看它们是否匹配,本题考查“自然语言处理5”，参考答案为 A：“删除对回答特定问题无用的列/行”。,"{""correctOptionKey"":""A"",""correctReason"":""在给定选项中，“删除对回答特定问题无用的列/行”最符合题干对“自然语言处理5”的描述或条件。"",""generationMethod"":""machine_translation_plus_structural_template"",""generationVersion"":""en-zh-candidate-2026-08-12"",""localizedStem"":""清理数据策略的一个例子是什么？"",""memoryTip"":""复习“自然语言处理5”时，先定位题干关键词，再逐项核对定义和适用条件。"",""optionReasons"":{""A"":""在给定选项中，“删除对回答特定问题无用的列/行”最符合题干对“自然语言处理5”的描述或条件。"",""B"":""“摆脱不符合你的假设的验证值”不是本题参考答案；审核时需结合原课程补充它与正确选项的具体差异。"",""C"":""“将异常值移至单独的表并运行该表的计算以查看它们是否匹配”不是本题参考答案；审核时需结合原课程补充它与正确选项的具体差异。""},""originalStem"":""What is one example of a strategy for cleaning data?"",""quality"":""structural_draft"",""requiresSubjectMatterReview"":true,""schemaVersion"":""quiz-explanation.v1"",""sourceUrls"":[""https://github.com/microsoft/ML-For-Beginners/blob/d0d0ea2b2d22cddca31f9c6d108df7daa87a1b46/quiz-app/src/assets/translations/en.json""],""summary"":""本题考查“自然语言处理5”，参考答案为 A：“删除对回答特定问题无用的列/行”。""}",public_machine_translation,en-zh-candidate-2026-08-12,pending,pending,hold,,
item-69bac3eb56a7f9e02fad,item-version-d1a5fa618a602995f0eb,microsoft-ml-for-beginners,quiz-app/src/assets/translations/en.json,json-116,d0d0ea2b2d22cddca31f9c6d108df7daa87a1b46,b278cb874c3e66ef48b20f766c69648f1f9331b9d414730f6461f2d6a3a5a27c,kp-ml-nlp-sentiment-2,NLP 5,自然语言处理5,It can be useful to categorize data using a Tag column.,true,false,,A,使用标签列对数据进行分类非常有用。,正确,错误,,本题考查“自然语言处理5”，参考答案为 A：“正确”。,"{""correctOptionKey"":""A"",""correctReason"":""该陈述与课程中“自然语言处理5”的说明一致，因此应选择“正确”。"",""generationMethod"":""machine_translation_plus_structural_template"",""generationVersion"":""en-zh-candidate-2026-08-12"",""localizedStem"":""使用标签列对数据进行分类非常有用。"",""memoryTip"":""复习“自然语言处理5”时，先定位题干关键词，再逐项核对定义和适用条件。"",""optionReasons"":{""A"":""该陈述与课程中“自然语言处理5”的说明一致，因此应选择“正确”。"",""B"":""“错误”不是本题参考答案；审核时需结合原课程补充它与正确选项的具体差异。""},""originalStem"":""It can be useful to categorize data using a Tag column."",""quality"":""structural_draft"",""requiresSubjectMatterReview"":true,""schemaVersion"":""quiz-explanation.v1"",""sourceUrls"":[""https://github.com/microsoft/ML-For-Beginners/blob/d0d0ea2b2d22cddca31f9c6d108df7daa87a1b46/quiz-app/src/assets/translations/en.json""],""summary"":""本题考查“自然语言处理5”，参考答案为 A：“正确”。""}",public_machine_translation,en-zh-candidate-2026-08-12,pending,pending,hold,,
item-2421c0736b7555a1c3bf,item-version-78fc8791ad0158b34963,microsoft-ml-for-beginners,quiz-app/src/assets/translations/en.json,json-117,d0d0ea2b2d22cddca31f9c6d108df7daa87a1b46,b278cb874c3e66ef48b20f766c69648f1f9331b9d414730f6461f2d6a3a5a27c,kp-ml-nlp-sentiment-2,NLP 5,自然语言处理5,What is the goal of the dataset?,to see how many negative and positive reviews there are for hotels across the world,to add sentiment and columns that will help you choose the best hotel,to analyze why people leave specific reviews,B,数据集的目标是什么？,查看世界各地的酒店有多少负面和正面评价,添加情感和栏目，帮助您选择最好的酒店,分析人们留下具体评论的原因,本题考查“自然语言处理5”，参考答案为 B：“添加情感和栏目，帮助您选择最好的酒店”。,"{""correctOptionKey"":""B"",""correctReason"":""在给定选项中，“添加情感和栏目，帮助您选择最好的酒店”最符合题干对“自然语言处理5”的描述或条件。"",""generationMethod"":""machine_translation_plus_structural_template"",""generationVersion"":""en-zh-candidate-2026-08-12"",""localizedStem"":""数据集的目标是什么？"",""memoryTip"":""复习“自然语言处理5”时，先定位题干关键词，再逐项核对定义和适用条件。"",""optionReasons"":{""A"":""“查看世界各地的酒店有多少负面和正面评价”不是本题参考答案；审核时需结合原课程补充它与正确选项的具体差异。"",""B"":""在给定选项中，“添加情感和栏目，帮助您选择最好的酒店”最符合题干对“自然语言处理5”的描述或条件。"",""C"":""“分析人们留下具体评论的原因”不是本题参考答案；审核时需结合原课程补充它与正确选项的具体差异。""},""originalStem"":""What is the goal of the dataset?"",""quality"":""structural_draft"",""requiresSubjectMatterReview"":true,""schemaVersion"":""quiz-explanation.v1"",""sourceUrls"":[""https://github.com/microsoft/ML-For-Beginners/blob/d0d0ea2b2d22cddca31f9c6d108df7daa87a1b46/quiz-app/src/assets/translations/en.json""],""summary"":""本题考查“自然语言处理5”，参考答案为 B：“添加情感和栏目，帮助您选择最好的酒店”。""}",public_machine_translation,en-zh-candidate-2026-08-12,pending,pending,hold,,
item-d3c7c06ac18e38ef71cf,item-version-5541e796952a49570a14,microsoft-ml-for-beginners,quiz-app/src/assets/translations/en.json,json-118,d0d0ea2b2d22cddca31f9c6d108df7daa87a1b46,b278cb874c3e66ef48b20f766c69648f1f9331b9d414730f6461f2d6a3a5a27c,kp-ml-nlp-sentiment-2,NLP 5,自然语言处理5,What are stop words?,common English words that do not change the sentiment of a sentence,words that you can remove to speed up sentiment analysis,both of the above,C,什么是停用词？,不改变句子情绪的常见英语单词,您可以删除以加快情绪分析的单词,以上两者都是,本题考查“自然语言处理5”，参考答案为 C：“以上两者都是”。,"{""correctOptionKey"":""C"",""correctReason"":""在给定选项中，“以上两者都是”最符合题干对“自然语言处理5”的描述或条件。"",""generationMethod"":""machine_translation_plus_structural_template"",""generationVersion"":""en-zh-candidate-2026-08-12"",""localizedStem"":""什么是停用词？"",""memoryTip"":""复习“自然语言处理5”时，先定位题干关键词，再逐项核对定义和适用条件。"",""optionReasons"":{""A"":""“不改变句子情绪的常见英语单词”不是本题参考答案；审核时需结合原课程补充它与正确选项的具体差异。"",""B"":""“您可以删除以加快情绪分析的单词”不是本题参考答案；审核时需结合原课程补充它与正确选项的具体差异。"",""C"":""在给定选项中，“以上两者都是”最符合题干对“自然语言处理5”的描述或条件。""},""originalStem"":""What are stop words?"",""quality"":""structural_draft"",""requiresSubjectMatterReview"":true,""schemaVersion"":""quiz-explanation.v1"",""sourceUrls"":[""https://github.com/microsoft/ML-For-Beginners/blob/d0d0ea2b2d22cddca31f9c6d108df7daa87a1b46/quiz-app/src/assets/translations/en.json""],""summary"":""本题考查“自然语言处理5”，参考答案为 C：“以上两者都是”。""}",public_machine_translation,en-zh-candidate-2026-08-12,pending,pending,hold,,
item-3a2200f45f269ae2a26e,item-version-aa02ab7af7ca887ba8ff,microsoft-ml-for-beginners,quiz-app/src/assets/translations/en.json,json-119,d0d0ea2b2d22cddca31f9c6d108df7daa87a1b46,b278cb874c3e66ef48b20f766c69648f1f9331b9d414730f6461f2d6a3a5a27c,kp-ml-nlp-sentiment-2,NLP 5,自然语言处理5,"To test the sentiment analysis, make sure it matches the reviewer's score for the same review.",true,false,,A,要测试情绪分析，请确保它与评论者对同一评论的评分相匹配。,正确,错误,,本题考查“自然语言处理5”，参考答案为 A：“正确”。,"{""correctOptionKey"":""A"",""correctReason"":""该陈述与课程中“自然语言处理5”的说明一致，因此应选择“正确”。"",""generationMethod"":""machine_translation_plus_structural_template"",""generationVersion"":""en-zh-candidate-2026-08-12"",""localizedStem"":""要测试情绪分析，请确保它与评论者对同一评论的评分相匹配。"",""memoryTip"":""复习“自然语言处理5”时，先定位题干关键词，再逐项核对定义和适用条件。"",""optionReasons"":{""A"":""该陈述与课程中“自然语言处理5”的说明一致，因此应选择“正确”。"",""B"":""“错误”不是本题参考答案；审核时需结合原课程补充它与正确选项的具体差异。""},""originalStem"":""To test the sentiment analysis, make sure it matches the reviewer's score for the same review."",""quality"":""structural_draft"",""requiresSubjectMatterReview"":true,""schemaVersion"":""quiz-explanation.v1"",""sourceUrls"":[""https://github.com/microsoft/ML-For-Beginners/blob/d0d0ea2b2d22cddca31f9c6d108df7daa87a1b46/quiz-app/src/assets/translations/en.json""],""summary"":""本题考查“自然语言处理5”，参考答案为 A：“正确”。""}",public_machine_translation,en-zh-candidate-2026-08-12,pending,pending,hold,,
item-b158a9ebc8e214595641,item-version-9a5e6830ed82b793725f,microsoft-ml-for-beginners,quiz-app/src/assets/translations/en.json,json-120,d0d0ea2b2d22cddca31f9c6d108df7daa87a1b46,b278cb874c3e66ef48b20f766c69648f1f9331b9d414730f6461f2d6a3a5a27c,kp-ml-timeseries-intro,Intro to Time Series,时间序列简介,Time Series Forecasting is useful in,determining future costs,predicting future pricing,both the above,C,时间序列预测在以下方面很有用,确定未来成本,预测未来定价,以上两者,本题考查“时间序列简介”，参考答案为 C：“以上两者”。,"{""correctOptionKey"":""C"",""correctReason"":""在给定选项中，“以上两者”最符合题干对“时间序列简介”的描述或条件。"",""generationMethod"":""machine_translation_plus_structural_template"",""generationVersion"":""en-zh-candidate-2026-08-12"",""localizedStem"":""时间序列预测在以下方面很有用"",""memoryTip"":""复习“时间序列简介”时，先定位题干关键词，再逐项核对定义和适用条件。"",""optionReasons"":{""A"":""“确定未来成本”不是本题参考答案；审核时需结合原课程补充它与正确选项的具体差异。"",""B"":""“预测未来定价”不是本题参考答案；审核时需结合原课程补充它与正确选项的具体差异。"",""C"":""在给定选项中，“以上两者”最符合题干对“时间序列简介”的描述或条件。""},""originalStem"":""Time Series Forecasting is useful in"",""quality"":""structural_draft"",""requiresSubjectMatterReview"":true,""schemaVersion"":""quiz-explanation.v1"",""sourceUrls"":[""https://github.com/microsoft/ML-For-Beginners/blob/d0d0ea2b2d22cddca31f9c6d108df7daa87a1b46/quiz-app/src/assets/translations/en.json""],""summary"":""本题考查“时间序列简介”，参考答案为 C：“以上两者”。""}",public_machine_translation,en-zh-candidate-2026-08-12,pending,pending,hold,,
item-b924e9dd561ef037eca0,item-version-bcc5035003a44305e696,microsoft-ml-for-beginners,quiz-app/src/assets/translations/en.json,json-121,d0d0ea2b2d22cddca31f9c6d108df7daa87a1b46,b278cb874c3e66ef48b20f766c69648f1f9331b9d414730f6461f2d6a3a5a27c,kp-ml-timeseries-intro,Intro to Time Series,时间序列简介,A time series is a sequence taken at:,successive equally spaced points in space,successive equally spaced points in time,successive equally spaced points in space and time,B,时间序列是在以下位置获取的序列：,空间中连续的等距点,连续的等距时间点,空间和时间上连续的等距点,本题考查“时间序列简介”，参考答案为 B：“连续的等距时间点”。,"{""correctOptionKey"":""B"",""correctReason"":""在给定选项中，“连续的等距时间点”最符合题干对“时间序列简介”的描述或条件。"",""generationMethod"":""machine_translation_plus_structural_template"",""generationVersion"":""en-zh-candidate-2026-08-12"",""localizedStem"":""时间序列是在以下位置获取的序列："",""memoryTip"":""复习“时间序列简介”时，先定位题干关键词，再逐项核对定义和适用条件。"",""optionReasons"":{""A"":""“空间中连续的等距点”不是本题参考答案；审核时需结合原课程补充它与正确选项的具体差异。"",""B"":""在给定选项中，“连续的等距时间点”最符合题干对“时间序列简介”的描述或条件。"",""C"":""“空间和时间上连续的等距点”不是本题参考答案；审核时需结合原课程补充它与正确选项的具体差异。""},""originalStem"":""A time series is a sequence taken at:"",""quality"":""structural_draft"",""requiresSubjectMatterReview"":true,""schemaVersion"":""quiz-explanation.v1"",""sourceUrls"":[""https://github.com/microsoft/ML-For-Beginners/blob/d0d0ea2b2d22cddca31f9c6d108df7daa87a1b46/quiz-app/src/assets/translations/en.json""],""summary"":""本题考查“时间序列简介”，参考答案为 B：“连续的等距时间点”。""}",public_machine_translation,en-zh-candidate-2026-08-12,pending,pending,hold,,
item-c533bee5d91931bb1e32,item-version-9cd442986b9c2d358f22,microsoft-ml-for-beginners,quiz-app/src/assets/translations/en.json,json-122,d0d0ea2b2d22cddca31f9c6d108df7daa87a1b46,b278cb874c3e66ef48b20f766c69648f1f9331b9d414730f6461f2d6a3a5a27c,kp-ml-timeseries-intro,Intro to Time Series,时间序列简介,Time series can be used in:,earthquake prediction,computer vision,color analysis,A,时间序列可用于：,地震预报,计算机视觉,色彩分析,本题考查“时间序列简介”，参考答案为 A：“地震预报”。,"{""correctOptionKey"":""A"",""correctReason"":""在给定选项中，“地震预报”最符合题干对“时间序列简介”的描述或条件。"",""generationMethod"":""machine_translation_plus_structural_template"",""generationVersion"":""en-zh-candidate-2026-08-12"",""localizedStem"":""时间序列可用于："",""memoryTip"":""复习“时间序列简介”时，先定位题干关键词，再逐项核对定义和适用条件。"",""optionReasons"":{""A"":""在给定选项中，“地震预报”最符合题干对“时间序列简介”的描述或条件。"",""B"":""“计算机视觉”不是本题参考答案；审核时需结合原课程补充它与正确选项的具体差异。"",""C"":""“色彩分析”不是本题参考答案；审核时需结合原课程补充它与正确选项的具体差异。""},""originalStem"":""Time series can be used in:"",""quality"":""structural_draft"",""requiresSubjectMatterReview"":true,""schemaVersion"":""quiz-explanation.v1"",""sourceUrls"":[""https://github.com/microsoft/ML-For-Beginners/blob/d0d0ea2b2d22cddca31f9c6d108df7daa87a1b46/quiz-app/src/assets/translations/en.json""],""summary"":""本题考查“时间序列简介”，参考答案为 A：“地震预报”。""}",public_machine_translation,en-zh-candidate-2026-08-12,pending,pending,hold,,
item-76c9d69ffc11d7bd677b,item-version-839a4ecd1dd010aa4d5e,microsoft-ml-for-beginners,quiz-app/src/assets/translations/en.json,json-123,d0d0ea2b2d22cddca31f9c6d108df7daa87a1b46,b278cb874c3e66ef48b20f766c69648f1f9331b9d414730f6461f2d6a3a5a27c,kp-ml-timeseries-intro,Intro to Time Series,时间序列简介,Time series trends are,Measurable increases and decreases over time,Quantifying decreases over time,Gaps between increases and decreases over time,A,时间序列趋势是,随着时间的推移可测量的增加和减少,量化随着时间的推移而减少,随着时间的推移增加和减少之间的差距,本题考查“时间序列简介”，参考答案为 A：“随着时间的推移可测量的增加和减少”。,"{""correctOptionKey"":""A"",""correctReason"":""在给定选项中，“随着时间的推移可测量的增加和减少”最符合题干对“时间序列简介”的描述或条件。"",""generationMethod"":""machine_translation_plus_structural_template"",""generationVersion"":""en-zh-candidate-2026-08-12"",""localizedStem"":""时间序列趋势是"",""memoryTip"":""复习“时间序列简介”时，先定位题干关键词，再逐项核对定义和适用条件。"",""optionReasons"":{""A"":""在给定选项中，“随着时间的推移可测量的增加和减少”最符合题干对“时间序列简介”的描述或条件。"",""B"":""“量化随着时间的推移而减少”不是本题参考答案；审核时需结合原课程补充它与正确选项的具体差异。"",""C"":""“随着时间的推移增加和减少之间的差距”不是本题参考答案；审核时需结合原课程补充它与正确选项的具体差异。""},""originalStem"":""Time series trends are"",""quality"":""structural_draft"",""requiresSubjectMatterReview"":true,""schemaVersion"":""quiz-explanation.v1"",""sourceUrls"":[""https://github.com/microsoft/ML-For-Beginners/blob/d0d0ea2b2d22cddca31f9c6d108df7daa87a1b46/quiz-app/src/assets/translations/en.json""],""summary"":""本题考查“时间序列简介”，参考答案为 A：“随着时间的推移可测量的增加和减少”。""}",public_machine_translation,en-zh-candidate-2026-08-12,pending,pending,hold,,
item-ad9cdc3286922c81106a,item-version-62452aa93b80ac267fb7,microsoft-ml-for-beginners,quiz-app/src/assets/translations/en.json,json-124,d0d0ea2b2d22cddca31f9c6d108df7daa87a1b46,b278cb874c3e66ef48b20f766c69648f1f9331b9d414730f6461f2d6a3a5a27c,kp-ml-timeseries-intro,Intro to Time Series,时间序列简介,Outliers are,points close to standard data variance,points far away from standard data variance,points within standard data variance,B,异常值是,接近标准数据方差的点,远离标准数据方差的点,标准数据方差内的点,本题考查“时间序列简介”，参考答案为 B：“远离标准数据方差的点”。,"{""correctOptionKey"":""B"",""correctReason"":""在给定选项中，“远离标准数据方差的点”最符合题干对“时间序列简介”的描述或条件。"",""generationMethod"":""machine_translation_plus_structural_template"",""generationVersion"":""en-zh-candidate-2026-08-12"",""localizedStem"":""异常值是"",""memoryTip"":""复习“时间序列简介”时，先定位题干关键词，再逐项核对定义和适用条件。"",""optionReasons"":{""A"":""“接近标准数据方差的点”不是本题参考答案；审核时需结合原课程补充它与正确选项的具体差异。"",""B"":""在给定选项中，“远离标准数据方差的点”最符合题干对“时间序列简介”的描述或条件。"",""C"":""“标准数据方差内的点”不是本题参考答案；审核时需结合原课程补充它与正确选项的具体差异。""},""originalStem"":""Outliers are"",""quality"":""structural_draft"",""requiresSubjectMatterReview"":true,""schemaVersion"":""quiz-explanation.v1"",""sourceUrls"":[""https://github.com/microsoft/ML-For-Beginners/blob/d0d0ea2b2d22cddca31f9c6d108df7daa87a1b46/quiz-app/src/assets/translations/en.json""],""summary"":""本题考查“时间序列简介”，参考答案为 B：“远离标准数据方差的点”。""}",public_machine_translation,en-zh-candidate-2026-08-12,pending,pending,hold,,
item-dd2832b1b887b7612c25,item-version-1d2e4038adeb887867c6,microsoft-ml-for-beginners,quiz-app/src/assets/translations/en.json,json-125,d0d0ea2b2d22cddca31f9c6d108df7daa87a1b46,b278cb874c3e66ef48b20f766c69648f1f9331b9d414730f6461f2d6a3a5a27c,kp-ml-timeseries-intro,Intro to Time Series,时间序列简介,Time Series Forecasting is most useful for,Econometrics,History,Libraries,A,时间序列预测最有用的是,计量经济学,历史,图书馆,本题考查“时间序列简介”，参考答案为 A：“计量经济学”。,"{""correctOptionKey"":""A"",""correctReason"":""在给定选项中，“计量经济学”最符合题干对“时间序列简介”的描述或条件。"",""generationMethod"":""machine_translation_plus_structural_template"",""generationVersion"":""en-zh-candidate-2026-08-12"",""localizedStem"":""时间序列预测最有用的是"",""memoryTip"":""复习“时间序列简介”时，先定位题干关键词，再逐项核对定义和适用条件。"",""optionReasons"":{""A"":""在给定选项中，“计量经济学”最符合题干对“时间序列简介”的描述或条件。"",""B"":""“历史”不是本题参考答案；审核时需结合原课程补充它与正确选项的具体差异。"",""C"":""“图书馆”不是本题参考答案；审核时需结合原课程补充它与正确选项的具体差异。""},""originalStem"":""Time Series Forecasting is most useful for"",""quality"":""structural_draft"",""requiresSubjectMatterReview"":true,""schemaVersion"":""quiz-explanation.v1"",""sourceUrls"":[""https://github.com/microsoft/ML-For-Beginners/blob/d0d0ea2b2d22cddca31f9c6d108df7daa87a1b46/quiz-app/src/assets/translations/en.json""],""summary"":""本题考查“时间序列简介”，参考答案为 A：“计量经济学”。""}",public_machine_translation,en-zh-candidate-2026-08-12,pending,pending,hold,,
item-7cf786501eca4dacfc92,item-version-90dabe9585b8f00d97b2,microsoft-ml-for-beginners,quiz-app/src/assets/translations/en.json,json-126,d0d0ea2b2d22cddca31f9c6d108df7daa87a1b46,b278cb874c3e66ef48b20f766c69648f1f9331b9d414730f6461f2d6a3a5a27c,kp-ml-timeseries-arima,Time Series ARIMA,时间序列 ARIMA,ARIMA stands for,AutoRegressive Integral Moving Average,AutoRegressive Integrated Moving Action,AutoRegressive Integrated Moving Average,C,ARIMA 代表,自回归积分移动平均线,自回归综合移动动作,自回归综合移动平均线,本题考查“时间序列 ARIMA”，参考答案为 C：“自回归综合移动平均线”。,"{""correctOptionKey"":""C"",""correctReason"":""在给定选项中，“自回归综合移动平均线”最符合题干对“时间序列 ARIMA”的描述或条件。"",""generationMethod"":""machine_translation_plus_structural_template"",""generationVersion"":""en-zh-candidate-2026-08-12"",""localizedStem"":""ARIMA 代表"",""memoryTip"":""复习“时间序列 ARIMA”时，先定位题干关键词，再逐项核对定义和适用条件。"",""optionReasons"":{""A"":""“自回归积分移动平均线”不是本题参考答案；审核时需结合原课程补充它与正确选项的具体差异。"",""B"":""“自回归综合移动动作”不是本题参考答案；审核时需结合原课程补充它与正确选项的具体差异。"",""C"":""在给定选项中，“自回归综合移动平均线”最符合题干对“时间序列 ARIMA”的描述或条件。""},""originalStem"":""ARIMA stands for"",""quality"":""structural_draft"",""requiresSubjectMatterReview"":true,""schemaVersion"":""quiz-explanation.v1"",""sourceUrls"":[""https://github.com/microsoft/ML-For-Beginners/blob/d0d0ea2b2d22cddca31f9c6d108df7daa87a1b46/quiz-app/src/assets/translations/en.json""],""summary"":""本题考查“时间序列 ARIMA”，参考答案为 C：“自回归综合移动平均线”。""}",public_machine_translation,en-zh-candidate-2026-08-12,pending,pending,hold,,
item-3e5f3b4f6c31d31b2af2,item-version-9feac2ffab622a94810d,microsoft-ml-for-beginners,quiz-app/src/assets/translations/en.json,json-127,d0d0ea2b2d22cddca31f9c6d108df7daa87a1b46,b278cb874c3e66ef48b20f766c69648f1f9331b9d414730f6461f2d6a3a5a27c,kp-ml-timeseries-arima,Time Series ARIMA,时间序列 ARIMA,Stationarity refers to,data whose attributes does not change when shifted in time,data whose distribution does not change when shifted in time,data whose distribution changes when shifted in time,B,平稳性是指,当时间移动时属性不会改变的数据,当时间移动时分布不会改变的数据,当时间移动时其分布发生变化的数据,本题考查“时间序列 ARIMA”，参考答案为 B：“当时间移动时分布不会改变的数据”。,"{""correctOptionKey"":""B"",""correctReason"":""在给定选项中，“当时间移动时分布不会改变的数据”最符合题干对“时间序列 ARIMA”的描述或条件。"",""generationMethod"":""machine_translation_plus_structural_template"",""generationVersion"":""en-zh-candidate-2026-08-12"",""localizedStem"":""平稳性是指"",""memoryTip"":""复习“时间序列 ARIMA”时，先定位题干关键词，再逐项核对定义和适用条件。"",""optionReasons"":{""A"":""“当时间移动时属性不会改变的数据”不是本题参考答案；审核时需结合原课程补充它与正确选项的具体差异。"",""B"":""在给定选项中，“当时间移动时分布不会改变的数据”最符合题干对“时间序列 ARIMA”的描述或条件。"",""C"":""“当时间移动时其分布发生变化的数据”不是本题参考答案；审核时需结合原课程补充它与正确选项的具体差异。""},""originalStem"":""Stationarity refers to"",""quality"":""structural_draft"",""requiresSubjectMatterReview"":true,""schemaVersion"":""quiz-explanation.v1"",""sourceUrls"":[""https://github.com/microsoft/ML-For-Beginners/blob/d0d0ea2b2d22cddca31f9c6d108df7daa87a1b46/quiz-app/src/assets/translations/en.json""],""summary"":""本题考查“时间序列 ARIMA”，参考答案为 B：“当时间移动时分布不会改变的数据”。""}",public_machine_translation,en-zh-candidate-2026-08-12,pending,pending,hold,,
item-35df9151f33070eee6c9,item-version-a072604a522a11556256,microsoft-ml-for-beginners,quiz-app/src/assets/translations/en.json,json-128,d0d0ea2b2d22cddca31f9c6d108df7daa87a1b46,b278cb874c3e66ef48b20f766c69648f1f9331b9d414730f6461f2d6a3a5a27c,kp-ml-timeseries-arima,Time Series ARIMA,时间序列 ARIMA,Differencing,stabilizes trend and seasonality,exacerbates trend and seasonality,eliminates trend and seasonality,C,差异化,稳定趋势和季节性,加剧趋势和季节性,消除趋势和季节性,本题考查“时间序列 ARIMA”，参考答案为 C：“消除趋势和季节性”。,"{""correctOptionKey"":""C"",""correctReason"":""在给定选项中，“消除趋势和季节性”最符合题干对“时间序列 ARIMA”的描述或条件。"",""generationMethod"":""machine_translation_plus_structural_template"",""generationVersion"":""en-zh-candidate-2026-08-12"",""localizedStem"":""差异化"",""memoryTip"":""复习“时间序列 ARIMA”时，先定位题干关键词，再逐项核对定义和适用条件。"",""optionReasons"":{""A"":""“稳定趋势和季节性”不是本题参考答案；审核时需结合原课程补充它与正确选项的具体差异。"",""B"":""“加剧趋势和季节性”不是本题参考答案；审核时需结合原课程补充它与正确选项的具体差异。"",""C"":""在给定选项中，“消除趋势和季节性”最符合题干对“时间序列 ARIMA”的描述或条件。""},""originalStem"":""Differencing"",""quality"":""structural_draft"",""requiresSubjectMatterReview"":true,""schemaVersion"":""quiz-explanation.v1"",""sourceUrls"":[""https://github.com/microsoft/ML-For-Beginners/blob/d0d0ea2b2d22cddca31f9c6d108df7daa87a1b46/quiz-app/src/assets/translations/en.json""],""summary"":""本题考查“时间序列 ARIMA”，参考答案为 C：“消除趋势和季节性”。""}",public_machine_translation,en-zh-candidate-2026-08-12,pending,pending,hold,,
item-8493c364b8f9a9f944c5,item-version-eb492fad06c410222f0c,microsoft-ml-for-beginners,quiz-app/src/assets/translations/en.json,json-129,d0d0ea2b2d22cddca31f9c6d108df7daa87a1b46,b278cb874c3e66ef48b20f766c69648f1f9331b9d414730f6461f2d6a3a5a27c,kp-ml-timeseries-arima,Time Series ARIMA,时间序列 ARIMA,ARIMA is used to make a model fit the special form of time series data,as flat as possible,as closely as possible,via scatterplots,B,ARIMA用于使模型适合时间序列数据的特殊形式,尽可能平坦,尽可能接近,通过散点图,本题考查“时间序列 ARIMA”，参考答案为 B：“尽可能接近”。,"{""correctOptionKey"":""B"",""correctReason"":""在给定选项中，“尽可能接近”最符合题干对“时间序列 ARIMA”的描述或条件。"",""generationMethod"":""machine_translation_plus_structural_template"",""generationVersion"":""en-zh-candidate-2026-08-12"",""localizedStem"":""ARIMA用于使模型适合时间序列数据的特殊形式"",""memoryTip"":""复习“时间序列 ARIMA”时，先定位题干关键词，再逐项核对定义和适用条件。"",""optionReasons"":{""A"":""“尽可能平坦”不是本题参考答案；审核时需结合原课程补充它与正确选项的具体差异。"",""B"":""在给定选项中，“尽可能接近”最符合题干对“时间序列 ARIMA”的描述或条件。"",""C"":""“通过散点图”不是本题参考答案；审核时需结合原课程补充它与正确选项的具体差异。""},""originalStem"":""ARIMA is used to make a model fit the special form of time series data"",""quality"":""structural_draft"",""requiresSubjectMatterReview"":true,""schemaVersion"":""quiz-explanation.v1"",""sourceUrls"":[""https://github.com/microsoft/ML-For-Beginners/blob/d0d0ea2b2d22cddca31f9c6d108df7daa87a1b46/quiz-app/src/assets/translations/en.json""],""summary"":""本题考查“时间序列 ARIMA”，参考答案为 B：“尽可能接近”。""}",public_machine_translation,en-zh-candidate-2026-08-12,pending,pending,hold,,
item-07a23a125601ea350bee,item-version-c684c2c05cfd27f8c61d,microsoft-ml-for-beginners,quiz-app/src/assets/translations/en.json,json-130,d0d0ea2b2d22cddca31f9c6d108df7daa87a1b46,b278cb874c3e66ef48b20f766c69648f1f9331b9d414730f6461f2d6a3a5a27c,kp-ml-timeseries-arima,Time Series ARIMA,时间序列 ARIMA,Use SARIMAX to,manage seasonal ARIMA models,manage special ARIMA models,manage statistical ARIMA models,A,使用 SARIMAX 来,管理季节性 ARIMA 模型,管理特殊 ARIMA 模型,管理统计 ARIMA 模型,本题考查“时间序列 ARIMA”，参考答案为 A：“管理季节性 ARIMA 模型”。,"{""correctOptionKey"":""A"",""correctReason"":""在给定选项中，“管理季节性 ARIMA 模型”最符合题干对“时间序列 ARIMA”的描述或条件。"",""generationMethod"":""machine_translation_plus_structural_template"",""generationVersion"":""en-zh-candidate-2026-08-12"",""localizedStem"":""使用 SARIMAX 来"",""memoryTip"":""复习“时间序列 ARIMA”时，先定位题干关键词，再逐项核对定义和适用条件。"",""optionReasons"":{""A"":""在给定选项中，“管理季节性 ARIMA 模型”最符合题干对“时间序列 ARIMA”的描述或条件。"",""B"":""“管理特殊 ARIMA 模型”不是本题参考答案；审核时需结合原课程补充它与正确选项的具体差异。"",""C"":""“管理统计 ARIMA 模型”不是本题参考答案；审核时需结合原课程补充它与正确选项的具体差异。""},""originalStem"":""Use SARIMAX to"",""quality"":""structural_draft"",""requiresSubjectMatterReview"":true,""schemaVersion"":""quiz-explanation.v1"",""sourceUrls"":[""https://github.com/microsoft/ML-For-Beginners/blob/d0d0ea2b2d22cddca31f9c6d108df7daa87a1b46/quiz-app/src/assets/translations/en.json""],""summary"":""本题考查“时间序列 ARIMA”，参考答案为 A：“管理季节性 ARIMA 模型”。""}",public_machine_translation,en-zh-candidate-2026-08-12,pending,pending,hold,,
item-ea7ac77c7bbc33f3d758,item-version-6c84068ded225fb2bb1a,microsoft-ml-for-beginners,quiz-app/src/assets/translations/en.json,json-131,d0d0ea2b2d22cddca31f9c6d108df7daa87a1b46,b278cb874c3e66ef48b20f766c69648f1f9331b9d414730f6461f2d6a3a5a27c,kp-ml-timeseries-arima,Time Series ARIMA,时间序列 ARIMA,'Walk-Forward' validation involves,re-evaluating a model progressively as it is validated,re-training a model progressively as it is validated,re-configuring a model progressively as it is validated,B,“向前推进”验证涉及,在验证模型时逐步重新评估模型,在验证模型时逐步重新训练模型,在验证模型时逐步重新配置模型,本题考查“时间序列 ARIMA”，参考答案为 B：“在验证模型时逐步重新训练模型”。,"{""correctOptionKey"":""B"",""correctReason"":""在给定选项中，“在验证模型时逐步重新训练模型”最符合题干对“时间序列 ARIMA”的描述或条件。"",""generationMethod"":""machine_translation_plus_structural_template"",""generationVersion"":""en-zh-candidate-2026-08-12"",""localizedStem"":""“向前推进”验证涉及"",""memoryTip"":""复习“时间序列 ARIMA”时，先定位题干关键词，再逐项核对定义和适用条件。"",""optionReasons"":{""A"":""“在验证模型时逐步重新评估模型”不是本题参考答案；审核时需结合原课程补充它与正确选项的具体差异。"",""B"":""在给定选项中，“在验证模型时逐步重新训练模型”最符合题干对“时间序列 ARIMA”的描述或条件。"",""C"":""“在验证模型时逐步重新配置模型”不是本题参考答案；审核时需结合原课程补充它与正确选项的具体差异。""},""originalStem"":""'Walk-Forward' validation involves"",""quality"":""structural_draft"",""requiresSubjectMatterReview"":true,""schemaVersion"":""quiz-explanation.v1"",""sourceUrls"":[""https://github.com/microsoft/ML-For-Beginners/blob/d0d0ea2b2d22cddca31f9c6d108df7daa87a1b46/quiz-app/src/assets/translations/en.json""],""summary"":""本题考查“时间序列 ARIMA”，参考答案为 B：“在验证模型时逐步重新训练模型”。""}",public_machine_translation,en-zh-candidate-2026-08-12,pending,pending,hold,,
item-7a55576272fc930773f7,item-version-70b932d4695f41f3596c,microsoft-ml-for-beginners,quiz-app/src/assets/translations/en.json,json-132,d0d0ea2b2d22cddca31f9c6d108df7daa87a1b46,b278cb874c3e66ef48b20f766c69648f1f9331b9d414730f6461f2d6a3a5a27c,kp-ml-reinforcement-qlearning,Reinforcement 1,强化1,What is reinforcement learning?,teaching someone something over and over again until they understand,a learning technique that deciphers the optimal behavior of an agent in some environment by running many experiments,understanding how to run multiple experiments at once,B,什么是强化学习？,一遍又一遍地教某人某事，直到他们理解为止,一种学习技术，通过运行许多实验来破译代理在某些环境中的最佳行为,了解如何同时运行多个实验,本题考查“强化1”，参考答案为 B：“一种学习技术，通过运行许多实验来破译代理在某些环境中的最佳行为”。,"{""correctOptionKey"":""B"",""correctReason"":""在给定选项中，“一种学习技术，通过运行许多实验来破译代理在某些环境中的最佳行为”最符合题干对“强化1”的描述或条件。"",""generationMethod"":""machine_translation_plus_structural_template"",""generationVersion"":""en-zh-candidate-2026-08-12"",""localizedStem"":""什么是强化学习？"",""memoryTip"":""复习“强化1”时，先定位题干关键词，再逐项核对定义和适用条件。"",""optionReasons"":{""A"":""“一遍又一遍地教某人某事，直到他们理解为止”不是本题参考答案；审核时需结合原课程补充它与正确选项的具体差异。"",""B"":""在给定选项中，“一种学习技术，通过运行许多实验来破译代理在某些环境中的最佳行为”最符合题干对“强化1”的描述或条件。"",""C"":""“了解如何同时运行多个实验”不是本题参考答案；审核时需结合原课程补充它与正确选项的具体差异。""},""originalStem"":""What is reinforcement learning?"",""quality"":""structural_draft"",""requiresSubjectMatterReview"":true,""schemaVersion"":""quiz-explanation.v1"",""sourceUrls"":[""https://github.com/microsoft/ML-For-Beginners/blob/d0d0ea2b2d22cddca31f9c6d108df7daa87a1b46/quiz-app/src/assets/translations/en.json""],""summary"":""本题考查“强化1”，参考答案为 B：“一种学习技术，通过运行许多实验来破译代理在某些环境中的最佳行为”。""}",public_machine_translation,en-zh-candidate-2026-08-12,pending,pending,hold,,
item-8e83579e14aef42cb6d0,item-version-0d815570a0dcfa475550,microsoft-ml-for-beginners,quiz-app/src/assets/translations/en.json,json-133,d0d0ea2b2d22cddca31f9c6d108df7daa87a1b46,b278cb874c3e66ef48b20f766c69648f1f9331b9d414730f6461f2d6a3a5a27c,kp-ml-reinforcement-qlearning,Reinforcement 1,强化1,What is a policy?,a function that returns the action at any given state,a document that tells you whether or not you can return an item,a function that is used for a random purpose,A,什么是政策？,返回任何给定状态下的操作的函数,告诉您是否可以退货的文件,用于随机目的的函数,本题考查“强化1”，参考答案为 A：“返回任何给定状态下的操作的函数”。,"{""correctOptionKey"":""A"",""correctReason"":""在给定选项中，“返回任何给定状态下的操作的函数”最符合题干对“强化1”的描述或条件。"",""generationMethod"":""machine_translation_plus_structural_template"",""generationVersion"":""en-zh-candidate-2026-08-12"",""localizedStem"":""什么是政策？"",""memoryTip"":""复习“强化1”时，先定位题干关键词，再逐项核对定义和适用条件。"",""optionReasons"":{""A"":""在给定选项中，“返回任何给定状态下的操作的函数”最符合题干对“强化1”的描述或条件。"",""B"":""“告诉您是否可以退货的文件”不是本题参考答案；审核时需结合原课程补充它与正确选项的具体差异。"",""C"":""“用于随机目的的函数”不是本题参考答案；审核时需结合原课程补充它与正确选项的具体差异。""},""originalStem"":""What is a policy?"",""quality"":""structural_draft"",""requiresSubjectMatterReview"":true,""schemaVersion"":""quiz-explanation.v1"",""sourceUrls"":[""https://github.com/microsoft/ML-For-Beginners/blob/d0d0ea2b2d22cddca31f9c6d108df7daa87a1b46/quiz-app/src/assets/translations/en.json""],""summary"":""本题考查“强化1”，参考答案为 A：“返回任何给定状态下的操作的函数”。""}",public_machine_translation,en-zh-candidate-2026-08-12,pending,pending,hold,,
item-3ebe17e05df0c415325f,item-version-6e5bf5eee64cb0049d9b,microsoft-ml-for-beginners,quiz-app/src/assets/translations/en.json,json-134,d0d0ea2b2d22cddca31f9c6d108df7daa87a1b46,b278cb874c3e66ef48b20f766c69648f1f9331b9d414730f6461f2d6a3a5a27c,kp-ml-reinforcement-qlearning,Reinforcement 1,强化1,A reward function returns a score for each state of an environment.,true,false,,A,奖励函数返回环境每个状态的分数。,正确,错误,,本题考查“强化1”，参考答案为 A：“正确”。,"{""correctOptionKey"":""A"",""correctReason"":""该陈述与课程中“强化1”的说明一致，因此应选择“正确”。"",""generationMethod"":""machine_translation_plus_structural_template"",""generationVersion"":""en-zh-candidate-2026-08-12"",""localizedStem"":""奖励函数返回环境每个状态的分数。"",""memoryTip"":""复习“强化1”时，先定位题干关键词，再逐项核对定义和适用条件。"",""optionReasons"":{""A"":""该陈述与课程中“强化1”的说明一致，因此应选择“正确”。"",""B"":""“错误”不是本题参考答案；审核时需结合原课程补充它与正确选项的具体差异。""},""originalStem"":""A reward function returns a score for each state of an environment."",""quality"":""structural_draft"",""requiresSubjectMatterReview"":true,""schemaVersion"":""quiz-explanation.v1"",""sourceUrls"":[""https://github.com/microsoft/ML-For-Beginners/blob/d0d0ea2b2d22cddca31f9c6d108df7daa87a1b46/quiz-app/src/assets/translations/en.json""],""summary"":""本题考查“强化1”，参考答案为 A：“正确”。""}",public_machine_translation,en-zh-candidate-2026-08-12,pending,pending,hold,,
item-b2e2cfd5345bc6eaa843,item-version-d4697456c157a2272f22,microsoft-ml-for-beginners,quiz-app/src/assets/translations/en.json,json-135,d0d0ea2b2d22cddca31f9c6d108df7daa87a1b46,b278cb874c3e66ef48b20f766c69648f1f9331b9d414730f6461f2d6a3a5a27c,kp-ml-reinforcement-qlearning,Reinforcement 1,强化1,What is Q-Learning?,a mechanism for recording the 'goodness' of each state,an algorithm where the policy is defined by a Q-Table,both of the above,C,什么是 Q 学习？,记录每个状态“优点”的机制,策略由 Q 表定义的算法,以上两者都是,本题考查“强化1”，参考答案为 C：“以上两者都是”。,"{""correctOptionKey"":""C"",""correctReason"":""在给定选项中，“以上两者都是”最符合题干对“强化1”的描述或条件。"",""generationMethod"":""machine_translation_plus_structural_template"",""generationVersion"":""en-zh-candidate-2026-08-12"",""localizedStem"":""什么是 Q 学习？"",""memoryTip"":""复习“强化1”时，先定位题干关键词，再逐项核对定义和适用条件。"",""optionReasons"":{""A"":""“记录每个状态“优点”的机制”不是本题参考答案；审核时需结合原课程补充它与正确选项的具体差异。"",""B"":""“策略由 Q 表定义的算法”不是本题参考答案；审核时需结合原课程补充它与正确选项的具体差异。"",""C"":""在给定选项中，“以上两者都是”最符合题干对“强化1”的描述或条件。""},""originalStem"":""What is Q-Learning?"",""quality"":""structural_draft"",""requiresSubjectMatterReview"":true,""schemaVersion"":""quiz-explanation.v1"",""sourceUrls"":[""https://github.com/microsoft/ML-For-Beginners/blob/d0d0ea2b2d22cddca31f9c6d108df7daa87a1b46/quiz-app/src/assets/translations/en.json""],""summary"":""本题考查“强化1”，参考答案为 C：“以上两者都是”。""}",public_machine_translation,en-zh-candidate-2026-08-12,pending,pending,hold,,
item-cdc35faf5d33161d234a,item-version-f32c0e11a8acff92e0aa,microsoft-ml-for-beginners,quiz-app/src/assets/translations/en.json,json-136,d0d0ea2b2d22cddca31f9c6d108df7daa87a1b46,b278cb874c3e66ef48b20f766c69648f1f9331b9d414730f6461f2d6a3a5a27c,kp-ml-reinforcement-qlearning,Reinforcement 1,强化1,For what values does a Q-Table correspond to the random walk policy?,all equal values,-0.25,all different values,A,Q 表对应于什么值的随机游走策略？,所有相等的值,-0.25,所有不同的值,本题考查“强化1”，参考答案为 A：“所有相等的值”。,"{""correctOptionKey"":""A"",""correctReason"":""在给定选项中，“所有相等的值”最符合题干对“强化1”的描述或条件。"",""generationMethod"":""machine_translation_plus_structural_template"",""generationVersion"":""en-zh-candidate-2026-08-12"",""localizedStem"":""Q 表对应于什么值的随机游走策略？"",""memoryTip"":""复习“强化1”时，先定位题干关键词，再逐项核对定义和适用条件。"",""optionReasons"":{""A"":""在给定选项中，“所有相等的值”最符合题干对“强化1”的描述或条件。"",""B"":""“-0.25”不是本题参考答案；审核时需结合原课程补充它与正确选项的具体差异。"",""C"":""“所有不同的值”不是本题参考答案；审核时需结合原课程补充它与正确选项的具体差异。""},""originalStem"":""For what values does a Q-Table correspond to the random walk policy?"",""quality"":""structural_draft"",""requiresSubjectMatterReview"":true,""schemaVersion"":""quiz-explanation.v1"",""sourceUrls"":[""https://github.com/microsoft/ML-For-Beginners/blob/d0d0ea2b2d22cddca31f9c6d108df7daa87a1b46/quiz-app/src/assets/translations/en.json""],""summary"":""本题考查“强化1”，参考答案为 A：“所有相等的值”。""}",public_machine_translation,en-zh-candidate-2026-08-12,pending,pending,hold,,
item-777206224990ad7a7637,item-version-6f34180354a96f55f0a5,microsoft-ml-for-beginners,quiz-app/src/assets/translations/en.json,json-137,d0d0ea2b2d22cddca31f9c6d108df7daa87a1b46,b278cb874c3e66ef48b20f766c69648f1f9331b9d414730f6461f2d6a3a5a27c,kp-ml-reinforcement-qlearning,Reinforcement 1,强化1,It was better to use exploration than exploitation during the learning process in our lesson.,true,false,,B,在我们课程的学习过程中，探索比利用更好。,正确,错误,,本题考查“强化1”，参考答案为 B：“错误”。,"{""correctOptionKey"":""B"",""correctReason"":""该陈述与课程中“强化1”的说明不一致，因此应选择“错误”。"",""generationMethod"":""machine_translation_plus_structural_template"",""generationVersion"":""en-zh-candidate-2026-08-12"",""localizedStem"":""在我们课程的学习过程中，探索比利用更好。"",""memoryTip"":""复习“强化1”时，先定位题干关键词，再逐项核对定义和适用条件。"",""optionReasons"":{""A"":""“正确”不是本题参考答案；审核时需结合原课程补充它与正确选项的具体差异。"",""B"":""该陈述与课程中“强化1”的说明不一致，因此应选择“错误”。""},""originalStem"":""It was better to use exploration than exploitation during the learning process in our lesson."",""quality"":""structural_draft"",""requiresSubjectMatterReview"":true,""schemaVersion"":""quiz-explanation.v1"",""sourceUrls"":[""https://github.com/microsoft/ML-For-Beginners/blob/d0d0ea2b2d22cddca31f9c6d108df7daa87a1b46/quiz-app/src/assets/translations/en.json""],""summary"":""本题考查“强化1”，参考答案为 B：“错误”。""}",public_machine_translation,en-zh-candidate-2026-08-12,pending,pending,hold,,
item-cee7199f86f0c62294f3,item-version-942a4f4acdf62cfe0291,microsoft-ml-for-beginners,quiz-app/src/assets/translations/en.json,json-138,d0d0ea2b2d22cddca31f9c6d108df7daa87a1b46,b278cb874c3e66ef48b20f766c69648f1f9331b9d414730f6461f2d6a3a5a27c,kp-ml-reinforcement-gym,Reinforcement 2,强化2,Chess and Go are games with continuous states.,true,false,,B,国际象棋和围棋是具有连续状态的游戏。,正确,错误,,本题考查“强化2”，参考答案为 B：“错误”。,"{""correctOptionKey"":""B"",""correctReason"":""该陈述与课程中“强化2”的说明不一致，因此应选择“错误”。"",""generationMethod"":""machine_translation_plus_structural_template"",""generationVersion"":""en-zh-candidate-2026-08-12"",""localizedStem"":""国际象棋和围棋是具有连续状态的游戏。"",""memoryTip"":""复习“强化2”时，先定位题干关键词，再逐项核对定义和适用条件。"",""optionReasons"":{""A"":""“正确”不是本题参考答案；审核时需结合原课程补充它与正确选项的具体差异。"",""B"":""该陈述与课程中“强化2”的说明不一致，因此应选择“错误”。""},""originalStem"":""Chess and Go are games with continuous states."",""quality"":""structural_draft"",""requiresSubjectMatterReview"":true,""schemaVersion"":""quiz-explanation.v1"",""sourceUrls"":[""https://github.com/microsoft/ML-For-Beginners/blob/d0d0ea2b2d22cddca31f9c6d108df7daa87a1b46/quiz-app/src/assets/translations/en.json""],""summary"":""本题考查“强化2”，参考答案为 B：“错误”。""}",public_machine_translation,en-zh-candidate-2026-08-12,pending,pending,hold,,
item-9b23b1196bd2381b52c6,item-version-159c464d5bc283b9f95d,microsoft-ml-for-beginners,quiz-app/src/assets/translations/en.json,json-139,d0d0ea2b2d22cddca31f9c6d108df7daa87a1b46,b278cb874c3e66ef48b20f766c69648f1f9331b9d414730f6461f2d6a3a5a27c,kp-ml-reinforcement-gym,Reinforcement 2,强化2,What is the CartPole problem?,a process for eliminating outliers,a method for optimizing your shopping cart,a simplified version of balancing,C,CartPole 问题是什么？,消除异常值的过程,优化购物车的方法,平衡的简化版本,本题考查“强化2”，参考答案为 C：“平衡的简化版本”。,"{""correctOptionKey"":""C"",""correctReason"":""在给定选项中，“平衡的简化版本”最符合题干对“强化2”的描述或条件。"",""generationMethod"":""machine_translation_plus_structural_template"",""generationVersion"":""en-zh-candidate-2026-08-12"",""localizedStem"":""CartPole 问题是什么？"",""memoryTip"":""复习“强化2”时，先定位题干关键词，再逐项核对定义和适用条件。"",""optionReasons"":{""A"":""“消除异常值的过程”不是本题参考答案；审核时需结合原课程补充它与正确选项的具体差异。"",""B"":""“优化购物车的方法”不是本题参考答案；审核时需结合原课程补充它与正确选项的具体差异。"",""C"":""在给定选项中，“平衡的简化版本”最符合题干对“强化2”的描述或条件。""},""originalStem"":""What is the CartPole problem?"",""quality"":""structural_draft"",""requiresSubjectMatterReview"":true,""schemaVersion"":""quiz-explanation.v1"",""sourceUrls"":[""https://github.com/microsoft/ML-For-Beginners/blob/d0d0ea2b2d22cddca31f9c6d108df7daa87a1b46/quiz-app/src/assets/translations/en.json""],""summary"":""本题考查“强化2”，参考答案为 C：“平衡的简化版本”。""}",public_machine_translation,en-zh-candidate-2026-08-12,pending,pending,hold,,
item-5cd2cd1f6c1e1c4dc2ac,item-version-a8628d6ccdff9de53ba8,microsoft-ml-for-beginners,quiz-app/src/assets/translations/en.json,json-140,d0d0ea2b2d22cddca31f9c6d108df7daa87a1b46,b278cb874c3e66ef48b20f766c69648f1f9331b9d414730f6461f2d6a3a5a27c,kp-ml-reinforcement-gym,Reinforcement 2,强化2,What tool can we use to play out different scenarios of potential states in a game?,guess and check,simulation environments,state transition testing,B,我们可以使用什么工具来展示游戏中潜在状态的不同场景？,猜测并检查,模拟环境,状态转换测试,本题考查“强化2”，参考答案为 B：“模拟环境”。,"{""correctOptionKey"":""B"",""correctReason"":""在给定选项中，“模拟环境”最符合题干对“强化2”的描述或条件。"",""generationMethod"":""machine_translation_plus_structural_template"",""generationVersion"":""en-zh-candidate-2026-08-12"",""localizedStem"":""我们可以使用什么工具来展示游戏中潜在状态的不同场景？"",""memoryTip"":""复习“强化2”时，先定位题干关键词，再逐项核对定义和适用条件。"",""optionReasons"":{""A"":""“猜测并检查”不是本题参考答案；审核时需结合原课程补充它与正确选项的具体差异。"",""B"":""在给定选项中，“模拟环境”最符合题干对“强化2”的描述或条件。"",""C"":""“状态转换测试”不是本题参考答案；审核时需结合原课程补充它与正确选项的具体差异。""},""originalStem"":""What tool can we use to play out different scenarios of potential states in a game?"",""quality"":""structural_draft"",""requiresSubjectMatterReview"":true,""schemaVersion"":""quiz-explanation.v1"",""sourceUrls"":[""https://github.com/microsoft/ML-For-Beginners/blob/d0d0ea2b2d22cddca31f9c6d108df7daa87a1b46/quiz-app/src/assets/translations/en.json""],""summary"":""本题考查“强化2”，参考答案为 B：“模拟环境”。""}",public_machine_translation,en-zh-candidate-2026-08-12,pending,pending,hold,,
item-8e3fe98ce4b497172a3c,item-version-f18ad91d82a823e165e5,microsoft-ml-for-beginners,quiz-app/src/assets/translations/en.json,json-141,d0d0ea2b2d22cddca31f9c6d108df7daa87a1b46,b278cb874c3e66ef48b20f766c69648f1f9331b9d414730f6461f2d6a3a5a27c,kp-ml-reinforcement-gym,Reinforcement 2,强化2,Where do we define all possible actions in an environment?,methods,action space,action list,B,我们在哪里定义环境中所有可能的操作？,方法,行动空间,行动清单,本题考查“强化2”，参考答案为 B：“行动空间”。,"{""correctOptionKey"":""B"",""correctReason"":""在给定选项中，“行动空间”最符合题干对“强化2”的描述或条件。"",""generationMethod"":""machine_translation_plus_structural_template"",""generationVersion"":""en-zh-candidate-2026-08-12"",""localizedStem"":""我们在哪里定义环境中所有可能的操作？"",""memoryTip"":""复习“强化2”时，先定位题干关键词，再逐项核对定义和适用条件。"",""optionReasons"":{""A"":""“方法”不是本题参考答案；审核时需结合原课程补充它与正确选项的具体差异。"",""B"":""在给定选项中，“行动空间”最符合题干对“强化2”的描述或条件。"",""C"":""“行动清单”不是本题参考答案；审核时需结合原课程补充它与正确选项的具体差异。""},""originalStem"":""Where do we define all possible actions in an environment?"",""quality"":""structural_draft"",""requiresSubjectMatterReview"":true,""schemaVersion"":""quiz-explanation.v1"",""sourceUrls"":[""https://github.com/microsoft/ML-For-Beginners/blob/d0d0ea2b2d22cddca31f9c6d108df7daa87a1b46/quiz-app/src/assets/translations/en.json""],""summary"":""本题考查“强化2”，参考答案为 B：“行动空间”。""}",public_machine_translation,en-zh-candidate-2026-08-12,pending,pending,hold,,
item-6b784cf3c0bc63b66302,item-version-c8b882cb3abe74470022,microsoft-ml-for-beginners,quiz-app/src/assets/translations/en.json,json-142,d0d0ea2b2d22cddca31f9c6d108df7daa87a1b46,b278cb874c3e66ef48b20f766c69648f1f9331b9d414730f6461f2d6a3a5a27c,kp-ml-reinforcement-gym,Reinforcement 2,强化2,What pair did we use as the dictionary key-value?,"(state, action) as the key, Q-Table entry as the value","state as the key, action as the value","the value of the qvalues function as the key, action as the value",A,我们使用哪对作为字典键值对？,"(state, action) 作为键，Q-Table 条目作为值",状态为键，操作为值,qvalues函数的值作为键，动作作为值,"本题考查“强化2”，参考答案为 A：“(state, action) 作为键，Q-Table 条目作为值”。","{""correctOptionKey"":""A"",""correctReason"":""在给定选项中，“(state, action) 作为键，Q-Table 条目作为值”最符合题干对“强化2”的描述或条件。"",""generationMethod"":""machine_translation_plus_structural_template"",""generationVersion"":""en-zh-candidate-2026-08-12"",""localizedStem"":""我们使用哪对作为字典键值对？"",""memoryTip"":""复习“强化2”时，先定位题干关键词，再逐项核对定义和适用条件。"",""optionReasons"":{""A"":""在给定选项中，“(state, action) 作为键，Q-Table 条目作为值”最符合题干对“强化2”的描述或条件。"",""B"":""“状态为键，操作为值”不是本题参考答案；审核时需结合原课程补充它与正确选项的具体差异。"",""C"":""“qvalues函数的值作为键，动作作为值”不是本题参考答案；审核时需结合原课程补充它与正确选项的具体差异。""},""originalStem"":""What pair did we use as the dictionary key-value?"",""quality"":""structural_draft"",""requiresSubjectMatterReview"":true,""schemaVersion"":""quiz-explanation.v1"",""sourceUrls"":[""https://github.com/microsoft/ML-For-Beginners/blob/d0d0ea2b2d22cddca31f9c6d108df7daa87a1b46/quiz-app/src/assets/translations/en.json""],""summary"":""本题考查“强化2”，参考答案为 A：“(state, action) 作为键，Q-Table 条目作为值”。""}",public_machine_translation,en-zh-candidate-2026-08-12,pending,pending,hold,,
item-a37550c2935bc0c35e96,item-version-31cff927e31f3ead7e38,microsoft-ml-for-beginners,quiz-app/src/assets/translations/en.json,json-143,d0d0ea2b2d22cddca31f9c6d108df7daa87a1b46,b278cb874c3e66ef48b20f766c69648f1f9331b9d414730f6461f2d6a3a5a27c,kp-ml-reinforcement-gym,Reinforcement 2,强化2,What are the hyperparameters we used during Q-Learning?,"q-table value, current reward, random action","learning rate, discount factor, exploration/exploitation factor","cumulative rewards, learning rate, exploration factor",B,我们在 Q-Learning 期间使用的超参数是什么？,q-table值，当前奖励，随机动作,学习率、折扣因子、探索/利用因子,累积奖励、学习率、探索因子,本题考查“强化2”，参考答案为 B：“学习率、折扣因子、探索/利用因子”。,"{""correctOptionKey"":""B"",""correctReason"":""在给定选项中，“学习率、折扣因子、探索/利用因子”最符合题干对“强化2”的描述或条件。"",""generationMethod"":""machine_translation_plus_structural_template"",""generationVersion"":""en-zh-candidate-2026-08-12"",""localizedStem"":""我们在 Q-Learning 期间使用的超参数是什么？"",""memoryTip"":""复习“强化2”时，先定位题干关键词，再逐项核对定义和适用条件。"",""optionReasons"":{""A"":""“q-table值，当前奖励，随机动作”不是本题参考答案；审核时需结合原课程补充它与正确选项的具体差异。"",""B"":""在给定选项中，“学习率、折扣因子、探索/利用因子”最符合题干对“强化2”的描述或条件。"",""C"":""“累积奖励、学习率、探索因子”不是本题参考答案；审核时需结合原课程补充它与正确选项的具体差异。""},""originalStem"":""What are the hyperparameters we used during Q-Learning?"",""quality"":""structural_draft"",""requiresSubjectMatterReview"":true,""schemaVersion"":""quiz-explanation.v1"",""sourceUrls"":[""https://github.com/microsoft/ML-For-Beginners/blob/d0d0ea2b2d22cddca31f9c6d108df7daa87a1b46/quiz-app/src/assets/translations/en.json""],""summary"":""本题考查“强化2”，参考答案为 B：“学习率、折扣因子、探索/利用因子”。""}",public_machine_translation,en-zh-candidate-2026-08-12,pending,pending,hold,,
item-d302b6571df14ab40429,item-version-3dd6a00da89bc2b8c8bd,microsoft-ml-for-beginners,quiz-app/src/assets/translations/en.json,json-144,d0d0ea2b2d22cddca31f9c6d108df7daa87a1b46,b278cb874c3e66ef48b20f766c69648f1f9331b9d414730f6461f2d6a3a5a27c,kp-ml-real-world-applications,Real World Applications,现实世界的应用,What's an example of an ML application in the Finance industry?,Personalizing the customer journey using NLP,Wealth management using linear regression,Energy management using Time Series,B,金融行业中的机器学习应用示例是什么？,使用 NLP 个性化客户旅程,使用线性回归进行财富管理,使用时间序列进行能源管理,本题考查“现实世界的应用”，参考答案为 B：“使用线性回归进行财富管理”。,"{""correctOptionKey"":""B"",""correctReason"":""在给定选项中，“使用线性回归进行财富管理”最符合题干对“现实世界的应用”的描述或条件。"",""generationMethod"":""machine_translation_plus_structural_template"",""generationVersion"":""en-zh-candidate-2026-08-12"",""localizedStem"":""金融行业中的机器学习应用示例是什么？"",""memoryTip"":""复习“现实世界的应用”时，先定位题干关键词，再逐项核对定义和适用条件。"",""optionReasons"":{""A"":""“使用 NLP 个性化客户旅程”不是本题参考答案；审核时需结合原课程补充它与正确选项的具体差异。"",""B"":""在给定选项中，“使用线性回归进行财富管理”最符合题干对“现实世界的应用”的描述或条件。"",""C"":""“使用时间序列进行能源管理”不是本题参考答案；审核时需结合原课程补充它与正确选项的具体差异。""},""originalStem"":""What's an example of an ML application in the Finance industry?"",""quality"":""structural_draft"",""requiresSubjectMatterReview"":true,""schemaVersion"":""quiz-explanation.v1"",""sourceUrls"":[""https://github.com/microsoft/ML-For-Beginners/blob/d0d0ea2b2d22cddca31f9c6d108df7daa87a1b46/quiz-app/src/assets/translations/en.json""],""summary"":""本题考查“现实世界的应用”，参考答案为 B：“使用线性回归进行财富管理”。""}",public_machine_translation,en-zh-candidate-2026-08-12,pending,pending,hold,,
item-4e3bb7bd8031be6b64a2,item-version-c00eaed5cd350336d001,microsoft-ml-for-beginners,quiz-app/src/assets/translations/en.json,json-145,d0d0ea2b2d22cddca31f9c6d108df7daa87a1b46,b278cb874c3e66ef48b20f766c69648f1f9331b9d414730f6461f2d6a3a5a27c,kp-ml-real-world-applications,Real World Applications,现实世界的应用,What ML technique can hospitals use to manage readmission?,Clustering,Time Series,NLP,A,医院可以使用哪些机器学习技术来管理再入院？,聚类,时间序列,NLP,本题考查“现实世界的应用”，参考答案为 A：“聚类”。,"{""correctOptionKey"":""A"",""correctReason"":""在给定选项中，“聚类”最符合题干对“现实世界的应用”的描述或条件。"",""generationMethod"":""machine_translation_plus_structural_template"",""generationVersion"":""en-zh-candidate-2026-08-12"",""localizedStem"":""医院可以使用哪些机器学习技术来管理再入院？"",""memoryTip"":""复习“现实世界的应用”时，先定位题干关键词，再逐项核对定义和适用条件。"",""optionReasons"":{""A"":""在给定选项中，“聚类”最符合题干对“现实世界的应用”的描述或条件。"",""B"":""“时间序列”不是本题参考答案；审核时需结合原课程补充它与正确选项的具体差异。"",""C"":""“NLP”不是本题参考答案；审核时需结合原课程补充它与正确选项的具体差异。""},""originalStem"":""What ML technique can hospitals use to manage readmission?"",""quality"":""structural_draft"",""requiresSubjectMatterReview"":true,""schemaVersion"":""quiz-explanation.v1"",""sourceUrls"":[""https://github.com/microsoft/ML-For-Beginners/blob/d0d0ea2b2d22cddca31f9c6d108df7daa87a1b46/quiz-app/src/assets/translations/en.json""],""summary"":""本题考查“现实世界的应用”，参考答案为 A：“聚类”。""}",public_machine_translation,en-zh-candidate-2026-08-12,pending,pending,hold,,
item-1576086c2485dd2802e3,item-version-99198031ff3d9d43f731,microsoft-ml-for-beginners,quiz-app/src/assets/translations/en.json,json-146,d0d0ea2b2d22cddca31f9c6d108df7daa87a1b46,b278cb874c3e66ef48b20f766c69648f1f9331b9d414730f6461f2d6a3a5a27c,kp-ml-real-world-applications,Real World Applications,现实世界的应用,What is an example of using Time Series for energy management?,Motion sensing animals,Smart parking meters,Tracking forest fires,B,使用时间序列进行能源管理的示例是什么？,动作感应动物,智能停车计时器,追踪森林火灾,本题考查“现实世界的应用”，参考答案为 B：“智能停车计时器”。,"{""correctOptionKey"":""B"",""correctReason"":""在给定选项中，“智能停车计时器”最符合题干对“现实世界的应用”的描述或条件。"",""generationMethod"":""machine_translation_plus_structural_template"",""generationVersion"":""en-zh-candidate-2026-08-12"",""localizedStem"":""使用时间序列进行能源管理的示例是什么？"",""memoryTip"":""复习“现实世界的应用”时，先定位题干关键词，再逐项核对定义和适用条件。"",""optionReasons"":{""A"":""“动作感应动物”不是本题参考答案；审核时需结合原课程补充它与正确选项的具体差异。"",""B"":""在给定选项中，“智能停车计时器”最符合题干对“现实世界的应用”的描述或条件。"",""C"":""“追踪森林火灾”不是本题参考答案；审核时需结合原课程补充它与正确选项的具体差异。""},""originalStem"":""What is an example of using Time Series for energy management?"",""quality"":""structural_draft"",""requiresSubjectMatterReview"":true,""schemaVersion"":""quiz-explanation.v1"",""sourceUrls"":[""https://github.com/microsoft/ML-For-Beginners/blob/d0d0ea2b2d22cddca31f9c6d108df7daa87a1b46/quiz-app/src/assets/translations/en.json""],""summary"":""本题考查“现实世界的应用”，参考答案为 B：“智能停车计时器”。""}",public_machine_translation,en-zh-candidate-2026-08-12,pending,pending,hold,,
item-3989c002c3c6144f34dc,item-version-e44473cd413377b6ed5f,microsoft-ml-for-beginners,quiz-app/src/assets/translations/en.json,json-147,d0d0ea2b2d22cddca31f9c6d108df7daa87a1b46,b278cb874c3e66ef48b20f766c69648f1f9331b9d414730f6461f2d6a3a5a27c,kp-ml-real-world-applications,Real World Applications,现实世界的应用,Which ML technique can be used to detect credit card fraud?,Regression,Clustering,NLP,B,哪种机器学习技术可用于检测信用卡欺诈？,回归,聚类,NLP,本题考查“现实世界的应用”，参考答案为 B：“聚类”。,"{""correctOptionKey"":""B"",""correctReason"":""在给定选项中，“聚类”最符合题干对“现实世界的应用”的描述或条件。"",""generationMethod"":""machine_translation_plus_structural_template"",""generationVersion"":""en-zh-candidate-2026-08-12"",""localizedStem"":""哪种机器学习技术可用于检测信用卡欺诈？"",""memoryTip"":""复习“现实世界的应用”时，先定位题干关键词，再逐项核对定义和适用条件。"",""optionReasons"":{""A"":""“回归”不是本题参考答案；审核时需结合原课程补充它与正确选项的具体差异。"",""B"":""在给定选项中，“聚类”最符合题干对“现实世界的应用”的描述或条件。"",""C"":""“NLP”不是本题参考答案；审核时需结合原课程补充它与正确选项的具体差异。""},""originalStem"":""Which ML technique can be used to detect credit card fraud?"",""quality"":""structural_draft"",""requiresSubjectMatterReview"":true,""schemaVersion"":""quiz-explanation.v1"",""sourceUrls"":[""https://github.com/microsoft/ML-For-Beginners/blob/d0d0ea2b2d22cddca31f9c6d108df7daa87a1b46/quiz-app/src/assets/translations/en.json""],""summary"":""本题考查“现实世界的应用”，参考答案为 B：“聚类”。""}",public_machine_translation,en-zh-candidate-2026-08-12,pending,pending,hold,,
item-7e09409a4020cc7e0e39,item-version-1ac25970d8178731880e,microsoft-ml-for-beginners,quiz-app/src/assets/translations/en.json,json-148,d0d0ea2b2d22cddca31f9c6d108df7daa87a1b46,b278cb874c3e66ef48b20f766c69648f1f9331b9d414730f6461f2d6a3a5a27c,kp-ml-real-world-applications,Real World Applications,现实世界的应用,Which ML technique is exemplified in forest management?,Reinforcement Learning,Time Series,NLP,A,森林管理中采用了哪种机器学习技术？,强化学习,时间序列,NLP,本题考查“现实世界的应用”，参考答案为 A：“强化学习”。,"{""correctOptionKey"":""A"",""correctReason"":""在给定选项中，“强化学习”最符合题干对“现实世界的应用”的描述或条件。"",""generationMethod"":""machine_translation_plus_structural_template"",""generationVersion"":""en-zh-candidate-2026-08-12"",""localizedStem"":""森林管理中采用了哪种机器学习技术？"",""memoryTip"":""复习“现实世界的应用”时，先定位题干关键词，再逐项核对定义和适用条件。"",""optionReasons"":{""A"":""在给定选项中，“强化学习”最符合题干对“现实世界的应用”的描述或条件。"",""B"":""“时间序列”不是本题参考答案；审核时需结合原课程补充它与正确选项的具体差异。"",""C"":""“NLP”不是本题参考答案；审核时需结合原课程补充它与正确选项的具体差异。""},""originalStem"":""Which ML technique is exemplified in forest management?"",""quality"":""structural_draft"",""requiresSubjectMatterReview"":true,""schemaVersion"":""quiz-explanation.v1"",""sourceUrls"":[""https://github.com/microsoft/ML-For-Beginners/blob/d0d0ea2b2d22cddca31f9c6d108df7daa87a1b46/quiz-app/src/assets/translations/en.json""],""summary"":""本题考查“现实世界的应用”，参考答案为 A：“强化学习”。""}",public_machine_translation,en-zh-candidate-2026-08-12,pending,pending,hold,,
item-b75f76db92d27892783f,item-version-baf6ac9431e16b0e500b,microsoft-ml-for-beginners,quiz-app/src/assets/translations/en.json,json-149,d0d0ea2b2d22cddca31f9c6d108df7daa87a1b46,b278cb874c3e66ef48b20f766c69648f1f9331b9d414730f6461f2d6a3a5a27c,kp-ml-real-world-applications,Real World Applications,现实世界的应用,What's an example of an ML application in the Health Care industry?,Predicting student behavior using regression,Managing clinical trials using classifiers,Motion sensing of animals using classifiers,B,医疗保健行业中的机器学习应用示例是什么？,使用回归预测学生行为,使用分类器管理临床试验,使用分类器对动物进行运动感知,本题考查“现实世界的应用”，参考答案为 B：“使用分类器管理临床试验”。,"{""correctOptionKey"":""B"",""correctReason"":""在给定选项中，“使用分类器管理临床试验”最符合题干对“现实世界的应用”的描述或条件。"",""generationMethod"":""machine_translation_plus_structural_template"",""generationVersion"":""en-zh-candidate-2026-08-12"",""localizedStem"":""医疗保健行业中的机器学习应用示例是什么？"",""memoryTip"":""复习“现实世界的应用”时，先定位题干关键词，再逐项核对定义和适用条件。"",""optionReasons"":{""A"":""“使用回归预测学生行为”不是本题参考答案；审核时需结合原课程补充它与正确选项的具体差异。"",""B"":""在给定选项中，“使用分类器管理临床试验”最符合题干对“现实世界的应用”的描述或条件。"",""C"":""“使用分类器对动物进行运动感知”不是本题参考答案；审核时需结合原课程补充它与正确选项的具体差异。""},""originalStem"":""What's an example of an ML application in the Health Care industry?"",""quality"":""structural_draft"",""requiresSubjectMatterReview"":true,""schemaVersion"":""quiz-explanation.v1"",""sourceUrls"":[""https://github.com/microsoft/ML-For-Beginners/blob/d0d0ea2b2d22cddca31f9c6d108df7daa87a1b46/quiz-app/src/assets/translations/en.json""],""summary"":""本题考查“现实世界的应用”，参考答案为 B：“使用分类器管理临床试验”。""}",public_machine_translation,en-zh-candidate-2026-08-12,pending,pending,hold,,
item-3aced7b91f59e2800ebc,item-version-843e9e7ea79b6ae92164,microsoft-ml-for-beginners,quiz-app/src/assets/translations/en.json,json-150,d0d0ea2b2d22cddca31f9c6d108df7daa87a1b46,b278cb874c3e66ef48b20f766c69648f1f9331b9d414730f6461f2d6a3a5a27c,kp-ml-timeseries-svr,Time Series SVR,时间序列支持向量回归,SVM stands for,Statistical Vector Machine,Support Vector Machine,Statistical Vector Model,B,支持向量机代表,统计向量机,支持向量机,统计向量模型,本题考查“时间序列支持向量回归”，参考答案为 B：“支持向量机”。,"{""correctOptionKey"":""B"",""correctReason"":""在给定选项中，“支持向量机”最符合题干对“时间序列支持向量回归”的描述或条件。"",""generationMethod"":""machine_translation_plus_structural_template"",""generationVersion"":""en-zh-candidate-2026-08-12"",""localizedStem"":""支持向量机代表"",""memoryTip"":""复习“时间序列支持向量回归”时，先定位题干关键词，再逐项核对定义和适用条件。"",""optionReasons"":{""A"":""“统计向量机”不是本题参考答案；审核时需结合原课程补充它与正确选项的具体差异。"",""B"":""在给定选项中，“支持向量机”最符合题干对“时间序列支持向量回归”的描述或条件。"",""C"":""“统计向量模型”不是本题参考答案；审核时需结合原课程补充它与正确选项的具体差异。""},""originalStem"":""SVM stands for"",""quality"":""structural_draft"",""requiresSubjectMatterReview"":true,""schemaVersion"":""quiz-explanation.v1"",""sourceUrls"":[""https://github.com/microsoft/ML-For-Beginners/blob/d0d0ea2b2d22cddca31f9c6d108df7daa87a1b46/quiz-app/src/assets/translations/en.json""],""summary"":""本题考查“时间序列支持向量回归”，参考答案为 B：“支持向量机”。""}",public_machine_translation,en-zh-candidate-2026-08-12,pending,pending,hold,,
item-661f94a71985c0e43536,item-version-b107822420b9fa782a90,microsoft-ml-for-beginners,quiz-app/src/assets/translations/en.json,json-151,d0d0ea2b2d22cddca31f9c6d108df7daa87a1b46,b278cb874c3e66ef48b20f766c69648f1f9331b9d414730f6461f2d6a3a5a27c,kp-ml-timeseries-svr,Time Series SVR,时间序列支持向量回归,Which of these ML techniques is used to predict continuous values?,Clustering,Classification,Regression,C,以下哪些 ML 技术用于预测连续值？,聚类,分类,回归,本题考查“时间序列支持向量回归”，参考答案为 C：“回归”。,"{""correctOptionKey"":""C"",""correctReason"":""在给定选项中，“回归”最符合题干对“时间序列支持向量回归”的描述或条件。"",""generationMethod"":""machine_translation_plus_structural_template"",""generationVersion"":""en-zh-candidate-2026-08-12"",""localizedStem"":""以下哪些 ML 技术用于预测连续值？"",""memoryTip"":""复习“时间序列支持向量回归”时，先定位题干关键词，再逐项核对定义和适用条件。"",""optionReasons"":{""A"":""“聚类”不是本题参考答案；审核时需结合原课程补充它与正确选项的具体差异。"",""B"":""“分类”不是本题参考答案；审核时需结合原课程补充它与正确选项的具体差异。"",""C"":""在给定选项中，“回归”最符合题干对“时间序列支持向量回归”的描述或条件。""},""originalStem"":""Which of these ML techniques is used to predict continuous values?"",""quality"":""structural_draft"",""requiresSubjectMatterReview"":true,""schemaVersion"":""quiz-explanation.v1"",""sourceUrls"":[""https://github.com/microsoft/ML-For-Beginners/blob/d0d0ea2b2d22cddca31f9c6d108df7daa87a1b46/quiz-app/src/assets/translations/en.json""],""summary"":""本题考查“时间序列支持向量回归”，参考答案为 C：“回归”。""}",public_machine_translation,en-zh-candidate-2026-08-12,pending,pending,hold,,
item-799ffc6103969c48e024,item-version-b20f687f18fa699987b0,microsoft-ml-for-beginners,quiz-app/src/assets/translations/en.json,json-152,d0d0ea2b2d22cddca31f9c6d108df7daa87a1b46,b278cb874c3e66ef48b20f766c69648f1f9331b9d414730f6461f2d6a3a5a27c,kp-ml-timeseries-svr,Time Series SVR,时间序列支持向量回归,Which of these models is popularly used for time series forecasting?,ARIMA,K-Means Clustering,Logistic Regression,A,以下哪些模型广泛用于时间序列预测？,ARIMA,K 均值聚类,逻辑回归,本题考查“时间序列支持向量回归”，参考答案为 A：“ARIMA”。,"{""correctOptionKey"":""A"",""correctReason"":""在给定选项中，“ARIMA”最符合题干对“时间序列支持向量回归”的描述或条件。"",""generationMethod"":""machine_translation_plus_structural_template"",""generationVersion"":""en-zh-candidate-2026-08-12"",""localizedStem"":""以下哪些模型广泛用于时间序列预测？"",""memoryTip"":""复习“时间序列支持向量回归”时，先定位题干关键词，再逐项核对定义和适用条件。"",""optionReasons"":{""A"":""在给定选项中，“ARIMA”最符合题干对“时间序列支持向量回归”的描述或条件。"",""B"":""“K 均值聚类”不是本题参考答案；审核时需结合原课程补充它与正确选项的具体差异。"",""C"":""“逻辑回归”不是本题参考答案；审核时需结合原课程补充它与正确选项的具体差异。""},""originalStem"":""Which of these models is popularly used for time series forecasting?"",""quality"":""structural_draft"",""requiresSubjectMatterReview"":true,""schemaVersion"":""quiz-explanation.v1"",""sourceUrls"":[""https://github.com/microsoft/ML-For-Beginners/blob/d0d0ea2b2d22cddca31f9c6d108df7daa87a1b46/quiz-app/src/assets/translations/en.json""],""summary"":""本题考查“时间序列支持向量回归”，参考答案为 A：“ARIMA”。""}",public_machine_translation,en-zh-candidate-2026-08-12,pending,pending,hold,,
item-72d53d3b12b1f1b3c32c,item-version-c4a8b7d3d056e3955fd2,microsoft-ml-for-beginners,quiz-app/src/assets/translations/en.json,json-153,d0d0ea2b2d22cddca31f9c6d108df7daa87a1b46,b278cb874c3e66ef48b20f766c69648f1f9331b9d414730f6461f2d6a3a5a27c,kp-ml-timeseries-svr,Time Series SVR,时间序列支持向量回归,By which of these methods does an SVR learn?,Finding the best fit hyperplane that has the maximum number of data points,Learning the probability distribution of the dataset,Finding clusters in the dataset,A,SVR 通过以下哪种方法进行学习？,寻找具有最大数据点数量的最佳拟合超平面,学习数据集的概率分布,在数据集中查找簇,本题考查“时间序列支持向量回归”，参考答案为 A：“寻找具有最大数据点数量的最佳拟合超平面”。,"{""correctOptionKey"":""A"",""correctReason"":""在给定选项中，“寻找具有最大数据点数量的最佳拟合超平面”最符合题干对“时间序列支持向量回归”的描述或条件。"",""generationMethod"":""machine_translation_plus_structural_template"",""generationVersion"":""en-zh-candidate-2026-08-12"",""localizedStem"":""SVR 通过以下哪种方法进行学习？"",""memoryTip"":""复习“时间序列支持向量回归”时，先定位题干关键词，再逐项核对定义和适用条件。"",""optionReasons"":{""A"":""在给定选项中，“寻找具有最大数据点数量的最佳拟合超平面”最符合题干对“时间序列支持向量回归”的描述或条件。"",""B"":""“学习数据集的概率分布”不是本题参考答案；审核时需结合原课程补充它与正确选项的具体差异。"",""C"":""“在数据集中查找簇”不是本题参考答案；审核时需结合原课程补充它与正确选项的具体差异。""},""originalStem"":""By which of these methods does an SVR learn?"",""quality"":""structural_draft"",""requiresSubjectMatterReview"":true,""schemaVersion"":""quiz-explanation.v1"",""sourceUrls"":[""https://github.com/microsoft/ML-For-Beginners/blob/d0d0ea2b2d22cddca31f9c6d108df7daa87a1b46/quiz-app/src/assets/translations/en.json""],""summary"":""本题考查“时间序列支持向量回归”，参考答案为 A：“寻找具有最大数据点数量的最佳拟合超平面”。""}",public_machine_translation,en-zh-candidate-2026-08-12,pending,pending,hold,,
item-10bfacc5561e42961ecd,item-version-a129cb879663ff9c2d38,microsoft-ml-for-beginners,quiz-app/src/assets/translations/en.json,json-154,d0d0ea2b2d22cddca31f9c6d108df7daa87a1b46,b278cb874c3e66ef48b20f766c69648f1f9331b9d414730f6461f2d6a3a5a27c,kp-ml-timeseries-svr,Time Series SVR,时间序列支持向量回归,What is the purpose of a kernel in SVMs?,To measure the accuracy of the model predictions,To transform the dataset to a higher dimension space,To standardize the values of the dataset,B,SVM 中内核的用途是什么？,衡量模型预测的准确性,将数据集转换到更高维度的空间,标准化数据集的值,本题考查“时间序列支持向量回归”，参考答案为 B：“将数据集转换到更高维度的空间”。,"{""correctOptionKey"":""B"",""correctReason"":""在给定选项中，“将数据集转换到更高维度的空间”最符合题干对“时间序列支持向量回归”的描述或条件。"",""generationMethod"":""machine_translation_plus_structural_template"",""generationVersion"":""en-zh-candidate-2026-08-12"",""localizedStem"":""SVM 中内核的用途是什么？"",""memoryTip"":""复习“时间序列支持向量回归”时，先定位题干关键词，再逐项核对定义和适用条件。"",""optionReasons"":{""A"":""“衡量模型预测的准确性”不是本题参考答案；审核时需结合原课程补充它与正确选项的具体差异。"",""B"":""在给定选项中，“将数据集转换到更高维度的空间”最符合题干对“时间序列支持向量回归”的描述或条件。"",""C"":""“标准化数据集的值”不是本题参考答案；审核时需结合原课程补充它与正确选项的具体差异。""},""originalStem"":""What is the purpose of a kernel in SVMs?"",""quality"":""structural_draft"",""requiresSubjectMatterReview"":true,""schemaVersion"":""quiz-explanation.v1"",""sourceUrls"":[""https://github.com/microsoft/ML-For-Beginners/blob/d0d0ea2b2d22cddca31f9c6d108df7daa87a1b46/quiz-app/src/assets/translations/en.json""],""summary"":""本题考查“时间序列支持向量回归”，参考答案为 B：“将数据集转换到更高维度的空间”。""}",public_machine_translation,en-zh-candidate-2026-08-12,pending,pending,hold,,
item-f9661e4e8bc511ef147b,item-version-b4f7c3f574f48bc02467,microsoft-ml-for-beginners,quiz-app/src/assets/translations/en.json,json-155,d0d0ea2b2d22cddca31f9c6d108df7daa87a1b46,b278cb874c3e66ef48b20f766c69648f1f9331b9d414730f6461f2d6a3a5a27c,kp-ml-timeseries-svr,Time Series SVR,时间序列支持向量回归,Which of these models consider the non-linearity in the dataset?,Simple Linear Regression,ARIMA,SVR using RBF kernel,C,以下哪些模型考虑了数据集中的非线性？,简单线性回归,ARIMA,使用RBF核函数的SVR,本题考查“时间序列支持向量回归”，参考答案为 C：“使用RBF核函数的SVR”。,"{""correctOptionKey"":""C"",""correctReason"":""在给定选项中，“使用RBF核函数的SVR”最符合题干对“时间序列支持向量回归”的描述或条件。"",""generationMethod"":""machine_translation_plus_structural_template"",""generationVersion"":""en-zh-candidate-2026-08-12"",""localizedStem"":""以下哪些模型考虑了数据集中的非线性？"",""memoryTip"":""复习“时间序列支持向量回归”时，先定位题干关键词，再逐项核对定义和适用条件。"",""optionReasons"":{""A"":""“简单线性回归”不是本题参考答案；审核时需结合原课程补充它与正确选项的具体差异。"",""B"":""“ARIMA”不是本题参考答案；审核时需结合原课程补充它与正确选项的具体差异。"",""C"":""在给定选项中，“使用RBF核函数的SVR”最符合题干对“时间序列支持向量回归”的描述或条件。""},""originalStem"":""Which of these models consider the non-linearity in the dataset?"",""quality"":""structural_draft"",""requiresSubjectMatterReview"":true,""schemaVersion"":""quiz-explanation.v1"",""sourceUrls"":[""https://github.com/microsoft/ML-For-Beginners/blob/d0d0ea2b2d22cddca31f9c6d108df7daa87a1b46/quiz-app/src/assets/translations/en.json""],""summary"":""本题考查“时间序列支持向量回归”，参考答案为 C：“使用RBF核函数的SVR”。""}",public_machine_translation,en-zh-candidate-2026-08-12,pending,pending,hold,,
item-871de120765b344c492d,item-version-7fb54656ca1a37fbc2a0,microsoft-ai-for-beginners,etc/quiz-app/src/assets/translations/en/lesson-1.json,json-0,33e781bf7bfb9b39fd27c4e4a3e592669b52cb4b,a57eef42fbbd084c12a4fecb9b57bd4ac4bfe5e489a014c0b0464cd2e4270c4e,kp-ai-lesson-01,Introduction to AI,人工智能简介,A famous 19th century proto-computer engineer was,Charles Barkley,Charles Babbage,Charles Darwin,B,一位著名的 19 世纪原型计算机工程师是,查尔斯·巴克利,查尔斯·巴贝奇,查尔斯·达尔文,本题考查“人工智能简介”，参考答案为 B：“查尔斯·巴贝奇”。,"{""correctOptionKey"":""B"",""correctReason"":""在给定选项中，“查尔斯·巴贝奇”最符合题干对“人工智能简介”的描述或条件。"",""generationMethod"":""machine_translation_plus_structural_template"",""generationVersion"":""en-zh-candidate-2026-08-12"",""localizedStem"":""一位著名的 19 世纪原型计算机工程师是"",""memoryTip"":""复习“人工智能简介”时，先定位题干关键词，再逐项核对定义和适用条件。"",""optionReasons"":{""A"":""“查尔斯·巴克利”不是本题参考答案；审核时需结合原课程补充它与正确选项的具体差异。"",""B"":""在给定选项中，“查尔斯·巴贝奇”最符合题干对“人工智能简介”的描述或条件。"",""C"":""“查尔斯·达尔文”不是本题参考答案；审核时需结合原课程补充它与正确选项的具体差异。""},""originalStem"":""A famous 19th century proto-computer engineer was"",""quality"":""structural_draft"",""requiresSubjectMatterReview"":true,""schemaVersion"":""quiz-explanation.v1"",""sourceUrls"":[""https://github.com/microsoft/AI-For-Beginners/blob/33e781bf7bfb9b39fd27c4e4a3e592669b52cb4b/etc/quiz-app/src/assets/translations/en/lesson-1.json""],""summary"":""本题考查“人工智能简介”，参考答案为 B：“查尔斯·巴贝奇”。""}",public_machine_translation,en-zh-candidate-2026-08-12,pending,pending,hold,,
item-b64c4e951ee70ec0a151,item-version-c6bc3a53f85858a077a2,microsoft-ai-for-beginners,etc/quiz-app/src/assets/translations/en/lesson-1.json,json-1,33e781bf7bfb9b39fd27c4e4a3e592669b52cb4b,a57eef42fbbd084c12a4fecb9b57bd4ac4bfe5e489a014c0b0464cd2e4270c4e,kp-ai-lesson-01,Introduction to AI,人工智能简介,Weak AI is a system designed to solve many tasks,True,False,,B,弱人工智能是一个旨在解决许多任务的系统,正确,错误,,本题考查“人工智能简介”，参考答案为 B：“错误”。,"{""correctOptionKey"":""B"",""correctReason"":""该陈述与课程中“人工智能简介”的说明不一致，因此应选择“错误”。"",""generationMethod"":""machine_translation_plus_structural_template"",""generationVersion"":""en-zh-candidate-2026-08-12"",""localizedStem"":""弱人工智能是一个旨在解决许多任务的系统"",""memoryTip"":""复习“人工智能简介”时，先定位题干关键词，再逐项核对定义和适用条件。"",""optionReasons"":{""A"":""“正确”不是本题参考答案；审核时需结合原课程补充它与正确选项的具体差异。"",""B"":""该陈述与课程中“人工智能简介”的说明不一致，因此应选择“错误”。""},""originalStem"":""Weak AI is a system designed to solve many tasks"",""quality"":""structural_draft"",""requiresSubjectMatterReview"":true,""schemaVersion"":""quiz-explanation.v1"",""sourceUrls"":[""https://github.com/microsoft/AI-For-Beginners/blob/33e781bf7bfb9b39fd27c4e4a3e592669b52cb4b/etc/quiz-app/src/assets/translations/en/lesson-1.json""],""summary"":""本题考查“人工智能简介”，参考答案为 B：“错误”。""}",public_machine_translation,en-zh-candidate-2026-08-12,pending,pending,hold,,
item-b2cfc4627fdbd268a3e4,item-version-9773e9928db986090665,microsoft-ai-for-beginners,etc/quiz-app/src/assets/translations/en/lesson-1.json,json-2,33e781bf7bfb9b39fd27c4e4a3e592669b52cb4b,a57eef42fbbd084c12a4fecb9b57bd4ac4bfe5e489a014c0b0464cd2e4270c4e,kp-ai-lesson-01,Introduction to AI,人工智能简介,Chat bots are an example of truly intelligent systems,"false, they are usually designed by a series of rules.","true, they are usually considered to be 'intelligent","false, but they are increasingly able to pass Turing tests as they become more sophisticated.",C,聊天机器人是真正智能系统的一个例子,false，它们通常是由一系列规则设计的。,确实，他们通常被认为是“聪明的”,错误，但随着它们变得更加复杂，它们越来越能够通过图灵测试。,本题考查“人工智能简介”，参考答案为 C：“错误，但随着它们变得更加复杂，它们越来越能够通过图灵测试。”。,"{""correctOptionKey"":""C"",""correctReason"":""在给定选项中，“错误，但随着它们变得更加复杂，它们越来越能够通过图灵测试。”最符合题干对“人工智能简介”的描述或条件。"",""generationMethod"":""machine_translation_plus_structural_template"",""generationVersion"":""en-zh-candidate-2026-08-12"",""localizedStem"":""聊天机器人是真正智能系统的一个例子"",""memoryTip"":""复习“人工智能简介”时，先定位题干关键词，再逐项核对定义和适用条件。"",""optionReasons"":{""A"":""“false，它们通常是由一系列规则设计的。”不是本题参考答案；审核时需结合原课程补充它与正确选项的具体差异。"",""B"":""“确实，他们通常被认为是“聪明的””不是本题参考答案；审核时需结合原课程补充它与正确选项的具体差异。"",""C"":""在给定选项中，“错误，但随着它们变得更加复杂，它们越来越能够通过图灵测试。”最符合题干对“人工智能简介”的描述或条件。""},""originalStem"":""Chat bots are an example of truly intelligent systems"",""quality"":""structural_draft"",""requiresSubjectMatterReview"":true,""schemaVersion"":""quiz-explanation.v1"",""sourceUrls"":[""https://github.com/microsoft/AI-For-Beginners/blob/33e781bf7bfb9b39fd27c4e4a3e592669b52cb4b/etc/quiz-app/src/assets/translations/en/lesson-1.json""],""summary"":""本题考查“人工智能简介”，参考答案为 C：“错误，但随着它们变得更加复杂，它们越来越能够通过图灵测试。”。""}",public_machine_translation,en-zh-candidate-2026-08-12,pending,pending,hold,,
item-a26306666d8f1f2159a1,item-version-49fbd2891321c3c3853e,microsoft-ai-for-beginners,etc/quiz-app/src/assets/translations/en/lesson-1.json,json-3,33e781bf7bfb9b39fd27c4e4a3e592669b52cb4b,a57eef42fbbd084c12a4fecb9b57bd4ac4bfe5e489a014c0b0464cd2e4270c4e,kp-ai-lesson-01,Introduction to AI,人工智能简介,A top-down approach to AI is a model of reasoning called,strategic reasoning,symbolic reasoning,synergistic reasoning,B,自上而下的人工智能方法是一种称为推理模型,战略推理,符号推理,协同推理,本题考查“人工智能简介”，参考答案为 B：“符号推理”。,"{""correctOptionKey"":""B"",""correctReason"":""在给定选项中，“符号推理”最符合题干对“人工智能简介”的描述或条件。"",""generationMethod"":""machine_translation_plus_structural_template"",""generationVersion"":""en-zh-candidate-2026-08-12"",""localizedStem"":""自上而下的人工智能方法是一种称为推理模型"",""memoryTip"":""复习“人工智能简介”时，先定位题干关键词，再逐项核对定义和适用条件。"",""optionReasons"":{""A"":""“战略推理”不是本题参考答案；审核时需结合原课程补充它与正确选项的具体差异。"",""B"":""在给定选项中，“符号推理”最符合题干对“人工智能简介”的描述或条件。"",""C"":""“协同推理”不是本题参考答案；审核时需结合原课程补充它与正确选项的具体差异。""},""originalStem"":""A top-down approach to AI is a model of reasoning called"",""quality"":""structural_draft"",""requiresSubjectMatterReview"":true,""schemaVersion"":""quiz-explanation.v1"",""sourceUrls"":[""https://github.com/microsoft/AI-For-Beginners/blob/33e781bf7bfb9b39fd27c4e4a3e592669b52cb4b/etc/quiz-app/src/assets/translations/en/lesson-1.json""],""summary"":""本题考查“人工智能简介”，参考答案为 B：“符号推理”。""}",public_machine_translation,en-zh-candidate-2026-08-12,pending,pending,hold,,
item-94ba001fb3192194163b,item-version-af0dd30f9933a12789b3,microsoft-ai-for-beginners,etc/quiz-app/src/assets/translations/en/lesson-1.json,json-4,33e781bf7bfb9b39fd27c4e4a3e592669b52cb4b,a57eef42fbbd084c12a4fecb9b57bd4ac4bfe5e489a014c0b0464cd2e4270c4e,kp-ai-lesson-01,Introduction to AI,人工智能简介,A bottom-up approach to AI is based on neural networks,True,False,,A,自下而上的人工智能方法基于神经网络,正确,错误,,本题考查“人工智能简介”，参考答案为 A：“正确”。,"{""correctOptionKey"":""A"",""correctReason"":""该陈述与课程中“人工智能简介”的说明一致，因此应选择“正确”。"",""generationMethod"":""machine_translation_plus_structural_template"",""generationVersion"":""en-zh-candidate-2026-08-12"",""localizedStem"":""自下而上的人工智能方法基于神经网络"",""memoryTip"":""复习“人工智能简介”时，先定位题干关键词，再逐项核对定义和适用条件。"",""optionReasons"":{""A"":""该陈述与课程中“人工智能简介”的说明一致，因此应选择“正确”。"",""B"":""“错误”不是本题参考答案；审核时需结合原课程补充它与正确选项的具体差异。""},""originalStem"":""A bottom-up approach to AI is based on neural networks"",""quality"":""structural_draft"",""requiresSubjectMatterReview"":true,""schemaVersion"":""quiz-explanation.v1"",""sourceUrls"":[""https://github.com/microsoft/AI-For-Beginners/blob/33e781bf7bfb9b39fd27c4e4a3e592669b52cb4b/etc/quiz-app/src/assets/translations/en/lesson-1.json""],""summary"":""本题考查“人工智能简介”，参考答案为 A：“正确”。""}",public_machine_translation,en-zh-candidate-2026-08-12,pending,pending,hold,,
item-116d22ef2fd4191a84f0,item-version-65a57f4a4065d05d5d9f,microsoft-ai-for-beginners,etc/quiz-app/src/assets/translations/en/lesson-1.json,json-5,33e781bf7bfb9b39fd27c4e4a3e592669b52cb4b,a57eef42fbbd084c12a4fecb9b57bd4ac4bfe5e489a014c0b0464cd2e4270c4e,kp-ai-lesson-01,Introduction to AI,人工智能简介,The AI Winter occurred in this era,1950s,1960s,1970s,C,AI冬天就发生在这个时代,20世纪50年代,20世纪60年代,20世纪70年代,本题考查“人工智能简介”，参考答案为 C：“20世纪70年代”。,"{""correctOptionKey"":""C"",""correctReason"":""在给定选项中，“20世纪70年代”最符合题干对“人工智能简介”的描述或条件。"",""generationMethod"":""machine_translation_plus_structural_template"",""generationVersion"":""en-zh-candidate-2026-08-12"",""localizedStem"":""AI冬天就发生在这个时代"",""memoryTip"":""复习“人工智能简介”时，先定位题干关键词，再逐项核对定义和适用条件。"",""optionReasons"":{""A"":""“20世纪50年代”不是本题参考答案；审核时需结合原课程补充它与正确选项的具体差异。"",""B"":""“20世纪60年代”不是本题参考答案；审核时需结合原课程补充它与正确选项的具体差异。"",""C"":""在给定选项中，“20世纪70年代”最符合题干对“人工智能简介”的描述或条件。""},""originalStem"":""The AI Winter occurred in this era"",""quality"":""structural_draft"",""requiresSubjectMatterReview"":true,""schemaVersion"":""quiz-explanation.v1"",""sourceUrls"":[""https://github.com/microsoft/AI-For-Beginners/blob/33e781bf7bfb9b39fd27c4e4a3e592669b52cb4b/etc/quiz-app/src/assets/translations/en/lesson-1.json""],""summary"":""本题考查“人工智能简介”，参考答案为 C：“20世纪70年代”。""}",public_machine_translation,en-zh-candidate-2026-08-12,pending,pending,hold,,
item-c39bd672a0d034a4b984,item-version-aa676b2466d0eddd1bd8,microsoft-ai-for-beginners,etc/quiz-app/src/assets/translations/en/lesson-10.json,json-0,33e781bf7bfb9b39fd27c4e4a3e592669b52cb4b,d73143c1f0d9cf25bb24ba2c428de6db97661515b387243d810bbbf966243073,kp-ai-lesson-10,Generative Adversarial Networks,生成对抗网络,Generators take vectors and produce ____,videos,image,gif,B,生成器接受向量并产生____,视频,图像,动图,本题考查“生成对抗网络”，参考答案为 B：“图像”。,"{""correctOptionKey"":""B"",""correctReason"":""根据“生成对抗网络”相关术语，题干空缺应填“图像”。"",""generationMethod"":""machine_translation_plus_structural_template"",""generationVersion"":""en-zh-candidate-2026-08-12"",""localizedStem"":""生成器接受向量并产生____"",""memoryTip"":""复习“生成对抗网络”时，先定位题干关键词，再逐项核对定义和适用条件。"",""optionReasons"":{""A"":""“视频”不是本题参考答案；审核时需结合原课程补充它与正确选项的具体差异。"",""B"":""根据“生成对抗网络”相关术语，题干空缺应填“图像”。"",""C"":""“动图”不是本题参考答案；审核时需结合原课程补充它与正确选项的具体差异。""},""originalStem"":""Generators take vectors and produce ____"",""quality"":""structural_draft"",""requiresSubjectMatterReview"":true,""schemaVersion"":""quiz-explanation.v1"",""sourceUrls"":[""https://github.com/microsoft/AI-For-Beginners/blob/33e781bf7bfb9b39fd27c4e4a3e592669b52cb4b/etc/quiz-app/src/assets/translations/en/lesson-10.json""],""summary"":""本题考查“生成对抗网络”，参考答案为 B：“图像”。""}",public_machine_translation,en-zh-candidate-2026-08-12,pending,pending,hold,,
item-c7c85998ccab340d9aef,item-version-512bcf9e3363216b49ab,microsoft-ai-for-beginners,etc/quiz-app/src/assets/translations/en/lesson-10.json,json-1,33e781bf7bfb9b39fd27c4e4a3e592669b52cb4b,d73143c1f0d9cf25bb24ba2c428de6db97661515b387243d810bbbf966243073,kp-ai-lesson-10,Generative Adversarial Networks,生成对抗网络,GANs is short for?,General adversarial networks,Generative advisor networks,Generative adversarial networks,C,GAN 是缩写？,一般对抗网络,生成顾问网络,生成对抗网络,本题考查“生成对抗网络”，参考答案为 C：“生成对抗网络”。,"{""correctOptionKey"":""C"",""correctReason"":""在给定选项中，“生成对抗网络”最符合题干对“生成对抗网络”的描述或条件。"",""generationMethod"":""machine_translation_plus_structural_template"",""generationVersion"":""en-zh-candidate-2026-08-12"",""localizedStem"":""GAN 是缩写？"",""memoryTip"":""复习“生成对抗网络”时，先定位题干关键词，再逐项核对定义和适用条件。"",""optionReasons"":{""A"":""“一般对抗网络”不是本题参考答案；审核时需结合原课程补充它与正确选项的具体差异。"",""B"":""“生成顾问网络”不是本题参考答案；审核时需结合原课程补充它与正确选项的具体差异。"",""C"":""在给定选项中，“生成对抗网络”最符合题干对“生成对抗网络”的描述或条件。""},""originalStem"":""GANs is short for?"",""quality"":""structural_draft"",""requiresSubjectMatterReview"":true,""schemaVersion"":""quiz-explanation.v1"",""sourceUrls"":[""https://github.com/microsoft/AI-For-Beginners/blob/33e781bf7bfb9b39fd27c4e4a3e592669b52cb4b/etc/quiz-app/src/assets/translations/en/lesson-10.json""],""summary"":""本题考查“生成对抗网络”，参考答案为 C：“生成对抗网络”。""}",public_machine_translation,en-zh-candidate-2026-08-12,pending,pending,hold,,
item-c618868cc224f0dca9ab,item-version-a10d1d80e1a208af0012,microsoft-ai-for-beginners,etc/quiz-app/src/assets/translations/en/lesson-10.json,json-2,33e781bf7bfb9b39fd27c4e4a3e592669b52cb4b,d73143c1f0d9cf25bb24ba2c428de6db97661515b387243d810bbbf966243073,kp-ai-lesson-10,Generative Adversarial Networks,生成对抗网络,GAN uses ____ neural networks,1,2,3,B,GAN 使用 ____ 神经网络,1,2,3,本题考查“生成对抗网络”，参考答案为 B：“2”。,"{""correctOptionKey"":""B"",""correctReason"":""根据“生成对抗网络”相关术语，题干空缺应填“2”。"",""generationMethod"":""machine_translation_plus_structural_template"",""generationVersion"":""en-zh-candidate-2026-08-12"",""localizedStem"":""GAN 使用 ____ 神经网络"",""memoryTip"":""复习“生成对抗网络”时，先定位题干关键词，再逐项核对定义和适用条件。"",""optionReasons"":{""A"":""“1”不是本题参考答案；审核时需结合原课程补充它与正确选项的具体差异。"",""B"":""根据“生成对抗网络”相关术语，题干空缺应填“2”。"",""C"":""“3”不是本题参考答案；审核时需结合原课程补充它与正确选项的具体差异。""},""originalStem"":""GAN uses ____ neural networks"",""quality"":""structural_draft"",""requiresSubjectMatterReview"":true,""schemaVersion"":""quiz-explanation.v1"",""sourceUrls"":[""https://github.com/microsoft/AI-For-Beginners/blob/33e781bf7bfb9b39fd27c4e4a3e592669b52cb4b/etc/quiz-app/src/assets/translations/en/lesson-10.json""],""summary"":""本题考查“生成对抗网络”，参考答案为 B：“2”。""}",public_machine_translation,en-zh-candidate-2026-08-12,pending,pending,hold,,
item-cf33439636f098a44e77,item-version-59bc3b43f1614108354b,microsoft-ai-for-beginners,etc/quiz-app/src/assets/translations/en/lesson-10.json,json-3,33e781bf7bfb9b39fd27c4e4a3e592669b52cb4b,d73143c1f0d9cf25bb24ba2c428de6db97661515b387243d810bbbf966243073,kp-ai-lesson-10,Generative Adversarial Networks,生成对抗网络,We can use Batch normalization and BatchNorm1D to stabilize the training,true,false,,A,我们可以使用 Batch Normalization 和 BatchNorm1D 来稳定训练,正确,错误,,本题考查“生成对抗网络”，参考答案为 A：“正确”。,"{""correctOptionKey"":""A"",""correctReason"":""该陈述与课程中“生成对抗网络”的说明一致，因此应选择“正确”。"",""generationMethod"":""machine_translation_plus_structural_template"",""generationVersion"":""en-zh-candidate-2026-08-12"",""localizedStem"":""我们可以使用 Batch Normalization 和 BatchNorm1D 来稳定训练"",""memoryTip"":""复习“生成对抗网络”时，先定位题干关键词，再逐项核对定义和适用条件。"",""optionReasons"":{""A"":""该陈述与课程中“生成对抗网络”的说明一致，因此应选择“正确”。"",""B"":""“错误”不是本题参考答案；审核时需结合原课程补充它与正确选项的具体差异。""},""originalStem"":""We can use Batch normalization and BatchNorm1D to stabilize the training"",""quality"":""structural_draft"",""requiresSubjectMatterReview"":true,""schemaVersion"":""quiz-explanation.v1"",""sourceUrls"":[""https://github.com/microsoft/AI-For-Beginners/blob/33e781bf7bfb9b39fd27c4e4a3e592669b52cb4b/etc/quiz-app/src/assets/translations/en/lesson-10.json""],""summary"":""本题考查“生成对抗网络”，参考答案为 A：“正确”。""}",public_machine_translation,en-zh-candidate-2026-08-12,pending,pending,hold,,
item-0325bea7e5085093cc66,item-version-107acb27ee787d2c6638,microsoft-ai-for-beginners,etc/quiz-app/src/assets/translations/en/lesson-10.json,json-4,33e781bf7bfb9b39fd27c4e4a3e592669b52cb4b,d73143c1f0d9cf25bb24ba2c428de6db97661515b387243d810bbbf966243073,kp-ai-lesson-10,Generative Adversarial Networks,生成对抗网络,Deep Convolutional GAN uses convolutional layers for ____ and ____,"generator, discriminator","CNN, generator","training, testing",A,深度卷积 GAN 使用卷积层____和____,生成器、判别器,CNN、生成器,培训、测试,本题考查“生成对抗网络”，参考答案为 A：“生成器、判别器”。,"{""correctOptionKey"":""A"",""correctReason"":""根据“生成对抗网络”相关术语，题干空缺应填“生成器、判别器”。"",""generationMethod"":""machine_translation_plus_structural_template"",""generationVersion"":""en-zh-candidate-2026-08-12"",""localizedStem"":""深度卷积 GAN 使用卷积层____和____"",""memoryTip"":""复习“生成对抗网络”时，先定位题干关键词，再逐项核对定义和适用条件。"",""optionReasons"":{""A"":""根据“生成对抗网络”相关术语，题干空缺应填“生成器、判别器”。"",""B"":""“CNN、生成器”不是本题参考答案；审核时需结合原课程补充它与正确选项的具体差异。"",""C"":""“培训、测试”不是本题参考答案；审核时需结合原课程补充它与正确选项的具体差异。""},""originalStem"":""Deep Convolutional GAN uses convolutional layers for ____ and ____"",""quality"":""structural_draft"",""requiresSubjectMatterReview"":true,""schemaVersion"":""quiz-explanation.v1"",""sourceUrls"":[""https://github.com/microsoft/AI-For-Beginners/blob/33e781bf7bfb9b39fd27c4e4a3e592669b52cb4b/etc/quiz-app/src/assets/translations/en/lesson-10.json""],""summary"":""本题考查“生成对抗网络”，参考答案为 A：“生成器、判别器”。""}",public_machine_translation,en-zh-candidate-2026-08-12,pending,pending,hold,,
item-4dfc919aa367d25ff175,item-version-4b4346640c5c7c568316,microsoft-ai-for-beginners,etc/quiz-app/src/assets/translations/en/lesson-10.json,json-5,33e781bf7bfb9b39fd27c4e4a3e592669b52cb4b,d73143c1f0d9cf25bb24ba2c428de6db97661515b387243d810bbbf966243073,kp-ai-lesson-10,Generative Adversarial Networks,生成对抗网络,Problems of GAN training includes,Sensitivity to hyperparameters,Keeping balance between generator and discriminator,all of the above,C,GAN训练的问题包括,对超参数的敏感性,保持生成器和鉴别器之间的平衡,以上全部,本题考查“生成对抗网络”，参考答案为 C：“以上全部”。,"{""correctOptionKey"":""C"",""correctReason"":""在给定选项中，“以上全部”最符合题干对“生成对抗网络”的描述或条件。"",""generationMethod"":""machine_translation_plus_structural_template"",""generationVersion"":""en-zh-candidate-2026-08-12"",""localizedStem"":""GAN训练的问题包括"",""memoryTip"":""复习“生成对抗网络”时，先定位题干关键词，再逐项核对定义和适用条件。"",""optionReasons"":{""A"":""“对超参数的敏感性”不是本题参考答案；审核时需结合原课程补充它与正确选项的具体差异。"",""B"":""“保持生成器和鉴别器之间的平衡”不是本题参考答案；审核时需结合原课程补充它与正确选项的具体差异。"",""C"":""在给定选项中，“以上全部”最符合题干对“生成对抗网络”的描述或条件。""},""originalStem"":""Problems of GAN training includes"",""quality"":""structural_draft"",""requiresSubjectMatterReview"":true,""schemaVersion"":""quiz-explanation.v1"",""sourceUrls"":[""https://github.com/microsoft/AI-For-Beginners/blob/33e781bf7bfb9b39fd27c4e4a3e592669b52cb4b/etc/quiz-app/src/assets/translations/en/lesson-10.json""],""summary"":""本题考查“生成对抗网络”，参考答案为 C：“以上全部”。""}",public_machine_translation,en-zh-candidate-2026-08-12,pending,pending,hold,,
item-3fcd913e4cd03ea047cd,item-version-d696edab0550f412ed16,microsoft-ai-for-beginners,etc/quiz-app/src/assets/translations/en/lesson-11.json,json-0,33e781bf7bfb9b39fd27c4e4a3e592669b52cb4b,b5b18b81e4915e54ea42e8fbce8db09208dc6cc228071bd7d6b9ab9846bfc52c,kp-ai-lesson-11,Object Detection,物体检测,Neural networks can only be used to classify images,true,false,,B,神经网络只能用于图像分类,正确,错误,,本题考查“物体检测”，参考答案为 B：“错误”。,"{""correctOptionKey"":""B"",""correctReason"":""该陈述与课程中“物体检测”的说明不一致，因此应选择“错误”。"",""generationMethod"":""machine_translation_plus_structural_template"",""generationVersion"":""en-zh-candidate-2026-08-12"",""localizedStem"":""神经网络只能用于图像分类"",""memoryTip"":""复习“物体检测”时，先定位题干关键词，再逐项核对定义和适用条件。"",""optionReasons"":{""A"":""“正确”不是本题参考答案；审核时需结合原课程补充它与正确选项的具体差异。"",""B"":""该陈述与课程中“物体检测”的说明不一致，因此应选择“错误”。""},""originalStem"":""Neural networks can only be used to classify images"",""quality"":""structural_draft"",""requiresSubjectMatterReview"":true,""schemaVersion"":""quiz-explanation.v1"",""sourceUrls"":[""https://github.com/microsoft/AI-For-Beginners/blob/33e781bf7bfb9b39fd27c4e4a3e592669b52cb4b/etc/quiz-app/src/assets/translations/en/lesson-11.json""],""summary"":""本题考查“物体检测”，参考答案为 B：“错误”。""}",public_machine_translation,en-zh-candidate-2026-08-12,pending,pending,hold,,
item-f000a9ef5e0e13d2827d,item-version-28c44f7b281c53f48677,microsoft-ai-for-beginners,etc/quiz-app/src/assets/translations/en/lesson-11.json,json-1,33e781bf7bfb9b39fd27c4e4a3e592669b52cb4b,b5b18b81e4915e54ea42e8fbce8db09208dc6cc228071bd7d6b9ab9846bfc52c,kp-ai-lesson-11,Object Detection,物体检测,"With object detection, we don't just get the class of an object, but also its ____",shape,location,type,B,通过对象检测，我们不仅得到对象的类，还得到它的____,形状,位置,类型,本题考查“物体检测”，参考答案为 B：“位置”。,"{""correctOptionKey"":""B"",""correctReason"":""根据“物体检测”相关术语，题干空缺应填“位置”。"",""generationMethod"":""machine_translation_plus_structural_template"",""generationVersion"":""en-zh-candidate-2026-08-12"",""localizedStem"":""通过对象检测，我们不仅得到对象的类，还得到它的____"",""memoryTip"":""复习“物体检测”时，先定位题干关键词，再逐项核对定义和适用条件。"",""optionReasons"":{""A"":""“形状”不是本题参考答案；审核时需结合原课程补充它与正确选项的具体差异。"",""B"":""根据“物体检测”相关术语，题干空缺应填“位置”。"",""C"":""“类型”不是本题参考答案；审核时需结合原课程补充它与正确选项的具体差异。""},""originalStem"":""With object detection, we don't just get the class of an object, but also its ____"",""quality"":""structural_draft"",""requiresSubjectMatterReview"":true,""schemaVersion"":""quiz-explanation.v1"",""sourceUrls"":[""https://github.com/microsoft/AI-For-Beginners/blob/33e781bf7bfb9b39fd27c4e4a3e592669b52cb4b/etc/quiz-app/src/assets/translations/en/lesson-11.json""],""summary"":""本题考查“物体检测”，参考答案为 B：“位置”。""}",public_machine_translation,en-zh-candidate-2026-08-12,pending,pending,hold,,
item-2d38022144dcc642a207,item-version-716f577104f05ff5be1a,microsoft-ai-for-beginners,etc/quiz-app/src/assets/translations/en/lesson-11.json,json-2,33e781bf7bfb9b39fd27c4e4a3e592669b52cb4b,b5b18b81e4915e54ea42e8fbce8db09208dc6cc228071bd7d6b9ab9846bfc52c,kp-ai-lesson-11,Object Detection,物体检测,How many objects can an object detection model detect?,one,two,any number,C,物体检测模型可以检测多少个物体？,一,两个,任意数量,本题考查“物体检测”，参考答案为 C：“任意数量”。,"{""correctOptionKey"":""C"",""correctReason"":""在给定选项中，“任意数量”最符合题干对“物体检测”的描述或条件。"",""generationMethod"":""machine_translation_plus_structural_template"",""generationVersion"":""en-zh-candidate-2026-08-12"",""localizedStem"":""物体检测模型可以检测多少个物体？"",""memoryTip"":""复习“物体检测”时，先定位题干关键词，再逐项核对定义和适用条件。"",""optionReasons"":{""A"":""“一”不是本题参考答案；审核时需结合原课程补充它与正确选项的具体差异。"",""B"":""“两个”不是本题参考答案；审核时需结合原课程补充它与正确选项的具体差异。"",""C"":""在给定选项中，“任意数量”最符合题干对“物体检测”的描述或条件。""},""originalStem"":""How many objects can an object detection model detect?"",""quality"":""structural_draft"",""requiresSubjectMatterReview"":true,""schemaVersion"":""quiz-explanation.v1"",""sourceUrls"":[""https://github.com/microsoft/AI-For-Beginners/blob/33e781bf7bfb9b39fd27c4e4a3e592669b52cb4b/etc/quiz-app/src/assets/translations/en/lesson-11.json""],""summary"":""本题考查“物体检测”，参考答案为 C：“任意数量”。""}",public_machine_translation,en-zh-candidate-2026-08-12,pending,pending,hold,,
item-0e03a3a65e94673ee58d,item-version-c3830f3703883fbc890f,microsoft-ai-for-beginners,etc/quiz-app/src/assets/translations/en/lesson-11.json,json-3,33e781bf7bfb9b39fd27c4e4a3e592669b52cb4b,b5b18b81e4915e54ea42e8fbce8db09208dc6cc228071bd7d6b9ab9846bfc52c,kp-ai-lesson-11,Object Detection,物体检测,An Object detection model gives us,object class,bounding box,both class and bounding box,C,对象检测模型为我们提供了,对象类,边界框,类和边界框,本题考查“物体检测”，参考答案为 C：“类和边界框”。,"{""correctOptionKey"":""C"",""correctReason"":""在给定选项中，“类和边界框”最符合题干对“物体检测”的描述或条件。"",""generationMethod"":""machine_translation_plus_structural_template"",""generationVersion"":""en-zh-candidate-2026-08-12"",""localizedStem"":""对象检测模型为我们提供了"",""memoryTip"":""复习“物体检测”时，先定位题干关键词，再逐项核对定义和适用条件。"",""optionReasons"":{""A"":""“对象类”不是本题参考答案；审核时需结合原课程补充它与正确选项的具体差异。"",""B"":""“边界框”不是本题参考答案；审核时需结合原课程补充它与正确选项的具体差异。"",""C"":""在给定选项中，“类和边界框”最符合题干对“物体检测”的描述或条件。""},""originalStem"":""An Object detection model gives us"",""quality"":""structural_draft"",""requiresSubjectMatterReview"":true,""schemaVersion"":""quiz-explanation.v1"",""sourceUrls"":[""https://github.com/microsoft/AI-For-Beginners/blob/33e781bf7bfb9b39fd27c4e4a3e592669b52cb4b/etc/quiz-app/src/assets/translations/en/lesson-11.json""],""summary"":""本题考查“物体检测”，参考答案为 C：“类和边界框”。""}",public_machine_translation,en-zh-candidate-2026-08-12,pending,pending,hold,,
item-947c2bd5a8a5f6c1fd48,item-version-96b8514f1aa8363d93e1,microsoft-ai-for-beginners,etc/quiz-app/src/assets/translations/en/lesson-11.json,json-4,33e781bf7bfb9b39fd27c4e4a3e592669b52cb4b,b5b18b81e4915e54ea42e8fbce8db09208dc6cc228071bd7d6b9ab9846bfc52c,kp-ai-lesson-11,Object Detection,物体检测,Which object detection models are faster?,one-pass models,region proposal networks,Fast R-CNN,A,哪些对象检测模型更快？,一次性模型,区域提案网络,快速R-CNN,本题考查“物体检测”，参考答案为 A：“一次性模型”。,"{""correctOptionKey"":""A"",""correctReason"":""在给定选项中，“一次性模型”最符合题干对“物体检测”的描述或条件。"",""generationMethod"":""machine_translation_plus_structural_template"",""generationVersion"":""en-zh-candidate-2026-08-12"",""localizedStem"":""哪些对象检测模型更快？"",""memoryTip"":""复习“物体检测”时，先定位题干关键词，再逐项核对定义和适用条件。"",""optionReasons"":{""A"":""在给定选项中，“一次性模型”最符合题干对“物体检测”的描述或条件。"",""B"":""“区域提案网络”不是本题参考答案；审核时需结合原课程补充它与正确选项的具体差异。"",""C"":""“快速R-CNN”不是本题参考答案；审核时需结合原课程补充它与正确选项的具体差异。""},""originalStem"":""Which object detection models are faster?"",""quality"":""structural_draft"",""requiresSubjectMatterReview"":true,""schemaVersion"":""quiz-explanation.v1"",""sourceUrls"":[""https://github.com/microsoft/AI-For-Beginners/blob/33e781bf7bfb9b39fd27c4e4a3e592669b52cb4b/etc/quiz-app/src/assets/translations/en/lesson-11.json""],""summary"":""本题考查“物体检测”，参考答案为 A：“一次性模型”。""}",public_machine_translation,en-zh-candidate-2026-08-12,pending,pending,hold,,
item-df749b895d98cfd3ac9e,item-version-450e37bce9ba31d596b3,microsoft-ai-for-beginners,etc/quiz-app/src/assets/translations/en/lesson-11.json,json-5,33e781bf7bfb9b39fd27c4e4a3e592669b52cb4b,b5b18b81e4915e54ea42e8fbce8db09208dc6cc228071bd7d6b9ab9846bfc52c,kp-ai-lesson-11,Object Detection,物体检测,Which metric can be used to determine how well bounding boxes are aligned?,accuracy,precision,IoU,C,哪个指标可用于确定边界框的对齐程度？,准确度,精度,IoU,本题考查“物体检测”，参考答案为 C：“IoU”。,"{""correctOptionKey"":""C"",""correctReason"":""在给定选项中，“IoU”最符合题干对“物体检测”的描述或条件。"",""generationMethod"":""machine_translation_plus_structural_template"",""generationVersion"":""en-zh-candidate-2026-08-12"",""localizedStem"":""哪个指标可用于确定边界框的对齐程度？"",""memoryTip"":""复习“物体检测”时，先定位题干关键词，再逐项核对定义和适用条件。"",""optionReasons"":{""A"":""“准确度”不是本题参考答案；审核时需结合原课程补充它与正确选项的具体差异。"",""B"":""“精度”不是本题参考答案；审核时需结合原课程补充它与正确选项的具体差异。"",""C"":""在给定选项中，“IoU”最符合题干对“物体检测”的描述或条件。""},""originalStem"":""Which metric can be used to determine how well bounding boxes are aligned?"",""quality"":""structural_draft"",""requiresSubjectMatterReview"":true,""schemaVersion"":""quiz-explanation.v1"",""sourceUrls"":[""https://github.com/microsoft/AI-For-Beginners/blob/33e781bf7bfb9b39fd27c4e4a3e592669b52cb4b/etc/quiz-app/src/assets/translations/en/lesson-11.json""],""summary"":""本题考查“物体检测”，参考答案为 C：“IoU”。""}",public_machine_translation,en-zh-candidate-2026-08-12,pending,pending,hold,,
item-0e9df20bbefdbafda529,item-version-36d9470c007966b5de98,microsoft-ai-for-beginners,etc/quiz-app/src/assets/translations/en/lesson-12.json,json-0,33e781bf7bfb9b39fd27c4e4a3e592669b52cb4b,12c8f74293597799ae04284031207a300740a08c5c3c25017ae6bface4eb33eb,kp-ai-lesson-12,Segmentation,细分,How many segmentation algorithm are there?,1,2,3,B,分割算法有多少种？,1,2,3,本题考查“细分”，参考答案为 B：“2”。,"{""correctOptionKey"":""B"",""correctReason"":""在给定选项中，“2”最符合题干对“细分”的描述或条件。"",""generationMethod"":""machine_translation_plus_structural_template"",""generationVersion"":""en-zh-candidate-2026-08-12"",""localizedStem"":""分割算法有多少种？"",""memoryTip"":""复习“细分”时，先定位题干关键词，再逐项核对定义和适用条件。"",""optionReasons"":{""A"":""“1”不是本题参考答案；审核时需结合原课程补充它与正确选项的具体差异。"",""B"":""在给定选项中，“2”最符合题干对“细分”的描述或条件。"",""C"":""“3”不是本题参考答案；审核时需结合原课程补充它与正确选项的具体差异。""},""originalStem"":""How many segmentation algorithm are there?"",""quality"":""structural_draft"",""requiresSubjectMatterReview"":true,""schemaVersion"":""quiz-explanation.v1"",""sourceUrls"":[""https://github.com/microsoft/AI-For-Beginners/blob/33e781bf7bfb9b39fd27c4e4a3e592669b52cb4b/etc/quiz-app/src/assets/translations/en/lesson-12.json""],""summary"":""本题考查“细分”，参考答案为 B：“2”。""}",public_machine_translation,en-zh-candidate-2026-08-12,pending,pending,hold,,
item-63de1c66e99f6cba7e02,item-version-9f78c1a3edc9147085c0,microsoft-ai-for-beginners,etc/quiz-app/src/assets/translations/en/lesson-12.json,json-1,33e781bf7bfb9b39fd27c4e4a3e592669b52cb4b,12c8f74293597799ae04284031207a300740a08c5c3c25017ae6bface4eb33eb,kp-ai-lesson-12,Segmentation,细分,Segmentation is a _____ task,computer vision,natural language processing,neural networks,A,细分是一项 _____ 任务,计算机视觉,自然语言处理,神经网络,本题考查“细分”，参考答案为 A：“计算机视觉”。,"{""correctOptionKey"":""A"",""correctReason"":""根据“细分”相关术语，题干空缺应填“计算机视觉”。"",""generationMethod"":""machine_translation_plus_structural_template"",""generationVersion"":""en-zh-candidate-2026-08-12"",""localizedStem"":""细分是一项 _____ 任务"",""memoryTip"":""复习“细分”时，先定位题干关键词，再逐项核对定义和适用条件。"",""optionReasons"":{""A"":""根据“细分”相关术语，题干空缺应填“计算机视觉”。"",""B"":""“自然语言处理”不是本题参考答案；审核时需结合原课程补充它与正确选项的具体差异。"",""C"":""“神经网络”不是本题参考答案；审核时需结合原课程补充它与正确选项的具体差异。""},""originalStem"":""Segmentation is a _____ task"",""quality"":""structural_draft"",""requiresSubjectMatterReview"":true,""schemaVersion"":""quiz-explanation.v1"",""sourceUrls"":[""https://github.com/microsoft/AI-For-Beginners/blob/33e781bf7bfb9b39fd27c4e4a3e592669b52cb4b/etc/quiz-app/src/assets/translations/en/lesson-12.json""],""summary"":""本题考查“细分”，参考答案为 A：“计算机视觉”。""}",public_machine_translation,en-zh-candidate-2026-08-12,pending,pending,hold,,
item-7d179b1cc5a4797f4dbe,item-version-f5a3192f8ff1c640838d,microsoft-ai-for-beginners,etc/quiz-app/src/assets/translations/en/lesson-12.json,json-2,33e781bf7bfb9b39fd27c4e4a3e592669b52cb4b,12c8f74293597799ae04284031207a300740a08c5c3c25017ae6bface4eb33eb,kp-ai-lesson-12,Segmentation,细分,Segmentation networks consist of ____ and ____ parts,"classifier, divider","encoder, decoder","generator, discriminator",B,分割网络由____和____部分组成,分类器，划分器,编码器、解码器,生成器、判别器,本题考查“细分”，参考答案为 B：“编码器、解码器”。,"{""correctOptionKey"":""B"",""correctReason"":""根据“细分”相关术语，题干空缺应填“编码器、解码器”。"",""generationMethod"":""machine_translation_plus_structural_template"",""generationVersion"":""en-zh-candidate-2026-08-12"",""localizedStem"":""分割网络由____和____部分组成"",""memoryTip"":""复习“细分”时，先定位题干关键词，再逐项核对定义和适用条件。"",""optionReasons"":{""A"":""“分类器，划分器”不是本题参考答案；审核时需结合原课程补充它与正确选项的具体差异。"",""B"":""根据“细分”相关术语，题干空缺应填“编码器、解码器”。"",""C"":""“生成器、判别器”不是本题参考答案；审核时需结合原课程补充它与正确选项的具体差异。""},""originalStem"":""Segmentation networks consist of ____ and ____ parts"",""quality"":""structural_draft"",""requiresSubjectMatterReview"":true,""schemaVersion"":""quiz-explanation.v1"",""sourceUrls"":[""https://github.com/microsoft/AI-For-Beginners/blob/33e781bf7bfb9b39fd27c4e4a3e592669b52cb4b/etc/quiz-app/src/assets/translations/en/lesson-12.json""],""summary"":""本题考查“细分”，参考答案为 B：“编码器、解码器”。""}",public_machine_translation,en-zh-candidate-2026-08-12,pending,pending,hold,,
item-b8c86673a958165ea703,item-version-225f56bf581ee29e4c81,microsoft-ai-for-beginners,etc/quiz-app/src/assets/translations/en/lesson-12.json,json-3,33e781bf7bfb9b39fd27c4e4a3e592669b52cb4b,12c8f74293597799ae04284031207a300740a08c5c3c25017ae6bface4eb33eb,kp-ai-lesson-12,Segmentation,细分,____ extracts features from an input image,decoder,generator,encoder,C,____ 从输入图像中提取特征,解码器,发电机,编码器,本题考查“细分”，参考答案为 C：“编码器”。,"{""correctOptionKey"":""C"",""correctReason"":""根据“细分”相关术语，题干空缺应填“编码器”。"",""generationMethod"":""machine_translation_plus_structural_template"",""generationVersion"":""en-zh-candidate-2026-08-12"",""localizedStem"":""____ 从输入图像中提取特征"",""memoryTip"":""复习“细分”时，先定位题干关键词，再逐项核对定义和适用条件。"",""optionReasons"":{""A"":""“解码器”不是本题参考答案；审核时需结合原课程补充它与正确选项的具体差异。"",""B"":""“发电机”不是本题参考答案；审核时需结合原课程补充它与正确选项的具体差异。"",""C"":""根据“细分”相关术语，题干空缺应填“编码器”。""},""originalStem"":""____ extracts features from an input image"",""quality"":""structural_draft"",""requiresSubjectMatterReview"":true,""schemaVersion"":""quiz-explanation.v1"",""sourceUrls"":[""https://github.com/microsoft/AI-For-Beginners/blob/33e781bf7bfb9b39fd27c4e4a3e592669b52cb4b/etc/quiz-app/src/assets/translations/en/lesson-12.json""],""summary"":""本题考查“细分”，参考答案为 C：“编码器”。""}",public_machine_translation,en-zh-candidate-2026-08-12,pending,pending,hold,,
item-82363d249bada03fed51,item-version-084dd7f4064cb5244a11,microsoft-ai-for-beginners,etc/quiz-app/src/assets/translations/en/lesson-12.json,json-4,33e781bf7bfb9b39fd27c4e4a3e592669b52cb4b,12c8f74293597799ae04284031207a300740a08c5c3c25017ae6bface4eb33eb,kp-ai-lesson-12,Segmentation,细分,____ transforms input features into mask image,decoder,generator,encoder,A,____ 将输入特征转换为掩模图像,解码器,发电机,编码器,本题考查“细分”，参考答案为 A：“解码器”。,"{""correctOptionKey"":""A"",""correctReason"":""根据“细分”相关术语，题干空缺应填“解码器”。"",""generationMethod"":""machine_translation_plus_structural_template"",""generationVersion"":""en-zh-candidate-2026-08-12"",""localizedStem"":""____ 将输入特征转换为掩模图像"",""memoryTip"":""复习“细分”时，先定位题干关键词，再逐项核对定义和适用条件。"",""optionReasons"":{""A"":""根据“细分”相关术语，题干空缺应填“解码器”。"",""B"":""“发电机”不是本题参考答案；审核时需结合原课程补充它与正确选项的具体差异。"",""C"":""“编码器”不是本题参考答案；审核时需结合原课程补充它与正确选项的具体差异。""},""originalStem"":""____ transforms input features into mask image"",""quality"":""structural_draft"",""requiresSubjectMatterReview"":true,""schemaVersion"":""quiz-explanation.v1"",""sourceUrls"":[""https://github.com/microsoft/AI-For-Beginners/blob/33e781bf7bfb9b39fd27c4e4a3e592669b52cb4b/etc/quiz-app/src/assets/translations/en/lesson-12.json""],""summary"":""本题考查“细分”，参考答案为 A：“解码器”。""}",public_machine_translation,en-zh-candidate-2026-08-12,pending,pending,hold,,
item-e432bf0da80e2b90ba99,item-version-f55d4094f81d039e11a8,microsoft-ai-for-beginners,etc/quiz-app/src/assets/translations/en/lesson-12.json,json-5,33e781bf7bfb9b39fd27c4e4a3e592669b52cb4b,12c8f74293597799ae04284031207a300740a08c5c3c25017ae6bface4eb33eb,kp-ai-lesson-12,Segmentation,细分,SegNet relies on ____ to train multi-layered network,batch normalization,height normalization,weight normalization,A,SegNet依靠____来训练多层网络,批量归一化,身高标准化,体重标准化,本题考查“细分”，参考答案为 A：“批量归一化”。,"{""correctOptionKey"":""A"",""correctReason"":""根据“细分”相关术语，题干空缺应填“批量归一化”。"",""generationMethod"":""machine_translation_plus_structural_template"",""generationVersion"":""en-zh-candidate-2026-08-12"",""localizedStem"":""SegNet依靠____来训练多层网络"",""memoryTip"":""复习“细分”时，先定位题干关键词，再逐项核对定义和适用条件。"",""optionReasons"":{""A"":""根据“细分”相关术语，题干空缺应填“批量归一化”。"",""B"":""“身高标准化”不是本题参考答案；审核时需结合原课程补充它与正确选项的具体差异。"",""C"":""“体重标准化”不是本题参考答案；审核时需结合原课程补充它与正确选项的具体差异。""},""originalStem"":""SegNet relies on ____ to train multi-layered network"",""quality"":""structural_draft"",""requiresSubjectMatterReview"":true,""schemaVersion"":""quiz-explanation.v1"",""sourceUrls"":[""https://github.com/microsoft/AI-For-Beginners/blob/33e781bf7bfb9b39fd27c4e4a3e592669b52cb4b/etc/quiz-app/src/assets/translations/en/lesson-12.json""],""summary"":""本题考查“细分”，参考答案为 A：“批量归一化”。""}",public_machine_translation,en-zh-candidate-2026-08-12,pending,pending,hold,,
item-8f306c6f36a8f09ac59f,item-version-d415616e0c6275a6e360,microsoft-ai-for-beginners,etc/quiz-app/src/assets/translations/en/lesson-13.json,json-0,33e781bf7bfb9b39fd27c4e4a3e592669b52cb4b,d9324c6f84aff8f670e748dbee2ac1e0fc6ecdf5cd10ae767201a3c3963bca65,kp-ai-lesson-13,Text Representation,文本表示,Each word in a Bag of Words is linked to a vector index,true,false,,A,词袋中的每个单词都链接到一个向量索引,正确,错误,,本题考查“文本表示”，参考答案为 A：“正确”。,"{""correctOptionKey"":""A"",""correctReason"":""该陈述与课程中“文本表示”的说明一致，因此应选择“正确”。"",""generationMethod"":""machine_translation_plus_structural_template"",""generationVersion"":""en-zh-candidate-2026-08-12"",""localizedStem"":""词袋中的每个单词都链接到一个向量索引"",""memoryTip"":""复习“文本表示”时，先定位题干关键词，再逐项核对定义和适用条件。"",""optionReasons"":{""A"":""该陈述与课程中“文本表示”的说明一致，因此应选择“正确”。"",""B"":""“错误”不是本题参考答案；审核时需结合原课程补充它与正确选项的具体差异。""},""originalStem"":""Each word in a Bag of Words is linked to a vector index"",""quality"":""structural_draft"",""requiresSubjectMatterReview"":true,""schemaVersion"":""quiz-explanation.v1"",""sourceUrls"":[""https://github.com/microsoft/AI-For-Beginners/blob/33e781bf7bfb9b39fd27c4e4a3e592669b52cb4b/etc/quiz-app/src/assets/translations/en/lesson-13.json""],""summary"":""本题考查“文本表示”，参考答案为 A：“正确”。""}",public_machine_translation,en-zh-candidate-2026-08-12,pending,pending,hold,,
item-a96d67848dd8ae052848,item-version-fedc99e0d99c09b6fcd9,microsoft-ai-for-beginners,etc/quiz-app/src/assets/translations/en/lesson-13.json,json-1,33e781bf7bfb9b39fd27c4e4a3e592669b52cb4b,d9324c6f84aff8f670e748dbee2ac1e0fc6ecdf5cd10ae767201a3c3963bca65,kp-ai-lesson-13,Text Representation,文本表示,Text can be represented using _____ approaches,1,2,3,B,文本可以使用 _____ 方法表示,1,2,3,本题考查“文本表示”，参考答案为 B：“2”。,"{""correctOptionKey"":""B"",""correctReason"":""根据“文本表示”相关术语，题干空缺应填“2”。"",""generationMethod"":""machine_translation_plus_structural_template"",""generationVersion"":""en-zh-candidate-2026-08-12"",""localizedStem"":""文本可以使用 _____ 方法表示"",""memoryTip"":""复习“文本表示”时，先定位题干关键词，再逐项核对定义和适用条件。"",""optionReasons"":{""A"":""“1”不是本题参考答案；审核时需结合原课程补充它与正确选项的具体差异。"",""B"":""根据“文本表示”相关术语，题干空缺应填“2”。"",""C"":""“3”不是本题参考答案；审核时需结合原课程补充它与正确选项的具体差异。""},""originalStem"":""Text can be represented using _____ approaches"",""quality"":""structural_draft"",""requiresSubjectMatterReview"":true,""schemaVersion"":""quiz-explanation.v1"",""sourceUrls"":[""https://github.com/microsoft/AI-For-Beginners/blob/33e781bf7bfb9b39fd27c4e4a3e592669b52cb4b/etc/quiz-app/src/assets/translations/en/lesson-13.json""],""summary"":""本题考查“文本表示”，参考答案为 B：“2”。""}",public_machine_translation,en-zh-candidate-2026-08-12,pending,pending,hold,,
item-7c8eca1fdbb693791908,item-version-77d0d067f9c31fdb0c22,microsoft-ai-for-beginners,etc/quiz-app/src/assets/translations/en/lesson-13.json,json-2,33e781bf7bfb9b39fd27c4e4a3e592669b52cb4b,d9324c6f84aff8f670e748dbee2ac1e0fc6ecdf5cd10ae767201a3c3963bca65,kp-ai-lesson-13,Text Representation,文本表示,Character level representation represents each _____ as a number,letter,word,symbol,A,字符级别表示将每个 _____ 表示为数字,信,词,符号,本题考查“文本表示”，参考答案为 A：“信”。,"{""correctOptionKey"":""A"",""correctReason"":""根据“文本表示”相关术语，题干空缺应填“信”。"",""generationMethod"":""machine_translation_plus_structural_template"",""generationVersion"":""en-zh-candidate-2026-08-12"",""localizedStem"":""字符级别表示将每个 _____ 表示为数字"",""memoryTip"":""复习“文本表示”时，先定位题干关键词，再逐项核对定义和适用条件。"",""optionReasons"":{""A"":""根据“文本表示”相关术语，题干空缺应填“信”。"",""B"":""“词”不是本题参考答案；审核时需结合原课程补充它与正确选项的具体差异。"",""C"":""“符号”不是本题参考答案；审核时需结合原课程补充它与正确选项的具体差异。""},""originalStem"":""Character level representation represents each _____ as a number"",""quality"":""structural_draft"",""requiresSubjectMatterReview"":true,""schemaVersion"":""quiz-explanation.v1"",""sourceUrls"":[""https://github.com/microsoft/AI-For-Beginners/blob/33e781bf7bfb9b39fd27c4e4a3e592669b52cb4b/etc/quiz-app/src/assets/translations/en/lesson-13.json""],""summary"":""本题考查“文本表示”，参考答案为 A：“信”。""}",public_machine_translation,en-zh-candidate-2026-08-12,pending,pending,hold,,
item-e6f444056d87ba168bc0,item-version-42a4e5ec17d20263d4be,microsoft-ai-for-beginners,etc/quiz-app/src/assets/translations/en/lesson-13.json,json-3,33e781bf7bfb9b39fd27c4e4a3e592669b52cb4b,d9324c6f84aff8f670e748dbee2ac1e0fc6ecdf5cd10ae767201a3c3963bca65,kp-ai-lesson-13,Text Representation,文本表示,Word level representation represents _____ as a number,letter,word,symbol,B,字级表示将 _____ 表示为数字,信,词,符号,本题考查“文本表示”，参考答案为 B：“词”。,"{""correctOptionKey"":""B"",""correctReason"":""根据“文本表示”相关术语，题干空缺应填“词”。"",""generationMethod"":""machine_translation_plus_structural_template"",""generationVersion"":""en-zh-candidate-2026-08-12"",""localizedStem"":""字级表示将 _____ 表示为数字"",""memoryTip"":""复习“文本表示”时，先定位题干关键词，再逐项核对定义和适用条件。"",""optionReasons"":{""A"":""“信”不是本题参考答案；审核时需结合原课程补充它与正确选项的具体差异。"",""B"":""根据“文本表示”相关术语，题干空缺应填“词”。"",""C"":""“符号”不是本题参考答案；审核时需结合原课程补充它与正确选项的具体差异。""},""originalStem"":""Word level representation represents _____ as a number"",""quality"":""structural_draft"",""requiresSubjectMatterReview"":true,""schemaVersion"":""quiz-explanation.v1"",""sourceUrls"":[""https://github.com/microsoft/AI-For-Beginners/blob/33e781bf7bfb9b39fd27c4e4a3e592669b52cb4b/etc/quiz-app/src/assets/translations/en/lesson-13.json""],""summary"":""本题考查“文本表示”，参考答案为 B：“词”。""}",public_machine_translation,en-zh-candidate-2026-08-12,pending,pending,hold,,
item-c9a3cb28e1444a05b467,item-version-f1c99ff4dded5ab7f92c,microsoft-ai-for-beginners,etc/quiz-app/src/assets/translations/en/lesson-13.json,json-4,33e781bf7bfb9b39fd27c4e4a3e592669b52cb4b,d9324c6f84aff8f670e748dbee2ac1e0fc6ecdf5cd10ae767201a3c3963bca65,kp-ai-lesson-13,Text Representation,文本表示,N-Grams refers to _____,combination of n number of words and symbols,combination of n number of letters,combination of n number of Words,C,N 元语法是指_____,n 个单词和符号的组合,n个字母的组合,n 个单词的组合,本题考查“文本表示”，参考答案为 C：“n 个单词的组合”。,"{""correctOptionKey"":""C"",""correctReason"":""根据“文本表示”相关术语，题干空缺应填“n 个单词的组合”。"",""generationMethod"":""machine_translation_plus_structural_template"",""generationVersion"":""en-zh-candidate-2026-08-12"",""localizedStem"":""N 元语法是指_____"",""memoryTip"":""复习“文本表示”时，先定位题干关键词，再逐项核对定义和适用条件。"",""optionReasons"":{""A"":""“n 个单词和符号的组合”不是本题参考答案；审核时需结合原课程补充它与正确选项的具体差异。"",""B"":""“n个字母的组合”不是本题参考答案；审核时需结合原课程补充它与正确选项的具体差异。"",""C"":""根据“文本表示”相关术语，题干空缺应填“n 个单词的组合”。""},""originalStem"":""N-Grams refers to _____"",""quality"":""structural_draft"",""requiresSubjectMatterReview"":true,""schemaVersion"":""quiz-explanation.v1"",""sourceUrls"":[""https://github.com/microsoft/AI-For-Beginners/blob/33e781bf7bfb9b39fd27c4e4a3e592669b52cb4b/etc/quiz-app/src/assets/translations/en/lesson-13.json""],""summary"":""本题考查“文本表示”，参考答案为 C：“n 个单词的组合”。""}",public_machine_translation,en-zh-candidate-2026-08-12,pending,pending,hold,,
item-65330542d633bb4a0a78,item-version-b54fa6453445af9fa165,microsoft-ai-for-beginners,etc/quiz-app/src/assets/translations/en/lesson-13.json,json-5,33e781bf7bfb9b39fd27c4e4a3e592669b52cb4b,d9324c6f84aff8f670e748dbee2ac1e0fc6ecdf5cd10ae767201a3c3963bca65,kp-ai-lesson-13,Text Representation,文本表示,The main drawback of N-gram is that the vocabulary size grows fast,true,false,,A,N-gram 的主要缺点是词汇量增长很快,正确,错误,,本题考查“文本表示”，参考答案为 A：“正确”。,"{""correctOptionKey"":""A"",""correctReason"":""该陈述与课程中“文本表示”的说明一致，因此应选择“正确”。"",""generationMethod"":""machine_translation_plus_structural_template"",""generationVersion"":""en-zh-candidate-2026-08-12"",""localizedStem"":""N-gram 的主要缺点是词汇量增长很快"",""memoryTip"":""复习“文本表示”时，先定位题干关键词，再逐项核对定义和适用条件。"",""optionReasons"":{""A"":""该陈述与课程中“文本表示”的说明一致，因此应选择“正确”。"",""B"":""“错误”不是本题参考答案；审核时需结合原课程补充它与正确选项的具体差异。""},""originalStem"":""The main drawback of N-gram is that the vocabulary size grows fast"",""quality"":""structural_draft"",""requiresSubjectMatterReview"":true,""schemaVersion"":""quiz-explanation.v1"",""sourceUrls"":[""https://github.com/microsoft/AI-For-Beginners/blob/33e781bf7bfb9b39fd27c4e4a3e592669b52cb4b/etc/quiz-app/src/assets/translations/en/lesson-13.json""],""summary"":""本题考查“文本表示”，参考答案为 A：“正确”。""}",public_machine_translation,en-zh-candidate-2026-08-12,pending,pending,hold,,
item-7d1e0ca4adaac5439e2e,item-version-a8d5eb22d6cae78fa396,microsoft-ai-for-beginners,etc/quiz-app/src/assets/translations/en/lesson-14.json,json-0,33e781bf7bfb9b39fd27c4e4a3e592669b52cb4b,cd4d569433df1ced5d0f0431aaf1718717a87f14d5147d29f716a07a12a43bcc,kp-ai-lesson-14,Embeddings,嵌入,Embedding is used to represent words with _____ dimensional dense vectors,lower,higher,average,A,嵌入用于表示具有 _____ 维密集向量的单词,较低,更高,平均,本题考查“嵌入”，参考答案为 A：“较低”。,"{""correctOptionKey"":""A"",""correctReason"":""根据“嵌入”相关术语，题干空缺应填“较低”。"",""generationMethod"":""machine_translation_plus_structural_template"",""generationVersion"":""en-zh-candidate-2026-08-12"",""localizedStem"":""嵌入用于表示具有 _____ 维密集向量的单词"",""memoryTip"":""复习“嵌入”时，先定位题干关键词，再逐项核对定义和适用条件。"",""optionReasons"":{""A"":""根据“嵌入”相关术语，题干空缺应填“较低”。"",""B"":""“更高”不是本题参考答案；审核时需结合原课程补充它与正确选项的具体差异。"",""C"":""“平均”不是本题参考答案；审核时需结合原课程补充它与正确选项的具体差异。""},""originalStem"":""Embedding is used to represent words with _____ dimensional dense vectors"",""quality"":""structural_draft"",""requiresSubjectMatterReview"":true,""schemaVersion"":""quiz-explanation.v1"",""sourceUrls"":[""https://github.com/microsoft/AI-For-Beginners/blob/33e781bf7bfb9b39fd27c4e4a3e592669b52cb4b/etc/quiz-app/src/assets/translations/en/lesson-14.json""],""summary"":""本题考查“嵌入”，参考答案为 A：“较低”。""}",public_machine_translation,en-zh-candidate-2026-08-12,pending,pending,hold,,
item-b2cdd08d22ed2996f921,item-version-416de7c229a24feaf9d0,microsoft-ai-for-beginners,etc/quiz-app/src/assets/translations/en/lesson-14.json,json-1,33e781bf7bfb9b39fd27c4e4a3e592669b52cb4b,cd4d569433df1ced5d0f0431aaf1718717a87f14d5147d29f716a07a12a43bcc,kp-ai-lesson-14,Embeddings,嵌入,Word2Vec pre-trained embeddings can also be used in place of embedding layer in neural networks,True,False,,A,Word2Vec 预训练嵌入也可以用来代替神经网络中的嵌入层,正确,错误,,本题考查“嵌入”，参考答案为 A：“正确”。,"{""correctOptionKey"":""A"",""correctReason"":""该陈述与课程中“嵌入”的说明一致，因此应选择“正确”。"",""generationMethod"":""machine_translation_plus_structural_template"",""generationVersion"":""en-zh-candidate-2026-08-12"",""localizedStem"":""Word2Vec 预训练嵌入也可以用来代替神经网络中的嵌入层"",""memoryTip"":""复习“嵌入”时，先定位题干关键词，再逐项核对定义和适用条件。"",""optionReasons"":{""A"":""该陈述与课程中“嵌入”的说明一致，因此应选择“正确”。"",""B"":""“错误”不是本题参考答案；审核时需结合原课程补充它与正确选项的具体差异。""},""originalStem"":""Word2Vec pre-trained embeddings can also be used in place of embedding layer in neural networks"",""quality"":""structural_draft"",""requiresSubjectMatterReview"":true,""schemaVersion"":""quiz-explanation.v1"",""sourceUrls"":[""https://github.com/microsoft/AI-For-Beginners/blob/33e781bf7bfb9b39fd27c4e4a3e592669b52cb4b/etc/quiz-app/src/assets/translations/en/lesson-14.json""],""summary"":""本题考查“嵌入”，参考答案为 A：“正确”。""}",public_machine_translation,en-zh-candidate-2026-08-12,pending,pending,hold,,
item-e54fc0a174018a8221b2,item-version-2ca9d062fd8c914be165,microsoft-ai-for-beginners,etc/quiz-app/src/assets/translations/en/lesson-14.json,json-2,33e781bf7bfb9b39fd27c4e4a3e592669b52cb4b,cd4d569433df1ced5d0f0431aaf1718717a87f14d5147d29f716a07a12a43bcc,kp-ai-lesson-14,Embeddings,嵌入,Using embedding layer we cannot switch from bag-of-words to embedding bag,True,false,,B,使用嵌入层，我们无法从词袋切换到嵌入包,正确,错误,,本题考查“嵌入”，参考答案为 B：“错误”。,"{""correctOptionKey"":""B"",""correctReason"":""该陈述与课程中“嵌入”的说明不一致，因此应选择“错误”。"",""generationMethod"":""machine_translation_plus_structural_template"",""generationVersion"":""en-zh-candidate-2026-08-12"",""localizedStem"":""使用嵌入层，我们无法从词袋切换到嵌入包"",""memoryTip"":""复习“嵌入”时，先定位题干关键词，再逐项核对定义和适用条件。"",""optionReasons"":{""A"":""“正确”不是本题参考答案；审核时需结合原课程补充它与正确选项的具体差异。"",""B"":""该陈述与课程中“嵌入”的说明不一致，因此应选择“错误”。""},""originalStem"":""Using embedding layer we cannot switch from bag-of-words to embedding bag"",""quality"":""structural_draft"",""requiresSubjectMatterReview"":true,""schemaVersion"":""quiz-explanation.v1"",""sourceUrls"":[""https://github.com/microsoft/AI-For-Beginners/blob/33e781bf7bfb9b39fd27c4e4a3e592669b52cb4b/etc/quiz-app/src/assets/translations/en/lesson-14.json""],""summary"":""本题考查“嵌入”，参考答案为 B：“错误”。""}",public_machine_translation,en-zh-candidate-2026-08-12,pending,pending,hold,,
item-0bc61d430c3b757c4e27,item-version-17811f5f7b2bf7320d1b,microsoft-ai-for-beginners,etc/quiz-app/src/assets/translations/en/lesson-14.json,json-3,33e781bf7bfb9b39fd27c4e4a3e592669b52cb4b,cd4d569433df1ced5d0f0431aaf1718717a87f14d5147d29f716a07a12a43bcc,kp-ai-lesson-14,Embeddings,嵌入,Word2Vec has _____ main architectures,1,2,3,B,Word2Vec 有 _____ 主要架构,1,2,3,本题考查“嵌入”，参考答案为 B：“2”。,"{""correctOptionKey"":""B"",""correctReason"":""根据“嵌入”相关术语，题干空缺应填“2”。"",""generationMethod"":""machine_translation_plus_structural_template"",""generationVersion"":""en-zh-candidate-2026-08-12"",""localizedStem"":""Word2Vec 有 _____ 主要架构"",""memoryTip"":""复习“嵌入”时，先定位题干关键词，再逐项核对定义和适用条件。"",""optionReasons"":{""A"":""“1”不是本题参考答案；审核时需结合原课程补充它与正确选项的具体差异。"",""B"":""根据“嵌入”相关术语，题干空缺应填“2”。"",""C"":""“3”不是本题参考答案；审核时需结合原课程补充它与正确选项的具体差异。""},""originalStem"":""Word2Vec has _____ main architectures"",""quality"":""structural_draft"",""requiresSubjectMatterReview"":true,""schemaVersion"":""quiz-explanation.v1"",""sourceUrls"":[""https://github.com/microsoft/AI-For-Beginners/blob/33e781bf7bfb9b39fd27c4e4a3e592669b52cb4b/etc/quiz-app/src/assets/translations/en/lesson-14.json""],""summary"":""本题考查“嵌入”，参考答案为 B：“2”。""}",public_machine_translation,en-zh-candidate-2026-08-12,pending,pending,hold,,
item-6e56bbaabf6b62ffe61f,item-version-faafe44099d1d86f98c2,microsoft-ai-for-beginners,etc/quiz-app/src/assets/translations/en/lesson-14.json,json-4,33e781bf7bfb9b39fd27c4e4a3e592669b52cb4b,cd4d569433df1ced5d0f0431aaf1718717a87f14d5147d29f716a07a12a43bcc,kp-ai-lesson-14,Embeddings,嵌入,Word sense disambiguation is a limitation of traditional pretrained embedding representations,True,False,,A,词义消歧是传统预训练嵌入表示的局限性,正确,错误,,本题考查“嵌入”，参考答案为 A：“正确”。,"{""correctOptionKey"":""A"",""correctReason"":""该陈述与课程中“嵌入”的说明一致，因此应选择“正确”。"",""generationMethod"":""machine_translation_plus_structural_template"",""generationVersion"":""en-zh-candidate-2026-08-12"",""localizedStem"":""词义消歧是传统预训练嵌入表示的局限性"",""memoryTip"":""复习“嵌入”时，先定位题干关键词，再逐项核对定义和适用条件。"",""optionReasons"":{""A"":""该陈述与课程中“嵌入”的说明一致，因此应选择“正确”。"",""B"":""“错误”不是本题参考答案；审核时需结合原课程补充它与正确选项的具体差异。""},""originalStem"":""Word sense disambiguation is a limitation of traditional pretrained embedding representations"",""quality"":""structural_draft"",""requiresSubjectMatterReview"":true,""schemaVersion"":""quiz-explanation.v1"",""sourceUrls"":[""https://github.com/microsoft/AI-For-Beginners/blob/33e781bf7bfb9b39fd27c4e4a3e592669b52cb4b/etc/quiz-app/src/assets/translations/en/lesson-14.json""],""summary"":""本题考查“嵌入”，参考答案为 A：“正确”。""}",public_machine_translation,en-zh-candidate-2026-08-12,pending,pending,hold,,
item-20d9ba813f02aecdb84c,item-version-7cccd306209c60a604e1,microsoft-ai-for-beginners,etc/quiz-app/src/assets/translations/en/lesson-14.json,json-5,33e781bf7bfb9b39fd27c4e4a3e592669b52cb4b,cd4d569433df1ced5d0f0431aaf1718717a87f14d5147d29f716a07a12a43bcc,kp-ai-lesson-14,Embeddings,嵌入,An embedding layer takes _____ as input,word,symbol,number,A,嵌入层将 _____ 作为输入,词,符号,数量,本题考查“嵌入”，参考答案为 A：“词”。,"{""correctOptionKey"":""A"",""correctReason"":""根据“嵌入”相关术语，题干空缺应填“词”。"",""generationMethod"":""machine_translation_plus_structural_template"",""generationVersion"":""en-zh-candidate-2026-08-12"",""localizedStem"":""嵌入层将 _____ 作为输入"",""memoryTip"":""复习“嵌入”时，先定位题干关键词，再逐项核对定义和适用条件。"",""optionReasons"":{""A"":""根据“嵌入”相关术语，题干空缺应填“词”。"",""B"":""“符号”不是本题参考答案；审核时需结合原课程补充它与正确选项的具体差异。"",""C"":""“数量”不是本题参考答案；审核时需结合原课程补充它与正确选项的具体差异。""},""originalStem"":""An embedding layer takes _____ as input"",""quality"":""structural_draft"",""requiresSubjectMatterReview"":true,""schemaVersion"":""quiz-explanation.v1"",""sourceUrls"":[""https://github.com/microsoft/AI-For-Beginners/blob/33e781bf7bfb9b39fd27c4e4a3e592669b52cb4b/etc/quiz-app/src/assets/translations/en/lesson-14.json""],""summary"":""本题考查“嵌入”，参考答案为 A：“词”。""}",public_machine_translation,en-zh-candidate-2026-08-12,pending,pending,hold,,
item-76da0ac9c7a0d5e1be4e,item-version-c8380d2602228b534e5b,microsoft-ai-for-beginners,etc/quiz-app/src/assets/translations/en/lesson-15.json,json-0,33e781bf7bfb9b39fd27c4e4a3e592669b52cb4b,135bf073193cb92676e7062588f9c3cef95ff94ca43936e3ae06e93ef89cc18a,kp-ai-lesson-15,Language Modeling,语言建模,Which of the following can be considered a language model?,Word2Vec embeddings,Embedding layer in RNN,RNN used for text classification,A,以下哪项可以被视为语言模型？,Word2Vec 嵌入,RNN 中的嵌入层,RNN 用于文本分类,本题考查“语言建模”，参考答案为 A：“Word2Vec 嵌入”。,"{""correctOptionKey"":""A"",""correctReason"":""在给定选项中，“Word2Vec 嵌入”最符合题干对“语言建模”的描述或条件。"",""generationMethod"":""machine_translation_plus_structural_template"",""generationVersion"":""en-zh-candidate-2026-08-12"",""localizedStem"":""以下哪项可以被视为语言模型？"",""memoryTip"":""复习“语言建模”时，先定位题干关键词，再逐项核对定义和适用条件。"",""optionReasons"":{""A"":""在给定选项中，“Word2Vec 嵌入”最符合题干对“语言建模”的描述或条件。"",""B"":""“RNN 中的嵌入层”不是本题参考答案；审核时需结合原课程补充它与正确选项的具体差异。"",""C"":""“RNN 用于文本分类”不是本题参考答案；审核时需结合原课程补充它与正确选项的具体差异。""},""originalStem"":""Which of the following can be considered a language model?"",""quality"":""structural_draft"",""requiresSubjectMatterReview"":true,""schemaVersion"":""quiz-explanation.v1"",""sourceUrls"":[""https://github.com/microsoft/AI-For-Beginners/blob/33e781bf7bfb9b39fd27c4e4a3e592669b52cb4b/etc/quiz-app/src/assets/translations/en/lesson-15.json""],""summary"":""本题考查“语言建模”，参考答案为 A：“Word2Vec 嵌入”。""}",public_machine_translation,en-zh-candidate-2026-08-12,pending,pending,hold,,
item-d39bfe487cc858c65a60,item-version-8e382f2dcab5245b8323,microsoft-ai-for-beginners,etc/quiz-app/src/assets/translations/en/lesson-15.json,json-1,33e781bf7bfb9b39fd27c4e4a3e592669b52cb4b,135bf073193cb92676e7062588f9c3cef95ff94ca43936e3ae06e93ef89cc18a,kp-ai-lesson-15,Language Modeling,语言建模,A language model should be able to ____ the next word in the sentence,use,predict,guess,B,语言模型应该能够____句子中的下一个单词,使用,预测,猜测,本题考查“语言建模”，参考答案为 B：“预测”。,"{""correctOptionKey"":""B"",""correctReason"":""根据“语言建模”相关术语，题干空缺应填“预测”。"",""generationMethod"":""machine_translation_plus_structural_template"",""generationVersion"":""en-zh-candidate-2026-08-12"",""localizedStem"":""语言模型应该能够____句子中的下一个单词"",""memoryTip"":""复习“语言建模”时，先定位题干关键词，再逐项核对定义和适用条件。"",""optionReasons"":{""A"":""“使用”不是本题参考答案；审核时需结合原课程补充它与正确选项的具体差异。"",""B"":""根据“语言建模”相关术语，题干空缺应填“预测”。"",""C"":""“猜测”不是本题参考答案；审核时需结合原课程补充它与正确选项的具体差异。""},""originalStem"":""A language model should be able to ____ the next word in the sentence"",""quality"":""structural_draft"",""requiresSubjectMatterReview"":true,""schemaVersion"":""quiz-explanation.v1"",""sourceUrls"":[""https://github.com/microsoft/AI-For-Beginners/blob/33e781bf7bfb9b39fd27c4e4a3e592669b52cb4b/etc/quiz-app/src/assets/translations/en/lesson-15.json""],""summary"":""本题考查“语言建模”，参考答案为 B：“预测”。""}",public_machine_translation,en-zh-candidate-2026-08-12,pending,pending,hold,,
item-51ee62e167664ab1d542,item-version-6104fde38ee56177abfa,microsoft-ai-for-beginners,etc/quiz-app/src/assets/translations/en/lesson-15.json,json-2,33e781bf7bfb9b39fd27c4e4a3e592669b52cb4b,135bf073193cb92676e7062588f9c3cef95ff94ca43936e3ae06e93ef89cc18a,kp-ai-lesson-15,Language Modeling,语言建模,Language models are trained on,language vocabulary,specially labeled data,any natural text,C,语言模型的训练,语言词汇,特别标记的数据,任何自然文本,本题考查“语言建模”，参考答案为 C：“任何自然文本”。,"{""correctOptionKey"":""C"",""correctReason"":""在给定选项中，“任何自然文本”最符合题干对“语言建模”的描述或条件。"",""generationMethod"":""machine_translation_plus_structural_template"",""generationVersion"":""en-zh-candidate-2026-08-12"",""localizedStem"":""语言模型的训练"",""memoryTip"":""复习“语言建模”时，先定位题干关键词，再逐项核对定义和适用条件。"",""optionReasons"":{""A"":""“语言词汇”不是本题参考答案；审核时需结合原课程补充它与正确选项的具体差异。"",""B"":""“特别标记的数据”不是本题参考答案；审核时需结合原课程补充它与正确选项的具体差异。"",""C"":""在给定选项中，“任何自然文本”最符合题干对“语言建模”的描述或条件。""},""originalStem"":""Language models are trained on"",""quality"":""structural_draft"",""requiresSubjectMatterReview"":true,""schemaVersion"":""quiz-explanation.v1"",""sourceUrls"":[""https://github.com/microsoft/AI-For-Beginners/blob/33e781bf7bfb9b39fd27c4e4a3e592669b52cb4b/etc/quiz-app/src/assets/translations/en/lesson-15.json""],""summary"":""本题考查“语言建模”，参考答案为 C：“任何自然文本”。""}",public_machine_translation,en-zh-candidate-2026-08-12,pending,pending,hold,,
item-5c0642715f7a99a7ad47,item-version-d44a0ed056f5f3ef1d80,microsoft-ai-for-beginners,etc/quiz-app/src/assets/translations/en/lesson-15.json,json-3,33e781bf7bfb9b39fd27c4e4a3e592669b52cb4b,135bf073193cb92676e7062588f9c3cef95ff94ca43936e3ae06e93ef89cc18a,kp-ai-lesson-15,Language Modeling,语言建模,Which of the architectures predicts a word from neighboring words?,CBoW,Skip-gram,N-Gram,A,哪种架构可以根据相邻单词预测单词？,CBoW,跳跃语法,N-Gram,本题考查“语言建模”，参考答案为 A：“CBoW”。,"{""correctOptionKey"":""A"",""correctReason"":""在给定选项中，“CBoW”最符合题干对“语言建模”的描述或条件。"",""generationMethod"":""machine_translation_plus_structural_template"",""generationVersion"":""en-zh-candidate-2026-08-12"",""localizedStem"":""哪种架构可以根据相邻单词预测单词？"",""memoryTip"":""复习“语言建模”时，先定位题干关键词，再逐项核对定义和适用条件。"",""optionReasons"":{""A"":""在给定选项中，“CBoW”最符合题干对“语言建模”的描述或条件。"",""B"":""“跳跃语法”不是本题参考答案；审核时需结合原课程补充它与正确选项的具体差异。"",""C"":""“N-Gram”不是本题参考答案；审核时需结合原课程补充它与正确选项的具体差异。""},""originalStem"":""Which of the architectures predicts a word from neighboring words?"",""quality"":""structural_draft"",""requiresSubjectMatterReview"":true,""schemaVersion"":""quiz-explanation.v1"",""sourceUrls"":[""https://github.com/microsoft/AI-For-Beginners/blob/33e781bf7bfb9b39fd27c4e4a3e592669b52cb4b/etc/quiz-app/src/assets/translations/en/lesson-15.json""],""summary"":""本题考查“语言建模”，参考答案为 A：“CBoW”。""}",public_machine_translation,en-zh-candidate-2026-08-12,pending,pending,hold,,
item-b14173d169e819121649,item-version-b024adcc614988f87545,microsoft-ai-for-beginners,etc/quiz-app/src/assets/translations/en/lesson-15.json,json-4,33e781bf7bfb9b39fd27c4e4a3e592669b52cb4b,135bf073193cb92676e7062588f9c3cef95ff94ca43936e3ae06e93ef89cc18a,kp-ai-lesson-15,Language Modeling,语言建模,"When we train a CBoW model, we obtain",A model that can generate text,Word2Vec embedding vectors,Text classification model,B,当我们训练 CBoW 模型时，我们得到,可以生成文本的模型,Word2Vec 嵌入向量,文本分类模型,本题考查“语言建模”，参考答案为 B：“Word2Vec 嵌入向量”。,"{""correctOptionKey"":""B"",""correctReason"":""在给定选项中，“Word2Vec 嵌入向量”最符合题干对“语言建模”的描述或条件。"",""generationMethod"":""machine_translation_plus_structural_template"",""generationVersion"":""en-zh-candidate-2026-08-12"",""localizedStem"":""当我们训练 CBoW 模型时，我们得到"",""memoryTip"":""复习“语言建模”时，先定位题干关键词，再逐项核对定义和适用条件。"",""optionReasons"":{""A"":""“可以生成文本的模型”不是本题参考答案；审核时需结合原课程补充它与正确选项的具体差异。"",""B"":""在给定选项中，“Word2Vec 嵌入向量”最符合题干对“语言建模”的描述或条件。"",""C"":""“文本分类模型”不是本题参考答案；审核时需结合原课程补充它与正确选项的具体差异。""},""originalStem"":""When we train a CBoW model, we obtain"",""quality"":""structural_draft"",""requiresSubjectMatterReview"":true,""schemaVersion"":""quiz-explanation.v1"",""sourceUrls"":[""https://github.com/microsoft/AI-For-Beginners/blob/33e781bf7bfb9b39fd27c4e4a3e592669b52cb4b/etc/quiz-app/src/assets/translations/en/lesson-15.json""],""summary"":""本题考查“语言建模”，参考答案为 B：“Word2Vec 嵌入向量”。""}",public_machine_translation,en-zh-candidate-2026-08-12,pending,pending,hold,,
item-4413b83c9e38c56ec779,item-version-6d0a0b562614489b9d91,microsoft-ai-for-beginners,etc/quiz-app/src/assets/translations/en/lesson-15.json,json-5,33e781bf7bfb9b39fd27c4e4a3e592669b52cb4b,135bf073193cb92676e7062588f9c3cef95ff94ca43936e3ae06e93ef89cc18a,kp-ai-lesson-15,Language Modeling,语言建模,The CBoW model is based on,Dense neural network,Convolutional neural network,Recurrent neural network,A,CBoW 模型基于,密集神经网络,卷积神经网络,循环神经网络,本题考查“语言建模”，参考答案为 A：“密集神经网络”。,"{""correctOptionKey"":""A"",""correctReason"":""在给定选项中，“密集神经网络”最符合题干对“语言建模”的描述或条件。"",""generationMethod"":""machine_translation_plus_structural_template"",""generationVersion"":""en-zh-candidate-2026-08-12"",""localizedStem"":""CBoW 模型基于"",""memoryTip"":""复习“语言建模”时，先定位题干关键词，再逐项核对定义和适用条件。"",""optionReasons"":{""A"":""在给定选项中，“密集神经网络”最符合题干对“语言建模”的描述或条件。"",""B"":""“卷积神经网络”不是本题参考答案；审核时需结合原课程补充它与正确选项的具体差异。"",""C"":""“循环神经网络”不是本题参考答案；审核时需结合原课程补充它与正确选项的具体差异。""},""originalStem"":""The CBoW model is based on"",""quality"":""structural_draft"",""requiresSubjectMatterReview"":true,""schemaVersion"":""quiz-explanation.v1"",""sourceUrls"":[""https://github.com/microsoft/AI-For-Beginners/blob/33e781bf7bfb9b39fd27c4e4a3e592669b52cb4b/etc/quiz-app/src/assets/translations/en/lesson-15.json""],""summary"":""本题考查“语言建模”，参考答案为 A：“密集神经网络”。""}",public_machine_translation,en-zh-candidate-2026-08-12,pending,pending,hold,,
item-d6879835cb03fe82ba47,item-version-9c2d50c21d6710ddfd3d,microsoft-ai-for-beginners,etc/quiz-app/src/assets/translations/en/lesson-16.json,json-0,33e781bf7bfb9b39fd27c4e4a3e592669b52cb4b,954598131425865cdd23081b74f4e731f36b6c05835039cd72f262820bf74d06,kp-ai-lesson-16,Recurrent Neural Networks,循环神经网络,RNN is short for?,regression neural network,recurrent neural network,re-iterative neural network,B,RNN 是缩写？,回归神经网络,循环神经网络,迭代神经网络,本题考查“循环神经网络”，参考答案为 B：“循环神经网络”。,"{""correctOptionKey"":""B"",""correctReason"":""在给定选项中，“循环神经网络”最符合题干对“循环神经网络”的描述或条件。"",""generationMethod"":""machine_translation_plus_structural_template"",""generationVersion"":""en-zh-candidate-2026-08-12"",""localizedStem"":""RNN 是缩写？"",""memoryTip"":""复习“循环神经网络”时，先定位题干关键词，再逐项核对定义和适用条件。"",""optionReasons"":{""A"":""“回归神经网络”不是本题参考答案；审核时需结合原课程补充它与正确选项的具体差异。"",""B"":""在给定选项中，“循环神经网络”最符合题干对“循环神经网络”的描述或条件。"",""C"":""“迭代神经网络”不是本题参考答案；审核时需结合原课程补充它与正确选项的具体差异。""},""originalStem"":""RNN is short for?"",""quality"":""structural_draft"",""requiresSubjectMatterReview"":true,""schemaVersion"":""quiz-explanation.v1"",""sourceUrls"":[""https://github.com/microsoft/AI-For-Beginners/blob/33e781bf7bfb9b39fd27c4e4a3e592669b52cb4b/etc/quiz-app/src/assets/translations/en/lesson-16.json""],""summary"":""本题考查“循环神经网络”，参考答案为 B：“循环神经网络”。""}",public_machine_translation,en-zh-candidate-2026-08-12,pending,pending,hold,,
item-16fcd4fe8772a6cfec1a,item-version-7e46c690d344df2abced,microsoft-ai-for-beginners,etc/quiz-app/src/assets/translations/en/lesson-16.json,json-1,33e781bf7bfb9b39fd27c4e4a3e592669b52cb4b,954598131425865cdd23081b74f4e731f36b6c05835039cd72f262820bf74d06,kp-ai-lesson-16,Recurrent Neural Networks,循环神经网络,A simple RNN cell has two weight _____,matrices,cell,neuron,A,一个简单的 RNN 单元有两个权重 _____,矩阵,细胞,神经元,本题考查“循环神经网络”，参考答案为 A：“矩阵”。,"{""correctOptionKey"":""A"",""correctReason"":""根据“循环神经网络”相关术语，题干空缺应填“矩阵”。"",""generationMethod"":""machine_translation_plus_structural_template"",""generationVersion"":""en-zh-candidate-2026-08-12"",""localizedStem"":""一个简单的 RNN 单元有两个权重 _____"",""memoryTip"":""复习“循环神经网络”时，先定位题干关键词，再逐项核对定义和适用条件。"",""optionReasons"":{""A"":""根据“循环神经网络”相关术语，题干空缺应填“矩阵”。"",""B"":""“细胞”不是本题参考答案；审核时需结合原课程补充它与正确选项的具体差异。"",""C"":""“神经元”不是本题参考答案；审核时需结合原课程补充它与正确选项的具体差异。""},""originalStem"":""A simple RNN cell has two weight _____"",""quality"":""structural_draft"",""requiresSubjectMatterReview"":true,""schemaVersion"":""quiz-explanation.v1"",""sourceUrls"":[""https://github.com/microsoft/AI-For-Beginners/blob/33e781bf7bfb9b39fd27c4e4a3e592669b52cb4b/etc/quiz-app/src/assets/translations/en/lesson-16.json""],""summary"":""本题考查“循环神经网络”，参考答案为 A：“矩阵”。""}",public_machine_translation,en-zh-candidate-2026-08-12,pending,pending,hold,,
item-f37093bc3a9272e6930b,item-version-9524b812276597121e33,microsoft-ai-for-beginners,etc/quiz-app/src/assets/translations/en/lesson-16.json,json-2,33e781bf7bfb9b39fd27c4e4a3e592669b52cb4b,954598131425865cdd23081b74f4e731f36b6c05835039cd72f262820bf74d06,kp-ai-lesson-16,Recurrent Neural Networks,循环神经网络,vanishing gradients is a problem of _____,RNN,CNN,KNN,A,梯度消失是一个_____问题,RNN（循环神经网络）,CNN（卷积神经网络）,KNN（K近邻）,本题考查“循环神经网络”，参考答案为 A：“RNN（循环神经网络）”。,"{""correctOptionKey"":""A"",""correctReason"":""根据“循环神经网络”相关术语，题干空缺应填“RNN（循环神经网络）”。"",""generationMethod"":""machine_translation_plus_structural_template"",""generationVersion"":""en-zh-candidate-2026-08-12"",""localizedStem"":""梯度消失是一个_____问题"",""memoryTip"":""复习“循环神经网络”时，先定位题干关键词，再逐项核对定义和适用条件。"",""optionReasons"":{""A"":""根据“循环神经网络”相关术语，题干空缺应填“RNN（循环神经网络）”。"",""B"":""“CNN（卷积神经网络）”不是本题参考答案；审核时需结合原课程补充它与正确选项的具体差异。"",""C"":""“KNN（K近邻）”不是本题参考答案；审核时需结合原课程补充它与正确选项的具体差异。""},""originalStem"":""vanishing gradients is a problem of _____"",""quality"":""structural_draft"",""requiresSubjectMatterReview"":true,""schemaVersion"":""quiz-explanation.v1"",""sourceUrls"":[""https://github.com/microsoft/AI-For-Beginners/blob/33e781bf7bfb9b39fd27c4e4a3e592669b52cb4b/etc/quiz-app/src/assets/translations/en/lesson-16.json""],""summary"":""本题考查“循环神经网络”，参考答案为 A：“RNN（循环神经网络）”。""}",public_machine_translation,en-zh-candidate-2026-08-12,pending,pending,hold,,
item-44fe0853879a49ce0431,item-version-5e0592981790cbfd4ea4,microsoft-ai-for-beginners,etc/quiz-app/src/assets/translations/en/lesson-16.json,json-3,33e781bf7bfb9b39fd27c4e4a3e592669b52cb4b,954598131425865cdd23081b74f4e731f36b6c05835039cd72f262820bf74d06,kp-ai-lesson-16,Recurrent Neural Networks,循环神经网络,"_____ takes some information from the input and hidden vector, and inserts it into state",forget gate,output gate,input gate,C,_____ 从输入和隐藏向量中获取一些信息，并将其插入到状态中,忘记门,输出门,输入门,本题考查“循环神经网络”，参考答案为 C：“输入门”。,"{""correctOptionKey"":""C"",""correctReason"":""根据“循环神经网络”相关术语，题干空缺应填“输入门”。"",""generationMethod"":""machine_translation_plus_structural_template"",""generationVersion"":""en-zh-candidate-2026-08-12"",""localizedStem"":""_____ 从输入和隐藏向量中获取一些信息，并将其插入到状态中"",""memoryTip"":""复习“循环神经网络”时，先定位题干关键词，再逐项核对定义和适用条件。"",""optionReasons"":{""A"":""“忘记门”不是本题参考答案；审核时需结合原课程补充它与正确选项的具体差异。"",""B"":""“输出门”不是本题参考答案；审核时需结合原课程补充它与正确选项的具体差异。"",""C"":""根据“循环神经网络”相关术语，题干空缺应填“输入门”。""},""originalStem"":""_____ takes some information from the input and hidden vector, and inserts it into state"",""quality"":""structural_draft"",""requiresSubjectMatterReview"":true,""schemaVersion"":""quiz-explanation.v1"",""sourceUrls"":[""https://github.com/microsoft/AI-For-Beginners/blob/33e781bf7bfb9b39fd27c4e4a3e592669b52cb4b/etc/quiz-app/src/assets/translations/en/lesson-16.json""],""summary"":""本题考查“循环神经网络”，参考答案为 C：“输入门”。""}",public_machine_translation,en-zh-candidate-2026-08-12,pending,pending,hold,,
item-43e17777441725fe99b7,item-version-42958538a04b8c87025e,microsoft-ai-for-beginners,etc/quiz-app/src/assets/translations/en/lesson-16.json,json-4,33e781bf7bfb9b39fd27c4e4a3e592669b52cb4b,954598131425865cdd23081b74f4e731f36b6c05835039cd72f262820bf74d06,kp-ai-lesson-16,Recurrent Neural Networks,循环神经网络,Bidirectional RNNs runs recurrent computation in _____,both directions,north-west direction,left-right direction,A,双向 RNN 在 _____ 中运行循环计算,两个方向,西北方向,左右方向,本题考查“循环神经网络”，参考答案为 A：“两个方向”。,"{""correctOptionKey"":""A"",""correctReason"":""根据“循环神经网络”相关术语，题干空缺应填“两个方向”。"",""generationMethod"":""machine_translation_plus_structural_template"",""generationVersion"":""en-zh-candidate-2026-08-12"",""localizedStem"":""双向 RNN 在 _____ 中运行循环计算"",""memoryTip"":""复习“循环神经网络”时，先定位题干关键词，再逐项核对定义和适用条件。"",""optionReasons"":{""A"":""根据“循环神经网络”相关术语，题干空缺应填“两个方向”。"",""B"":""“西北方向”不是本题参考答案；审核时需结合原课程补充它与正确选项的具体差异。"",""C"":""“左右方向”不是本题参考答案；审核时需结合原课程补充它与正确选项的具体差异。""},""originalStem"":""Bidirectional RNNs runs recurrent computation in _____"",""quality"":""structural_draft"",""requiresSubjectMatterReview"":true,""schemaVersion"":""quiz-explanation.v1"",""sourceUrls"":[""https://github.com/microsoft/AI-For-Beginners/blob/33e781bf7bfb9b39fd27c4e4a3e592669b52cb4b/etc/quiz-app/src/assets/translations/en/lesson-16.json""],""summary"":""本题考查“循环神经网络”，参考答案为 A：“两个方向”。""}",public_machine_translation,en-zh-candidate-2026-08-12,pending,pending,hold,,
item-ed0fb9f16195abfa1cb4,item-version-3f0acc107a4c73d5cf3b,microsoft-ai-for-beginners,etc/quiz-app/src/assets/translations/en/lesson-16.json,json-5,33e781bf7bfb9b39fd27c4e4a3e592669b52cb4b,954598131425865cdd23081b74f4e731f36b6c05835039cd72f262820bf74d06,kp-ai-lesson-16,Recurrent Neural Networks,循环神经网络,All RNN Cells have the same shareable weights,True,False,,A,所有 RNN 单元都具有相同的可共享权重,正确,错误,,本题考查“循环神经网络”，参考答案为 A：“正确”。,"{""correctOptionKey"":""A"",""correctReason"":""该陈述与课程中“循环神经网络”的说明一致，因此应选择“正确”。"",""generationMethod"":""machine_translation_plus_structural_template"",""generationVersion"":""en-zh-candidate-2026-08-12"",""localizedStem"":""所有 RNN 单元都具有相同的可共享权重"",""memoryTip"":""复习“循环神经网络”时，先定位题干关键词，再逐项核对定义和适用条件。"",""optionReasons"":{""A"":""该陈述与课程中“循环神经网络”的说明一致，因此应选择“正确”。"",""B"":""“错误”不是本题参考答案；审核时需结合原课程补充它与正确选项的具体差异。""},""originalStem"":""All RNN Cells have the same shareable weights"",""quality"":""structural_draft"",""requiresSubjectMatterReview"":true,""schemaVersion"":""quiz-explanation.v1"",""sourceUrls"":[""https://github.com/microsoft/AI-For-Beginners/blob/33e781bf7bfb9b39fd27c4e4a3e592669b52cb4b/etc/quiz-app/src/assets/translations/en/lesson-16.json""],""summary"":""本题考查“循环神经网络”，参考答案为 A：“正确”。""}",public_machine_translation,en-zh-candidate-2026-08-12,pending,pending,hold,,
item-9ccd3aa877a95f3eb0ca,item-version-7ba504fff05b5573df87,microsoft-ai-for-beginners,etc/quiz-app/src/assets/translations/en/lesson-17.json,json-0,33e781bf7bfb9b39fd27c4e4a3e592669b52cb4b,929772b3dd21dbeee8d4fa82a07767dcdae9089c69875cf69d977126d5ea1832,kp-ai-lesson-17,Generative Networks,生成网络,RNNs can be for generative tasks,yes,no,,A,RNN 可用于生成任务,是的,不,,本题考查“生成网络”，参考答案为 A：“是的”。,"{""correctOptionKey"":""A"",""correctReason"":""在给定选项中，“是的”最符合题干对“生成网络”的描述或条件。"",""generationMethod"":""machine_translation_plus_structural_template"",""generationVersion"":""en-zh-candidate-2026-08-12"",""localizedStem"":""RNN 可用于生成任务"",""memoryTip"":""复习“生成网络”时，先定位题干关键词，再逐项核对定义和适用条件。"",""optionReasons"":{""A"":""在给定选项中，“是的”最符合题干对“生成网络”的描述或条件。"",""B"":""“不”不是本题参考答案；审核时需结合原课程补充它与正确选项的具体差异。""},""originalStem"":""RNNs can be for generative tasks"",""quality"":""structural_draft"",""requiresSubjectMatterReview"":true,""schemaVersion"":""quiz-explanation.v1"",""sourceUrls"":[""https://github.com/microsoft/AI-For-Beginners/blob/33e781bf7bfb9b39fd27c4e4a3e592669b52cb4b/etc/quiz-app/src/assets/translations/en/lesson-17.json""],""summary"":""本题考查“生成网络”，参考答案为 A：“是的”。""}",public_machine_translation,en-zh-candidate-2026-08-12,pending,pending,hold,,
item-def5a1a3b581c1f11a23,item-version-6c64e805dfc58a4cb134,microsoft-ai-for-beginners,etc/quiz-app/src/assets/translations/en/lesson-17.json,json-1,33e781bf7bfb9b39fd27c4e4a3e592669b52cb4b,929772b3dd21dbeee8d4fa82a07767dcdae9089c69875cf69d977126d5ea1832,kp-ai-lesson-17,Generative Networks,生成网络,_____ is a traditional neural network with one input and one output,one-to-one,sequence-to-sequence,one-to-many,A,_____ 是一种传统的神经网络，具有一个输入和一个输出,一对一,序列到序列,一对多,本题考查“生成网络”，参考答案为 A：“一对一”。,"{""correctOptionKey"":""A"",""correctReason"":""根据“生成网络”相关术语，题干空缺应填“一对一”。"",""generationMethod"":""machine_translation_plus_structural_template"",""generationVersion"":""en-zh-candidate-2026-08-12"",""localizedStem"":""_____ 是一种传统的神经网络，具有一个输入和一个输出"",""memoryTip"":""复习“生成网络”时，先定位题干关键词，再逐项核对定义和适用条件。"",""optionReasons"":{""A"":""根据“生成网络”相关术语，题干空缺应填“一对一”。"",""B"":""“序列到序列”不是本题参考答案；审核时需结合原课程补充它与正确选项的具体差异。"",""C"":""“一对多”不是本题参考答案；审核时需结合原课程补充它与正确选项的具体差异。""},""originalStem"":""_____ is a traditional neural network with one input and one output"",""quality"":""structural_draft"",""requiresSubjectMatterReview"":true,""schemaVersion"":""quiz-explanation.v1"",""sourceUrls"":[""https://github.com/microsoft/AI-For-Beginners/blob/33e781bf7bfb9b39fd27c4e4a3e592669b52cb4b/etc/quiz-app/src/assets/translations/en/lesson-17.json""],""summary"":""本题考查“生成网络”，参考答案为 A：“一对一”。""}",public_machine_translation,en-zh-candidate-2026-08-12,pending,pending,hold,,
item-e027ac2d7b4538a46b8f,item-version-a0a1922f4e1ed6ae9ea4,microsoft-ai-for-beginners,etc/quiz-app/src/assets/translations/en/lesson-17.json,json-2,33e781bf7bfb9b39fd27c4e4a3e592669b52cb4b,929772b3dd21dbeee8d4fa82a07767dcdae9089c69875cf69d977126d5ea1832,kp-ai-lesson-17,Generative Networks,生成网络,RNN generates texts by generating next output token for each input token,true,false,,A,RNN 通过为每个输入标记生成下一个输出标记来生成文本,正确,错误,,本题考查“生成网络”，参考答案为 A：“正确”。,"{""correctOptionKey"":""A"",""correctReason"":""该陈述与课程中“生成网络”的说明一致，因此应选择“正确”。"",""generationMethod"":""machine_translation_plus_structural_template"",""generationVersion"":""en-zh-candidate-2026-08-12"",""localizedStem"":""RNN 通过为每个输入标记生成下一个输出标记来生成文本"",""memoryTip"":""复习“生成网络”时，先定位题干关键词，再逐项核对定义和适用条件。"",""optionReasons"":{""A"":""该陈述与课程中“生成网络”的说明一致，因此应选择“正确”。"",""B"":""“错误”不是本题参考答案；审核时需结合原课程补充它与正确选项的具体差异。""},""originalStem"":""RNN generates texts by generating next output token for each input token"",""quality"":""structural_draft"",""requiresSubjectMatterReview"":true,""schemaVersion"":""quiz-explanation.v1"",""sourceUrls"":[""https://github.com/microsoft/AI-For-Beginners/blob/33e781bf7bfb9b39fd27c4e4a3e592669b52cb4b/etc/quiz-app/src/assets/translations/en/lesson-17.json""],""summary"":""本题考查“生成网络”，参考答案为 A：“正确”。""}",public_machine_translation,en-zh-candidate-2026-08-12,pending,pending,hold,,
item-93d81428fe7cf8037061,item-version-ce77f2fc362ff71364c8,microsoft-ai-for-beginners,etc/quiz-app/src/assets/translations/en/lesson-17.json,json-3,33e781bf7bfb9b39fd27c4e4a3e592669b52cb4b,929772b3dd21dbeee8d4fa82a07767dcdae9089c69875cf69d977126d5ea1832,kp-ai-lesson-17,Generative Networks,生成网络,Output encoder converts hidden state into _____ output,one-hot-encoded,sequence,number,A,输出编码器将隐藏状态转换为 _____ 输出,独热编码,序列,数量,本题考查“生成网络”，参考答案为 A：“独热编码”。,"{""correctOptionKey"":""A"",""correctReason"":""根据“生成网络”相关术语，题干空缺应填“独热编码”。"",""generationMethod"":""machine_translation_plus_structural_template"",""generationVersion"":""en-zh-candidate-2026-08-12"",""localizedStem"":""输出编码器将隐藏状态转换为 _____ 输出"",""memoryTip"":""复习“生成网络”时，先定位题干关键词，再逐项核对定义和适用条件。"",""optionReasons"":{""A"":""根据“生成网络”相关术语，题干空缺应填“独热编码”。"",""B"":""“序列”不是本题参考答案；审核时需结合原课程补充它与正确选项的具体差异。"",""C"":""“数量”不是本题参考答案；审核时需结合原课程补充它与正确选项的具体差异。""},""originalStem"":""Output encoder converts hidden state into _____ output"",""quality"":""structural_draft"",""requiresSubjectMatterReview"":true,""schemaVersion"":""quiz-explanation.v1"",""sourceUrls"":[""https://github.com/microsoft/AI-For-Beginners/blob/33e781bf7bfb9b39fd27c4e4a3e592669b52cb4b/etc/quiz-app/src/assets/translations/en/lesson-17.json""],""summary"":""本题考查“生成网络”，参考答案为 A：“独热编码”。""}",public_machine_translation,en-zh-candidate-2026-08-12,pending,pending,hold,,
item-0bfb22540d88f6b65127,item-version-8f2bdcec44126c24da59,microsoft-ai-for-beginners,etc/quiz-app/src/assets/translations/en/lesson-17.json,json-4,33e781bf7bfb9b39fd27c4e4a3e592669b52cb4b,929772b3dd21dbeee8d4fa82a07767dcdae9089c69875cf69d977126d5ea1832,kp-ai-lesson-17,Generative Networks,生成网络,Selecting the character with higher probabilities always gives a meaningful text.,true,false,maybe,B,选择概率较高的字符总是会给出有意义的文本。,正确,错误,也许,本题考查“生成网络”，参考答案为 B：“错误”。,"{""correctOptionKey"":""B"",""correctReason"":""该陈述与课程中“生成网络”的说明不一致，因此应选择“错误”。"",""generationMethod"":""machine_translation_plus_structural_template"",""generationVersion"":""en-zh-candidate-2026-08-12"",""localizedStem"":""选择概率较高的字符总是会给出有意义的文本。"",""memoryTip"":""复习“生成网络”时，先定位题干关键词，再逐项核对定义和适用条件。"",""optionReasons"":{""A"":""“正确”不是本题参考答案；审核时需结合原课程补充它与正确选项的具体差异。"",""B"":""该陈述与课程中“生成网络”的说明不一致，因此应选择“错误”。"",""C"":""“也许”不是本题参考答案；审核时需结合原课程补充它与正确选项的具体差异。""},""originalStem"":""Selecting the character with higher probabilities always gives a meaningful text."",""quality"":""structural_draft"",""requiresSubjectMatterReview"":true,""schemaVersion"":""quiz-explanation.v1"",""sourceUrls"":[""https://github.com/microsoft/AI-For-Beginners/blob/33e781bf7bfb9b39fd27c4e4a3e592669b52cb4b/etc/quiz-app/src/assets/translations/en/lesson-17.json""],""summary"":""本题考查“生成网络”，参考答案为 B：“错误”。""}",public_machine_translation,en-zh-candidate-2026-08-12,pending,pending,hold,,
item-b508ec19d0bba11b4db0,item-version-3638683a888084fc41da,microsoft-ai-for-beginners,etc/quiz-app/src/assets/translations/en/lesson-17.json,json-5,33e781bf7bfb9b39fd27c4e4a3e592669b52cb4b,929772b3dd21dbeee8d4fa82a07767dcdae9089c69875cf69d977126d5ea1832,kp-ai-lesson-17,Generative Networks,生成网络,Many-to-many can also be referred to as _____,one-to-one,sequence-to-sequence,one-to-many,B,多对多也可以称为_____,一对一,序列到序列,一对多,本题考查“生成网络”，参考答案为 B：“序列到序列”。,"{""correctOptionKey"":""B"",""correctReason"":""根据“生成网络”相关术语，题干空缺应填“序列到序列”。"",""generationMethod"":""machine_translation_plus_structural_template"",""generationVersion"":""en-zh-candidate-2026-08-12"",""localizedStem"":""多对多也可以称为_____"",""memoryTip"":""复习“生成网络”时，先定位题干关键词，再逐项核对定义和适用条件。"",""optionReasons"":{""A"":""“一对一”不是本题参考答案；审核时需结合原课程补充它与正确选项的具体差异。"",""B"":""根据“生成网络”相关术语，题干空缺应填“序列到序列”。"",""C"":""“一对多”不是本题参考答案；审核时需结合原课程补充它与正确选项的具体差异。""},""originalStem"":""Many-to-many can also be referred to as _____"",""quality"":""structural_draft"",""requiresSubjectMatterReview"":true,""schemaVersion"":""quiz-explanation.v1"",""sourceUrls"":[""https://github.com/microsoft/AI-For-Beginners/blob/33e781bf7bfb9b39fd27c4e4a3e592669b52cb4b/etc/quiz-app/src/assets/translations/en/lesson-17.json""],""summary"":""本题考查“生成网络”，参考答案为 B：“序列到序列”。""}",public_machine_translation,en-zh-candidate-2026-08-12,pending,pending,hold,,
item-a7684d659419aaa21af9,item-version-50d4e7bd464dd2ffac6e,microsoft-ai-for-beginners,etc/quiz-app/src/assets/translations/en/lesson-18.json,json-0,33e781bf7bfb9b39fd27c4e4a3e592669b52cb4b,68b26154f4c731552ad80273456724b5705647fc62b8ac18be986aee1f5c2cbd,kp-ai-lesson-18,Transformers,变形金刚,Attention mechanism provides a means of _____ the impact of an inout vector on an output prediction of RNN,weighting,training,testing,A,注意力机制提供了一种方法来衡量输入输出向量对 RNN 输出预测的影响,加权,培训,测试,本题考查“变形金刚”，参考答案为 A：“加权”。,"{""correctOptionKey"":""A"",""correctReason"":""根据“变形金刚”相关术语，题干空缺应填“加权”。"",""generationMethod"":""machine_translation_plus_structural_template"",""generationVersion"":""en-zh-candidate-2026-08-12"",""localizedStem"":""注意力机制提供了一种方法来衡量输入输出向量对 RNN 输出预测的影响"",""memoryTip"":""复习“变形金刚”时，先定位题干关键词，再逐项核对定义和适用条件。"",""optionReasons"":{""A"":""根据“变形金刚”相关术语，题干空缺应填“加权”。"",""B"":""“培训”不是本题参考答案；审核时需结合原课程补充它与正确选项的具体差异。"",""C"":""“测试”不是本题参考答案；审核时需结合原课程补充它与正确选项的具体差异。""},""originalStem"":""Attention mechanism provides a means of _____ the impact of an inout vector on an output prediction of RNN"",""quality"":""structural_draft"",""requiresSubjectMatterReview"":true,""schemaVersion"":""quiz-explanation.v1"",""sourceUrls"":[""https://github.com/microsoft/AI-For-Beginners/blob/33e781bf7bfb9b39fd27c4e4a3e592669b52cb4b/etc/quiz-app/src/assets/translations/en/lesson-18.json""],""summary"":""本题考查“变形金刚”，参考答案为 A：“加权”。""}",public_machine_translation,en-zh-candidate-2026-08-12,pending,pending,hold,,
item-5bcac09cfc8539d28c69,item-version-74aa67efeb5605917f72,microsoft-ai-for-beginners,etc/quiz-app/src/assets/translations/en/lesson-18.json,json-1,33e781bf7bfb9b39fd27c4e4a3e592669b52cb4b,68b26154f4c731552ad80273456724b5705647fc62b8ac18be986aee1f5c2cbd,kp-ai-lesson-18,Transformers,变形金刚,BERT is an acronym for,Bidirectional Encoded Representations From Transformers,Bidirectional Encoder Representations From Transformers,Bidirectional Encoder Representatives of Transformers,B,BERT 是缩写,来自 Transformer 的双向编码表示,来自 Transformer 的双向编码器表示,双向编码器变形金刚代表,本题考查“变形金刚”，参考答案为 B：“来自 Transformer 的双向编码器表示”。,"{""correctOptionKey"":""B"",""correctReason"":""在给定选项中，“来自 Transformer 的双向编码器表示”最符合题干对“变形金刚”的描述或条件。"",""generationMethod"":""machine_translation_plus_structural_template"",""generationVersion"":""en-zh-candidate-2026-08-12"",""localizedStem"":""BERT 是缩写"",""memoryTip"":""复习“变形金刚”时，先定位题干关键词，再逐项核对定义和适用条件。"",""optionReasons"":{""A"":""“来自 Transformer 的双向编码表示”不是本题参考答案；审核时需结合原课程补充它与正确选项的具体差异。"",""B"":""在给定选项中，“来自 Transformer 的双向编码器表示”最符合题干对“变形金刚”的描述或条件。"",""C"":""“双向编码器变形金刚代表”不是本题参考答案；审核时需结合原课程补充它与正确选项的具体差异。""},""originalStem"":""BERT is an acronym for"",""quality"":""structural_draft"",""requiresSubjectMatterReview"":true,""schemaVersion"":""quiz-explanation.v1"",""sourceUrls"":[""https://github.com/microsoft/AI-For-Beginners/blob/33e781bf7bfb9b39fd27c4e4a3e592669b52cb4b/etc/quiz-app/src/assets/translations/en/lesson-18.json""],""summary"":""本题考查“变形金刚”，参考答案为 B：“来自 Transformer 的双向编码器表示”。""}",public_machine_translation,en-zh-candidate-2026-08-12,pending,pending,hold,,
item-7d2fe2d72c90e64782c5,item-version-2678eae057fcbf141c46,microsoft-ai-for-beginners,etc/quiz-app/src/assets/translations/en/lesson-18.json,json-2,33e781bf7bfb9b39fd27c4e4a3e592669b52cb4b,68b26154f4c731552ad80273456724b5705647fc62b8ac18be986aee1f5c2cbd,kp-ai-lesson-18,Transformers,变形金刚,In positional encoding the relative position of the token is represented by number of steps,true,false,,A,在位置编码中，标记的相对位置由步数表示,正确,错误,,本题考查“变形金刚”，参考答案为 A：“正确”。,"{""correctOptionKey"":""A"",""correctReason"":""该陈述与课程中“变形金刚”的说明一致，因此应选择“正确”。"",""generationMethod"":""machine_translation_plus_structural_template"",""generationVersion"":""en-zh-candidate-2026-08-12"",""localizedStem"":""在位置编码中，标记的相对位置由步数表示"",""memoryTip"":""复习“变形金刚”时，先定位题干关键词，再逐项核对定义和适用条件。"",""optionReasons"":{""A"":""该陈述与课程中“变形金刚”的说明一致，因此应选择“正确”。"",""B"":""“错误”不是本题参考答案；审核时需结合原课程补充它与正确选项的具体差异。""},""originalStem"":""In positional encoding the relative position of the token is represented by number of steps"",""quality"":""structural_draft"",""requiresSubjectMatterReview"":true,""schemaVersion"":""quiz-explanation.v1"",""sourceUrls"":[""https://github.com/microsoft/AI-For-Beginners/blob/33e781bf7bfb9b39fd27c4e4a3e592669b52cb4b/etc/quiz-app/src/assets/translations/en/lesson-18.json""],""summary"":""本题考查“变形金刚”，参考答案为 A：“正确”。""}",public_machine_translation,en-zh-candidate-2026-08-12,pending,pending,hold,,
item-2a37cc182bc13855e1ae,item-version-16067e34bde590b3e44b,microsoft-ai-for-beginners,etc/quiz-app/src/assets/translations/en/lesson-18.json,json-3,33e781bf7bfb9b39fd27c4e4a3e592669b52cb4b,68b26154f4c731552ad80273456724b5705647fc62b8ac18be986aee1f5c2cbd,kp-ai-lesson-18,Transformers,变形金刚,Positional embedding _____ the original token and its position within the sequence,separates,compares,embeds,C,位置嵌入 _____ 原始标记及其在序列中的位置,分开,比较,嵌入,本题考查“变形金刚”，参考答案为 C：“嵌入”。,"{""correctOptionKey"":""C"",""correctReason"":""根据“变形金刚”相关术语，题干空缺应填“嵌入”。"",""generationMethod"":""machine_translation_plus_structural_template"",""generationVersion"":""en-zh-candidate-2026-08-12"",""localizedStem"":""位置嵌入 _____ 原始标记及其在序列中的位置"",""memoryTip"":""复习“变形金刚”时，先定位题干关键词，再逐项核对定义和适用条件。"",""optionReasons"":{""A"":""“分开”不是本题参考答案；审核时需结合原课程补充它与正确选项的具体差异。"",""B"":""“比较”不是本题参考答案；审核时需结合原课程补充它与正确选项的具体差异。"",""C"":""根据“变形金刚”相关术语，题干空缺应填“嵌入”。""},""originalStem"":""Positional embedding _____ the original token and its position within the sequence"",""quality"":""structural_draft"",""requiresSubjectMatterReview"":true,""schemaVersion"":""quiz-explanation.v1"",""sourceUrls"":[""https://github.com/microsoft/AI-For-Beginners/blob/33e781bf7bfb9b39fd27c4e4a3e592669b52cb4b/etc/quiz-app/src/assets/translations/en/lesson-18.json""],""summary"":""本题考查“变形金刚”，参考答案为 C：“嵌入”。""}",public_machine_translation,en-zh-candidate-2026-08-12,pending,pending,hold,,
item-b56d75ca7d5e5ddb3d07,item-version-5dec88e7d6fd5833b6d1,microsoft-ai-for-beginners,etc/quiz-app/src/assets/translations/en/lesson-18.json,json-4,33e781bf7bfb9b39fd27c4e4a3e592669b52cb4b,68b26154f4c731552ad80273456724b5705647fc62b8ac18be986aee1f5c2cbd,kp-ai-lesson-18,Transformers,变形金刚,Multi-Head Attention is used in transformers to give network the power to capture _____ of dependencies,different types,same type,none,A,多头注意力机制用于 Transformer 中，使网络能够捕获 _____ 的依赖关系,不同类型,同类型,无,本题考查“变形金刚”，参考答案为 A：“不同类型”。,"{""correctOptionKey"":""A"",""correctReason"":""根据“变形金刚”相关术语，题干空缺应填“不同类型”。"",""generationMethod"":""machine_translation_plus_structural_template"",""generationVersion"":""en-zh-candidate-2026-08-12"",""localizedStem"":""多头注意力机制用于 Transformer 中，使网络能够捕获 _____ 的依赖关系"",""memoryTip"":""复习“变形金刚”时，先定位题干关键词，再逐项核对定义和适用条件。"",""optionReasons"":{""A"":""根据“变形金刚”相关术语，题干空缺应填“不同类型”。"",""B"":""“同类型”不是本题参考答案；审核时需结合原课程补充它与正确选项的具体差异。"",""C"":""“无”不是本题参考答案；审核时需结合原课程补充它与正确选项的具体差异。""},""originalStem"":""Multi-Head Attention is used in transformers to give network the power to capture _____ of dependencies"",""quality"":""structural_draft"",""requiresSubjectMatterReview"":true,""schemaVersion"":""quiz-explanation.v1"",""sourceUrls"":[""https://github.com/microsoft/AI-For-Beginners/blob/33e781bf7bfb9b39fd27c4e4a3e592669b52cb4b/etc/quiz-app/src/assets/translations/en/lesson-18.json""],""summary"":""本题考查“变形金刚”，参考答案为 A：“不同类型”。""}",public_machine_translation,en-zh-candidate-2026-08-12,pending,pending,hold,,
item-38318229510b4b91017e,item-version-b35e36b5f9b7269d5b63,microsoft-ai-for-beginners,etc/quiz-app/src/assets/translations/en/lesson-18.json,json-5,33e781bf7bfb9b39fd27c4e4a3e592669b52cb4b,68b26154f4c731552ad80273456724b5705647fc62b8ac18be986aee1f5c2cbd,kp-ai-lesson-18,Transformers,变形金刚,In transformers attention is used in _____ instances,1,2,3,B,在 Transformers 中，注意力用于 _____ 实例,1,2,3,本题考查“变形金刚”，参考答案为 B：“2”。,"{""correctOptionKey"":""B"",""correctReason"":""根据“变形金刚”相关术语，题干空缺应填“2”。"",""generationMethod"":""machine_translation_plus_structural_template"",""generationVersion"":""en-zh-candidate-2026-08-12"",""localizedStem"":""在 Transformers 中，注意力用于 _____ 实例"",""memoryTip"":""复习“变形金刚”时，先定位题干关键词，再逐项核对定义和适用条件。"",""optionReasons"":{""A"":""“1”不是本题参考答案；审核时需结合原课程补充它与正确选项的具体差异。"",""B"":""根据“变形金刚”相关术语，题干空缺应填“2”。"",""C"":""“3”不是本题参考答案；审核时需结合原课程补充它与正确选项的具体差异。""},""originalStem"":""In transformers attention is used in _____ instances"",""quality"":""structural_draft"",""requiresSubjectMatterReview"":true,""schemaVersion"":""quiz-explanation.v1"",""sourceUrls"":[""https://github.com/microsoft/AI-For-Beginners/blob/33e781bf7bfb9b39fd27c4e4a3e592669b52cb4b/etc/quiz-app/src/assets/translations/en/lesson-18.json""],""summary"":""本题考查“变形金刚”，参考答案为 B：“2”。""}",public_machine_translation,en-zh-candidate-2026-08-12,pending,pending,hold,,
item-d35d1491c2fca9875012,item-version-c96d30be427efc2f7d81,microsoft-ai-for-beginners,etc/quiz-app/src/assets/translations/en/lesson-19.json,json-0,33e781bf7bfb9b39fd27c4e4a3e592669b52cb4b,fbcf23c68c82d9290257fe90805dc1a03037d2db17fac137153143e520eab0a0,kp-ai-lesson-19,Named Entity Recognition,命名实体识别,What does NER stands for?,Nearest Estimated Region,Nearest Entity Region,Named Entity Recognition,C,NER 代表什么？,最近估计区域,最近的实体区域,命名实体识别,本题考查“命名实体识别”，参考答案为 C：“命名实体识别”。,"{""correctOptionKey"":""C"",""correctReason"":""在给定选项中，“命名实体识别”最符合题干对“命名实体识别”的描述或条件。"",""generationMethod"":""machine_translation_plus_structural_template"",""generationVersion"":""en-zh-candidate-2026-08-12"",""localizedStem"":""NER 代表什么？"",""memoryTip"":""复习“命名实体识别”时，先定位题干关键词，再逐项核对定义和适用条件。"",""optionReasons"":{""A"":""“最近估计区域”不是本题参考答案；审核时需结合原课程补充它与正确选项的具体差异。"",""B"":""“最近的实体区域”不是本题参考答案；审核时需结合原课程补充它与正确选项的具体差异。"",""C"":""在给定选项中，“命名实体识别”最符合题干对“命名实体识别”的描述或条件。""},""originalStem"":""What does NER stands for?"",""quality"":""structural_draft"",""requiresSubjectMatterReview"":true,""schemaVersion"":""quiz-explanation.v1"",""sourceUrls"":[""https://github.com/microsoft/AI-For-Beginners/blob/33e781bf7bfb9b39fd27c4e4a3e592669b52cb4b/etc/quiz-app/src/assets/translations/en/lesson-19.json""],""summary"":""本题考查“命名实体识别”，参考答案为 C：“命名实体识别”。""}",public_machine_translation,en-zh-candidate-2026-08-12,pending,pending,hold,,
item-9b519c14c5d381c7cebb,item-version-cda710eeaa5f81043d26,microsoft-ai-for-beginners,etc/quiz-app/src/assets/translations/en/lesson-19.json,json-1,33e781bf7bfb9b39fd27c4e4a3e592669b52cb4b,fbcf23c68c82d9290257fe90805dc1a03037d2db17fac137153143e520eab0a0,kp-ai-lesson-19,Named Entity Recognition,命名实体识别,An entity always consists of one token,true,false,,B,一个实体总是由一个 token 组成,正确,错误,,本题考查“命名实体识别”，参考答案为 B：“错误”。,"{""correctOptionKey"":""B"",""correctReason"":""该陈述与课程中“命名实体识别”的说明不一致，因此应选择“错误”。"",""generationMethod"":""machine_translation_plus_structural_template"",""generationVersion"":""en-zh-candidate-2026-08-12"",""localizedStem"":""一个实体总是由一个 token 组成"",""memoryTip"":""复习“命名实体识别”时，先定位题干关键词，再逐项核对定义和适用条件。"",""optionReasons"":{""A"":""“正确”不是本题参考答案；审核时需结合原课程补充它与正确选项的具体差异。"",""B"":""该陈述与课程中“命名实体识别”的说明不一致，因此应选择“错误”。""},""originalStem"":""An entity always consists of one token"",""quality"":""structural_draft"",""requiresSubjectMatterReview"":true,""schemaVersion"":""quiz-explanation.v1"",""sourceUrls"":[""https://github.com/microsoft/AI-For-Beginners/blob/33e781bf7bfb9b39fd27c4e4a3e592669b52cb4b/etc/quiz-app/src/assets/translations/en/lesson-19.json""],""summary"":""本题考查“命名实体识别”，参考答案为 B：“错误”。""}",public_machine_translation,en-zh-candidate-2026-08-12,pending,pending,hold,,
item-575feb0fde562e2e0e97,item-version-9575da97bf1b47368eb1,microsoft-ai-for-beginners,etc/quiz-app/src/assets/translations/en/lesson-19.json,json-2,33e781bf7bfb9b39fd27c4e4a3e592669b52cb4b,fbcf23c68c82d9290257fe90805dc1a03037d2db17fac137153143e520eab0a0,kp-ai-lesson-19,Named Entity Recognition,命名实体识别,"To train NER model, we need",Labeled dataset,Any natural text,Translated texts in two languages,A,为了训练 NER 模型，我们需要,标记数据集,任何自然文本,两种语言的翻译文本,本题考查“命名实体识别”，参考答案为 A：“标记数据集”。,"{""correctOptionKey"":""A"",""correctReason"":""在给定选项中，“标记数据集”最符合题干对“命名实体识别”的描述或条件。"",""generationMethod"":""machine_translation_plus_structural_template"",""generationVersion"":""en-zh-candidate-2026-08-12"",""localizedStem"":""为了训练 NER 模型，我们需要"",""memoryTip"":""复习“命名实体识别”时，先定位题干关键词，再逐项核对定义和适用条件。"",""optionReasons"":{""A"":""在给定选项中，“标记数据集”最符合题干对“命名实体识别”的描述或条件。"",""B"":""“任何自然文本”不是本题参考答案；审核时需结合原课程补充它与正确选项的具体差异。"",""C"":""“两种语言的翻译文本”不是本题参考答案；审核时需结合原课程补充它与正确选项的具体差异。""},""originalStem"":""To train NER model, we need"",""quality"":""structural_draft"",""requiresSubjectMatterReview"":true,""schemaVersion"":""quiz-explanation.v1"",""sourceUrls"":[""https://github.com/microsoft/AI-For-Beginners/blob/33e781bf7bfb9b39fd27c4e4a3e592669b52cb4b/etc/quiz-app/src/assets/translations/en/lesson-19.json""],""summary"":""本题考查“命名实体识别”，参考答案为 A：“标记数据集”。""}",public_machine_translation,en-zh-candidate-2026-08-12,pending,pending,hold,,
item-e66d6a3a1b38f2ffb008,item-version-5f52ea91c4d0567bf34d,microsoft-ai-for-beginners,etc/quiz-app/src/assets/translations/en/lesson-19.json,json-3,33e781bf7bfb9b39fd27c4e4a3e592669b52cb4b,fbcf23c68c82d9290257fe90805dc1a03037d2db17fac137153143e520eab0a0,kp-ai-lesson-19,Named Entity Recognition,命名实体识别,NER model is essentially a ____ model,text classification,token classification,text regression,B,NER 模型本质上是一个 ____ 模型,文本分类,代币分类,文本回归,本题考查“命名实体识别”，参考答案为 B：“代币分类”。,"{""correctOptionKey"":""B"",""correctReason"":""根据“命名实体识别”相关术语，题干空缺应填“代币分类”。"",""generationMethod"":""machine_translation_plus_structural_template"",""generationVersion"":""en-zh-candidate-2026-08-12"",""localizedStem"":""NER 模型本质上是一个 ____ 模型"",""memoryTip"":""复习“命名实体识别”时，先定位题干关键词，再逐项核对定义和适用条件。"",""optionReasons"":{""A"":""“文本分类”不是本题参考答案；审核时需结合原课程补充它与正确选项的具体差异。"",""B"":""根据“命名实体识别”相关术语，题干空缺应填“代币分类”。"",""C"":""“文本回归”不是本题参考答案；审核时需结合原课程补充它与正确选项的具体差异。""},""originalStem"":""NER model is essentially a ____ model"",""quality"":""structural_draft"",""requiresSubjectMatterReview"":true,""schemaVersion"":""quiz-explanation.v1"",""sourceUrls"":[""https://github.com/microsoft/AI-For-Beginners/blob/33e781bf7bfb9b39fd27c4e4a3e592669b52cb4b/etc/quiz-app/src/assets/translations/en/lesson-19.json""],""summary"":""本题考查“命名实体识别”，参考答案为 B：“代币分类”。""}",public_machine_translation,en-zh-candidate-2026-08-12,pending,pending,hold,,
item-1ed7f9476869043b3cc0,item-version-a470ee65b43af3f190ff,microsoft-ai-for-beginners,etc/quiz-app/src/assets/translations/en/lesson-19.json,json-4,33e781bf7bfb9b39fd27c4e4a3e592669b52cb4b,fbcf23c68c82d9290257fe90805dc1a03037d2db17fac137153143e520eab0a0,kp-ai-lesson-19,Named Entity Recognition,命名实体识别,Which neural network types can be used for NER?,RNNs,Transformers,Both RNNs and Transformers,C,哪些神经网络类型可用于 NER？,RNNs（循环神经网络）,变形金刚,RNN 和 Transformer,本题考查“命名实体识别”，参考答案为 C：“RNN 和 Transformer”。,"{""correctOptionKey"":""C"",""correctReason"":""在给定选项中，“RNN 和 Transformer”最符合题干对“命名实体识别”的描述或条件。"",""generationMethod"":""machine_translation_plus_structural_template"",""generationVersion"":""en-zh-candidate-2026-08-12"",""localizedStem"":""哪些神经网络类型可用于 NER？"",""memoryTip"":""复习“命名实体识别”时，先定位题干关键词，再逐项核对定义和适用条件。"",""optionReasons"":{""A"":""“RNNs（循环神经网络）”不是本题参考答案；审核时需结合原课程补充它与正确选项的具体差异。"",""B"":""“变形金刚”不是本题参考答案；审核时需结合原课程补充它与正确选项的具体差异。"",""C"":""在给定选项中，“RNN 和 Transformer”最符合题干对“命名实体识别”的描述或条件。""},""originalStem"":""Which neural network types can be used for NER?"",""quality"":""structural_draft"",""requiresSubjectMatterReview"":true,""schemaVersion"":""quiz-explanation.v1"",""sourceUrls"":[""https://github.com/microsoft/AI-For-Beginners/blob/33e781bf7bfb9b39fd27c4e4a3e592669b52cb4b/etc/quiz-app/src/assets/translations/en/lesson-19.json""],""summary"":""本题考查“命名实体识别”，参考答案为 C：“RNN 和 Transformer”。""}",public_machine_translation,en-zh-candidate-2026-08-12,pending,pending,hold,,
item-00c3475b7a11daa913a2,item-version-48c6f335b835bea40000,microsoft-ai-for-beginners,etc/quiz-app/src/assets/translations/en/lesson-19.json,json-5,33e781bf7bfb9b39fd27c4e4a3e592669b52cb4b,fbcf23c68c82d9290257fe90805dc1a03037d2db17fac137153143e520eab0a0,kp-ai-lesson-19,Named Entity Recognition,命名实体识别,NER model is a good example of ____ network architecture,one-to-one,one-to-many,many-to-many,C,NER 模型是____网络架构的一个很好的例子,一对一,一对多,多对多,本题考查“命名实体识别”，参考答案为 C：“多对多”。,"{""correctOptionKey"":""C"",""correctReason"":""根据“命名实体识别”相关术语，题干空缺应填“多对多”。"",""generationMethod"":""machine_translation_plus_structural_template"",""generationVersion"":""en-zh-candidate-2026-08-12"",""localizedStem"":""NER 模型是____网络架构的一个很好的例子"",""memoryTip"":""复习“命名实体识别”时，先定位题干关键词，再逐项核对定义和适用条件。"",""optionReasons"":{""A"":""“一对一”不是本题参考答案；审核时需结合原课程补充它与正确选项的具体差异。"",""B"":""“一对多”不是本题参考答案；审核时需结合原课程补充它与正确选项的具体差异。"",""C"":""根据“命名实体识别”相关术语，题干空缺应填“多对多”。""},""originalStem"":""NER model is a good example of ____ network architecture"",""quality"":""structural_draft"",""requiresSubjectMatterReview"":true,""schemaVersion"":""quiz-explanation.v1"",""sourceUrls"":[""https://github.com/microsoft/AI-For-Beginners/blob/33e781bf7bfb9b39fd27c4e4a3e592669b52cb4b/etc/quiz-app/src/assets/translations/en/lesson-19.json""],""summary"":""本题考查“命名实体识别”，参考答案为 C：“多对多”。""}",public_machine_translation,en-zh-candidate-2026-08-12,pending,pending,hold,,
item-7dd33642fda434f03194,item-version-d93923793af5925a8f2f,microsoft-ai-for-beginners,etc/quiz-app/src/assets/translations/en/lesson-2.json,json-0,33e781bf7bfb9b39fd27c4e4a3e592669b52cb4b,14c33a43ccff21758cab36c2d530eb208423855d2ec70f594bfed2f61e08db54,kp-ai-lesson-02,Knowledge Representation and Expert Systems,知识表示和专家系统,The top-down approach to creating intelligent systems was based on:,knowledge seeking and reading,knowledge representation and reasoning,knowledge reasoning and seeking,B,创建智能系统的自上而下的方法基于：,知识寻求和阅读,知识表示和推理,知识推理与寻求,本题考查“知识表示和专家系统”，参考答案为 B：“知识表示和推理”。,"{""correctOptionKey"":""B"",""correctReason"":""在给定选项中，“知识表示和推理”最符合题干对“知识表示和专家系统”的描述或条件。"",""generationMethod"":""machine_translation_plus_structural_template"",""generationVersion"":""en-zh-candidate-2026-08-12"",""localizedStem"":""创建智能系统的自上而下的方法基于："",""memoryTip"":""复习“知识表示和专家系统”时，先定位题干关键词，再逐项核对定义和适用条件。"",""optionReasons"":{""A"":""“知识寻求和阅读”不是本题参考答案；审核时需结合原课程补充它与正确选项的具体差异。"",""B"":""在给定选项中，“知识表示和推理”最符合题干对“知识表示和专家系统”的描述或条件。"",""C"":""“知识推理与寻求”不是本题参考答案；审核时需结合原课程补充它与正确选项的具体差异。""},""originalStem"":""The top-down approach to creating intelligent systems was based on:"",""quality"":""structural_draft"",""requiresSubjectMatterReview"":true,""schemaVersion"":""quiz-explanation.v1"",""sourceUrls"":[""https://github.com/microsoft/AI-For-Beginners/blob/33e781bf7bfb9b39fd27c4e4a3e592669b52cb4b/etc/quiz-app/src/assets/translations/en/lesson-2.json""],""summary"":""本题考查“知识表示和专家系统”，参考答案为 B：“知识表示和推理”。""}",public_machine_translation,en-zh-candidate-2026-08-12,pending,pending,hold,,
item-668234323e5f3570438f,item-version-a3d1a6c265393de3d57c,microsoft-ai-for-beginners,etc/quiz-app/src/assets/translations/en/lesson-2.json,json-1,33e781bf7bfb9b39fd27c4e4a3e592669b52cb4b,14c33a43ccff21758cab36c2d530eb208423855d2ec70f594bfed2f61e08db54,kp-ai-lesson-02,Knowledge Representation and Expert Systems,知识表示和专家系统,Knowledge is the same as information,True,False,,B,知识与信息相同,正确,错误,,本题考查“知识表示和专家系统”，参考答案为 B：“错误”。,"{""correctOptionKey"":""B"",""correctReason"":""该陈述与课程中“知识表示和专家系统”的说明不一致，因此应选择“错误”。"",""generationMethod"":""machine_translation_plus_structural_template"",""generationVersion"":""en-zh-candidate-2026-08-12"",""localizedStem"":""知识与信息相同"",""memoryTip"":""复习“知识表示和专家系统”时，先定位题干关键词，再逐项核对定义和适用条件。"",""optionReasons"":{""A"":""“正确”不是本题参考答案；审核时需结合原课程补充它与正确选项的具体差异。"",""B"":""该陈述与课程中“知识表示和专家系统”的说明不一致，因此应选择“错误”。""},""originalStem"":""Knowledge is the same as information"",""quality"":""structural_draft"",""requiresSubjectMatterReview"":true,""schemaVersion"":""quiz-explanation.v1"",""sourceUrls"":[""https://github.com/microsoft/AI-For-Beginners/blob/33e781bf7bfb9b39fd27c4e4a3e592669b52cb4b/etc/quiz-app/src/assets/translations/en/lesson-2.json""],""summary"":""本题考查“知识表示和专家系统”，参考答案为 B：“错误”。""}",public_machine_translation,en-zh-candidate-2026-08-12,pending,pending,hold,,
item-d4eacdb60851486a08e2,item-version-dff0e82d715c69f208c9,microsoft-ai-for-beginners,etc/quiz-app/src/assets/translations/en/lesson-2.json,json-2,33e781bf7bfb9b39fd27c4e4a3e592669b52cb4b,14c33a43ccff21758cab36c2d530eb208423855d2ec70f594bfed2f61e08db54,kp-ai-lesson-02,Knowledge Representation and Expert Systems,知识表示和专家系统,Knowledge is obtained by an:,active learning process,passive learning process,both of these,A,知识是通过以下方式获得的：,主动学习过程,被动学习过程,这两个,本题考查“知识表示和专家系统”，参考答案为 A：“主动学习过程”。,"{""correctOptionKey"":""A"",""correctReason"":""在给定选项中，“主动学习过程”最符合题干对“知识表示和专家系统”的描述或条件。"",""generationMethod"":""machine_translation_plus_structural_template"",""generationVersion"":""en-zh-candidate-2026-08-12"",""localizedStem"":""知识是通过以下方式获得的："",""memoryTip"":""复习“知识表示和专家系统”时，先定位题干关键词，再逐项核对定义和适用条件。"",""optionReasons"":{""A"":""在给定选项中，“主动学习过程”最符合题干对“知识表示和专家系统”的描述或条件。"",""B"":""“被动学习过程”不是本题参考答案；审核时需结合原课程补充它与正确选项的具体差异。"",""C"":""“这两个”不是本题参考答案；审核时需结合原课程补充它与正确选项的具体差异。""},""originalStem"":""Knowledge is obtained by an:"",""quality"":""structural_draft"",""requiresSubjectMatterReview"":true,""schemaVersion"":""quiz-explanation.v1"",""sourceUrls"":[""https://github.com/microsoft/AI-For-Beginners/blob/33e781bf7bfb9b39fd27c4e4a3e592669b52cb4b/etc/quiz-app/src/assets/translations/en/lesson-2.json""],""summary"":""本题考查“知识表示和专家系统”，参考答案为 A：“主动学习过程”。""}",public_machine_translation,en-zh-candidate-2026-08-12,pending,pending,hold,,
item-7fef206b071bf1949b0c,item-version-1b9f9bba34f211ee36c0,microsoft-ai-for-beginners,etc/quiz-app/src/assets/translations/en/lesson-2.json,json-3,33e781bf7bfb9b39fd27c4e4a3e592669b52cb4b,14c33a43ccff21758cab36c2d530eb208423855d2ec70f594bfed2f61e08db54,kp-ai-lesson-02,Knowledge Representation and Expert Systems,知识表示和专家系统,The simplest method of knowledge representation is:,algorithmic,symbolic,synergistic,A,最简单的知识表示方法是：,算法的,象征性的,协同的,本题考查“知识表示和专家系统”，参考答案为 A：“算法的”。,"{""correctOptionKey"":""A"",""correctReason"":""在给定选项中，“算法的”最符合题干对“知识表示和专家系统”的描述或条件。"",""generationMethod"":""machine_translation_plus_structural_template"",""generationVersion"":""en-zh-candidate-2026-08-12"",""localizedStem"":""最简单的知识表示方法是："",""memoryTip"":""复习“知识表示和专家系统”时，先定位题干关键词，再逐项核对定义和适用条件。"",""optionReasons"":{""A"":""在给定选项中，“算法的”最符合题干对“知识表示和专家系统”的描述或条件。"",""B"":""“象征性的”不是本题参考答案；审核时需结合原课程补充它与正确选项的具体差异。"",""C"":""“协同的”不是本题参考答案；审核时需结合原课程补充它与正确选项的具体差异。""},""originalStem"":""The simplest method of knowledge representation is:"",""quality"":""structural_draft"",""requiresSubjectMatterReview"":true,""schemaVersion"":""quiz-explanation.v1"",""sourceUrls"":[""https://github.com/microsoft/AI-For-Beginners/blob/33e781bf7bfb9b39fd27c4e4a3e592669b52cb4b/etc/quiz-app/src/assets/translations/en/lesson-2.json""],""summary"":""本题考查“知识表示和专家系统”，参考答案为 A：“算法的”。""}",public_machine_translation,en-zh-candidate-2026-08-12,pending,pending,hold,,
item-e762db18492b2cd43909,item-version-9c6c2fcaf3c963638621,microsoft-ai-for-beginners,etc/quiz-app/src/assets/translations/en/lesson-2.json,json-4,33e781bf7bfb9b39fd27c4e4a3e592669b52cb4b,14c33a43ccff21758cab36c2d530eb208423855d2ec70f594bfed2f61e08db54,kp-ai-lesson-02,Knowledge Representation and Expert Systems,知识表示和专家系统,Scenarios can represent complex situations that can unfold in time,true,false,,A,场景可以代表可以及时展开的复杂情况,正确,错误,,本题考查“知识表示和专家系统”，参考答案为 A：“正确”。,"{""correctOptionKey"":""A"",""correctReason"":""该陈述与课程中“知识表示和专家系统”的说明一致，因此应选择“正确”。"",""generationMethod"":""machine_translation_plus_structural_template"",""generationVersion"":""en-zh-candidate-2026-08-12"",""localizedStem"":""场景可以代表可以及时展开的复杂情况"",""memoryTip"":""复习“知识表示和专家系统”时，先定位题干关键词，再逐项核对定义和适用条件。"",""optionReasons"":{""A"":""该陈述与课程中“知识表示和专家系统”的说明一致，因此应选择“正确”。"",""B"":""“错误”不是本题参考答案；审核时需结合原课程补充它与正确选项的具体差异。""},""originalStem"":""Scenarios can represent complex situations that can unfold in time"",""quality"":""structural_draft"",""requiresSubjectMatterReview"":true,""schemaVersion"":""quiz-explanation.v1"",""sourceUrls"":[""https://github.com/microsoft/AI-For-Beginners/blob/33e781bf7bfb9b39fd27c4e4a3e592669b52cb4b/etc/quiz-app/src/assets/translations/en/lesson-2.json""],""summary"":""本题考查“知识表示和专家系统”，参考答案为 A：“正确”。""}",public_machine_translation,en-zh-candidate-2026-08-12,pending,pending,hold,,
item-028d7a0923d4179b4e2e,item-version-4610204221ee67afc155,microsoft-ai-for-beginners,etc/quiz-app/src/assets/translations/en/lesson-2.json,json-5,33e781bf7bfb9b39fd27c4e4a3e592669b52cb4b,14c33a43ccff21758cab36c2d530eb208423855d2ec70f594bfed2f61e08db54,kp-ai-lesson-02,Knowledge Representation and Expert Systems,知识表示和专家系统,Forward inference starts with initial data and then:,executes a reasoning loop,looks for a goal,starts over,A,前向推理从初始数据开始，然后：,执行推理循环,寻找目标,重新开始,本题考查“知识表示和专家系统”，参考答案为 A：“执行推理循环”。,"{""correctOptionKey"":""A"",""correctReason"":""在给定选项中，“执行推理循环”最符合题干对“知识表示和专家系统”的描述或条件。"",""generationMethod"":""machine_translation_plus_structural_template"",""generationVersion"":""en-zh-candidate-2026-08-12"",""localizedStem"":""前向推理从初始数据开始，然后："",""memoryTip"":""复习“知识表示和专家系统”时，先定位题干关键词，再逐项核对定义和适用条件。"",""optionReasons"":{""A"":""在给定选项中，“执行推理循环”最符合题干对“知识表示和专家系统”的描述或条件。"",""B"":""“寻找目标”不是本题参考答案；审核时需结合原课程补充它与正确选项的具体差异。"",""C"":""“重新开始”不是本题参考答案；审核时需结合原课程补充它与正确选项的具体差异。""},""originalStem"":""Forward inference starts with initial data and then:"",""quality"":""structural_draft"",""requiresSubjectMatterReview"":true,""schemaVersion"":""quiz-explanation.v1"",""sourceUrls"":[""https://github.com/microsoft/AI-For-Beginners/blob/33e781bf7bfb9b39fd27c4e4a3e592669b52cb4b/etc/quiz-app/src/assets/translations/en/lesson-2.json""],""summary"":""本题考查“知识表示和专家系统”，参考答案为 A：“执行推理循环”。""}",public_machine_translation,en-zh-candidate-2026-08-12,pending,pending,hold,,
item-be55f87b50e10f8fd2b9,item-version-d9d967ca6ac8f8c55a12,microsoft-ai-for-beginners,etc/quiz-app/src/assets/translations/en/lesson-20.json,json-0,33e781bf7bfb9b39fd27c4e4a3e592669b52cb4b,cb75ca6e8881df1bd2506166884a7477d3c1199b0adbfc4acdc1ccf9fe07bb1c,kp-ai-lesson-20,Large Language Models,大型语言模型,What does GPT stand for?,Generic Pre-Trained network,Generative Pre-trained Transformers,Generic Positional Text,B,GPT 代表什么？,通用预训练网络,生成式预训练 Transformer,通用位置文本,本题考查“大型语言模型”，参考答案为 B：“生成式预训练 Transformer”。,"{""correctOptionKey"":""B"",""correctReason"":""在给定选项中，“生成式预训练 Transformer”最符合题干对“大型语言模型”的描述或条件。"",""generationMethod"":""machine_translation_plus_structural_template"",""generationVersion"":""en-zh-candidate-2026-08-12"",""localizedStem"":""GPT 代表什么？"",""memoryTip"":""复习“大型语言模型”时，先定位题干关键词，再逐项核对定义和适用条件。"",""optionReasons"":{""A"":""“通用预训练网络”不是本题参考答案；审核时需结合原课程补充它与正确选项的具体差异。"",""B"":""在给定选项中，“生成式预训练 Transformer”最符合题干对“大型语言模型”的描述或条件。"",""C"":""“通用位置文本”不是本题参考答案；审核时需结合原课程补充它与正确选项的具体差异。""},""originalStem"":""What does GPT stand for?"",""quality"":""structural_draft"",""requiresSubjectMatterReview"":true,""schemaVersion"":""quiz-explanation.v1"",""sourceUrls"":[""https://github.com/microsoft/AI-For-Beginners/blob/33e781bf7bfb9b39fd27c4e4a3e592669b52cb4b/etc/quiz-app/src/assets/translations/en/lesson-20.json""],""summary"":""本题考查“大型语言模型”，参考答案为 B：“生成式预训练 Transformer”。""}",public_machine_translation,en-zh-candidate-2026-08-12,pending,pending,hold,,
item-36592346587c541dd03c,item-version-a84542ef1f5c36f877e8,microsoft-ai-for-beginners,etc/quiz-app/src/assets/translations/en/lesson-20.json,json-1,33e781bf7bfb9b39fd27c4e4a3e592669b52cb4b,cb75ca6e8881df1bd2506166884a7477d3c1199b0adbfc4acdc1ccf9fe07bb1c,kp-ai-lesson-20,Large Language Models,大型语言模型,What can GPT be used for?,Text generation,Text classification,Both text generation and other tasks,C,GPT 可以用来做什么？,文本生成,文本分类,文本生成和其他任务,本题考查“大型语言模型”，参考答案为 C：“文本生成和其他任务”。,"{""correctOptionKey"":""C"",""correctReason"":""在给定选项中，“文本生成和其他任务”最符合题干对“大型语言模型”的描述或条件。"",""generationMethod"":""machine_translation_plus_structural_template"",""generationVersion"":""en-zh-candidate-2026-08-12"",""localizedStem"":""GPT 可以用来做什么？"",""memoryTip"":""复习“大型语言模型”时，先定位题干关键词，再逐项核对定义和适用条件。"",""optionReasons"":{""A"":""“文本生成”不是本题参考答案；审核时需结合原课程补充它与正确选项的具体差异。"",""B"":""“文本分类”不是本题参考答案；审核时需结合原课程补充它与正确选项的具体差异。"",""C"":""在给定选项中，“文本生成和其他任务”最符合题干对“大型语言模型”的描述或条件。""},""originalStem"":""What can GPT be used for?"",""quality"":""structural_draft"",""requiresSubjectMatterReview"":true,""schemaVersion"":""quiz-explanation.v1"",""sourceUrls"":[""https://github.com/microsoft/AI-For-Beginners/blob/33e781bf7bfb9b39fd27c4e4a3e592669b52cb4b/etc/quiz-app/src/assets/translations/en/lesson-20.json""],""summary"":""本题考查“大型语言模型”，参考答案为 C：“文本生成和其他任务”。""}",public_machine_translation,en-zh-candidate-2026-08-12,pending,pending,hold,,
item-ccc5f88d88f80f05c9a3,item-version-a0933ecfdb0795bf688f,microsoft-ai-for-beginners,etc/quiz-app/src/assets/translations/en/lesson-20.json,json-2,33e781bf7bfb9b39fd27c4e4a3e592669b52cb4b,cb75ca6e8881df1bd2506166884a7477d3c1199b0adbfc4acdc1ccf9fe07bb1c,kp-ai-lesson-20,Large Language Models,大型语言模型,GPT is based on transformer architecture,true,false,,A,GPT基于Transformer架构,正确,错误,,本题考查“大型语言模型”，参考答案为 A：“正确”。,"{""correctOptionKey"":""A"",""correctReason"":""该陈述与课程中“大型语言模型”的说明一致，因此应选择“正确”。"",""generationMethod"":""machine_translation_plus_structural_template"",""generationVersion"":""en-zh-candidate-2026-08-12"",""localizedStem"":""GPT基于Transformer架构"",""memoryTip"":""复习“大型语言模型”时，先定位题干关键词，再逐项核对定义和适用条件。"",""optionReasons"":{""A"":""该陈述与课程中“大型语言模型”的说明一致，因此应选择“正确”。"",""B"":""“错误”不是本题参考答案；审核时需结合原课程补充它与正确选项的具体差异。""},""originalStem"":""GPT is based on transformer architecture"",""quality"":""structural_draft"",""requiresSubjectMatterReview"":true,""schemaVersion"":""quiz-explanation.v1"",""sourceUrls"":[""https://github.com/microsoft/AI-For-Beginners/blob/33e781bf7bfb9b39fd27c4e4a3e592669b52cb4b/etc/quiz-app/src/assets/translations/en/lesson-20.json""],""summary"":""本题考查“大型语言模型”，参考答案为 A：“正确”。""}",public_machine_translation,en-zh-candidate-2026-08-12,pending,pending,hold,,
item-dceea2b2ece449966fcd,item-version-6b9dff4853076b566421,microsoft-ai-for-beginners,etc/quiz-app/src/assets/translations/en/lesson-20.json,json-3,33e781bf7bfb9b39fd27c4e4a3e592669b52cb4b,cb75ca6e8881df1bd2506166884a7477d3c1199b0adbfc4acdc1ccf9fe07bb1c,kp-ai-lesson-20,Large Language Models,大型语言模型,What is zero-shot learning?,Getting an answer from pre-trained network,Training the network from scratch,Training the network only for one epoch,A,什么是零样本学习？,从预先训练的网络中获取答案,从头开始训练网络,仅训练一个时期的网络,本题考查“大型语言模型”，参考答案为 A：“从预先训练的网络中获取答案”。,"{""correctOptionKey"":""A"",""correctReason"":""在给定选项中，“从预先训练的网络中获取答案”最符合题干对“大型语言模型”的描述或条件。"",""generationMethod"":""machine_translation_plus_structural_template"",""generationVersion"":""en-zh-candidate-2026-08-12"",""localizedStem"":""什么是零样本学习？"",""memoryTip"":""复习“大型语言模型”时，先定位题干关键词，再逐项核对定义和适用条件。"",""optionReasons"":{""A"":""在给定选项中，“从预先训练的网络中获取答案”最符合题干对“大型语言模型”的描述或条件。"",""B"":""“从头开始训练网络”不是本题参考答案；审核时需结合原课程补充它与正确选项的具体差异。"",""C"":""“仅训练一个时期的网络”不是本题参考答案；审核时需结合原课程补充它与正确选项的具体差异。""},""originalStem"":""What is zero-shot learning?"",""quality"":""structural_draft"",""requiresSubjectMatterReview"":true,""schemaVersion"":""quiz-explanation.v1"",""sourceUrls"":[""https://github.com/microsoft/AI-For-Beginners/blob/33e781bf7bfb9b39fd27c4e4a3e592669b52cb4b/etc/quiz-app/src/assets/translations/en/lesson-20.json""],""summary"":""本题考查“大型语言模型”，参考答案为 A：“从预先训练的网络中获取答案”。""}",public_machine_translation,en-zh-candidate-2026-08-12,pending,pending,hold,,
item-814cb7e0add447ca131e,item-version-b3a940b22a51ef1916be,microsoft-ai-for-beginners,etc/quiz-app/src/assets/translations/en/lesson-20.json,json-4,33e781bf7bfb9b39fd27c4e4a3e592669b52cb4b,cb75ca6e8881df1bd2506166884a7477d3c1199b0adbfc4acdc1ccf9fe07bb1c,kp-ai-lesson-20,Large Language Models,大型语言模型,Prompt engineering can be used with,Zero-shot learning,Few-shot learning,Both,C,快速工程可与,零样本学习,少样本学习,两者都,本题考查“大型语言模型”，参考答案为 C：“两者都”。,"{""correctOptionKey"":""C"",""correctReason"":""在给定选项中，“两者都”最符合题干对“大型语言模型”的描述或条件。"",""generationMethod"":""machine_translation_plus_structural_template"",""generationVersion"":""en-zh-candidate-2026-08-12"",""localizedStem"":""快速工程可与"",""memoryTip"":""复习“大型语言模型”时，先定位题干关键词，再逐项核对定义和适用条件。"",""optionReasons"":{""A"":""“零样本学习”不是本题参考答案；审核时需结合原课程补充它与正确选项的具体差异。"",""B"":""“少样本学习”不是本题参考答案；审核时需结合原课程补充它与正确选项的具体差异。"",""C"":""在给定选项中，“两者都”最符合题干对“大型语言模型”的描述或条件。""},""originalStem"":""Prompt engineering can be used with"",""quality"":""structural_draft"",""requiresSubjectMatterReview"":true,""schemaVersion"":""quiz-explanation.v1"",""sourceUrls"":[""https://github.com/microsoft/AI-For-Beginners/blob/33e781bf7bfb9b39fd27c4e4a3e592669b52cb4b/etc/quiz-app/src/assets/translations/en/lesson-20.json""],""summary"":""本题考查“大型语言模型”，参考答案为 C：“两者都”。""}",public_machine_translation,en-zh-candidate-2026-08-12,pending,pending,hold,,
item-2d633b14e7812f702d7e,item-version-af0c3167e9fd28d42e1f,microsoft-ai-for-beginners,etc/quiz-app/src/assets/translations/en/lesson-20.json,json-5,33e781bf7bfb9b39fd27c4e4a3e592669b52cb4b,cb75ca6e8881df1bd2506166884a7477d3c1199b0adbfc4acdc1ccf9fe07bb1c,kp-ai-lesson-20,Large Language Models,大型语言模型,Which metric can be used to estimate the quality of a language model?,accuracy,recall,perplexity,C,哪个指标可以用来评估语言模型的质量？,准确度,回忆,困惑,本题考查“大型语言模型”，参考答案为 C：“困惑”。,"{""correctOptionKey"":""C"",""correctReason"":""在给定选项中，“困惑”最符合题干对“大型语言模型”的描述或条件。"",""generationMethod"":""machine_translation_plus_structural_template"",""generationVersion"":""en-zh-candidate-2026-08-12"",""localizedStem"":""哪个指标可以用来评估语言模型的质量？"",""memoryTip"":""复习“大型语言模型”时，先定位题干关键词，再逐项核对定义和适用条件。"",""optionReasons"":{""A"":""“准确度”不是本题参考答案；审核时需结合原课程补充它与正确选项的具体差异。"",""B"":""“回忆”不是本题参考答案；审核时需结合原课程补充它与正确选项的具体差异。"",""C"":""在给定选项中，“困惑”最符合题干对“大型语言模型”的描述或条件。""},""originalStem"":""Which metric can be used to estimate the quality of a language model?"",""quality"":""structural_draft"",""requiresSubjectMatterReview"":true,""schemaVersion"":""quiz-explanation.v1"",""sourceUrls"":[""https://github.com/microsoft/AI-For-Beginners/blob/33e781bf7bfb9b39fd27c4e4a3e592669b52cb4b/etc/quiz-app/src/assets/translations/en/lesson-20.json""],""summary"":""本题考查“大型语言模型”，参考答案为 C：“困惑”。""}",public_machine_translation,en-zh-candidate-2026-08-12,pending,pending,hold,,
item-0136548d943b45274386,item-version-d4596b70b981d05aa16f,microsoft-ai-for-beginners,etc/quiz-app/src/assets/translations/en/lesson-21.json,json-0,33e781bf7bfb9b39fd27c4e4a3e592669b52cb4b,4c0e313661aed9d3829e416b9cb937e115a9d0ec57567db2f42ae17a42396ab9,kp-ai-lesson-21,Genetic Algorithms,遗传算法,Genetic Algorithms are based on which of the following?,mutations,Selection,both a and b,C,遗传算法基于以下哪项？,突变,选择,a 和 b 都,本题考查“遗传算法”，参考答案为 C：“a 和 b 都”。,"{""correctOptionKey"":""C"",""correctReason"":""在给定选项中，“a 和 b 都”最符合题干对“遗传算法”的描述或条件。"",""generationMethod"":""machine_translation_plus_structural_template"",""generationVersion"":""en-zh-candidate-2026-08-12"",""localizedStem"":""遗传算法基于以下哪项？"",""memoryTip"":""复习“遗传算法”时，先定位题干关键词，再逐项核对定义和适用条件。"",""optionReasons"":{""A"":""“突变”不是本题参考答案；审核时需结合原课程补充它与正确选项的具体差异。"",""B"":""“选择”不是本题参考答案；审核时需结合原课程补充它与正确选项的具体差异。"",""C"":""在给定选项中，“a 和 b 都”最符合题干对“遗传算法”的描述或条件。""},""originalStem"":""Genetic Algorithms are based on which of the following?"",""quality"":""structural_draft"",""requiresSubjectMatterReview"":true,""schemaVersion"":""quiz-explanation.v1"",""sourceUrls"":[""https://github.com/microsoft/AI-For-Beginners/blob/33e781bf7bfb9b39fd27c4e4a3e592669b52cb4b/etc/quiz-app/src/assets/translations/en/lesson-21.json""],""summary"":""本题考查“遗传算法”，参考答案为 C：“a 和 b 都”。""}",public_machine_translation,en-zh-candidate-2026-08-12,pending,pending,hold,,
item-cdc035ece39ed449d629,item-version-5055e2747a4bc0b94189,microsoft-ai-for-beginners,etc/quiz-app/src/assets/translations/en/lesson-21.json,json-1,33e781bf7bfb9b39fd27c4e4a3e592669b52cb4b,4c0e313661aed9d3829e416b9cb937e115a9d0ec57567db2f42ae17a42396ab9,kp-ai-lesson-21,Genetic Algorithms,遗传算法,Crossover allows us to combine two solutions together to obtain a new valid solution,true,false,,A,交叉允许我们将两个解决方案组合在一起以获得新的有效解决方案,正确,错误,,本题考查“遗传算法”，参考答案为 A：“正确”。,"{""correctOptionKey"":""A"",""correctReason"":""该陈述与课程中“遗传算法”的说明一致，因此应选择“正确”。"",""generationMethod"":""machine_translation_plus_structural_template"",""generationVersion"":""en-zh-candidate-2026-08-12"",""localizedStem"":""交叉允许我们将两个解决方案组合在一起以获得新的有效解决方案"",""memoryTip"":""复习“遗传算法”时，先定位题干关键词，再逐项核对定义和适用条件。"",""optionReasons"":{""A"":""该陈述与课程中“遗传算法”的说明一致，因此应选择“正确”。"",""B"":""“错误”不是本题参考答案；审核时需结合原课程补充它与正确选项的具体差异。""},""originalStem"":""Crossover allows us to combine two solutions together to obtain a new valid solution"",""quality"":""structural_draft"",""requiresSubjectMatterReview"":true,""schemaVersion"":""quiz-explanation.v1"",""sourceUrls"":[""https://github.com/microsoft/AI-For-Beginners/blob/33e781bf7bfb9b39fd27c4e4a3e592669b52cb4b/etc/quiz-app/src/assets/translations/en/lesson-21.json""],""summary"":""本题考查“遗传算法”，参考答案为 A：“正确”。""}",public_machine_translation,en-zh-candidate-2026-08-12,pending,pending,hold,,
item-340a8f9358c7d24172f4,item-version-037c957ceb502d97850c,microsoft-ai-for-beginners,etc/quiz-app/src/assets/translations/en/lesson-21.json,json-2,33e781bf7bfb9b39fd27c4e4a3e592669b52cb4b,4c0e313661aed9d3829e416b9cb937e115a9d0ec57567db2f42ae17a42396ab9,kp-ai-lesson-21,Genetic Algorithms,遗传算法,Valid solutions to genetic algorithm can be represented as _____,genes,neurons,cells,A,遗传算法的有效解可以表示为 _____,基因,神经元,细胞,本题考查“遗传算法”，参考答案为 A：“基因”。,"{""correctOptionKey"":""A"",""correctReason"":""根据“遗传算法”相关术语，题干空缺应填“基因”。"",""generationMethod"":""machine_translation_plus_structural_template"",""generationVersion"":""en-zh-candidate-2026-08-12"",""localizedStem"":""遗传算法的有效解可以表示为 _____"",""memoryTip"":""复习“遗传算法”时，先定位题干关键词，再逐项核对定义和适用条件。"",""optionReasons"":{""A"":""根据“遗传算法”相关术语，题干空缺应填“基因”。"",""B"":""“神经元”不是本题参考答案；审核时需结合原课程补充它与正确选项的具体差异。"",""C"":""“细胞”不是本题参考答案；审核时需结合原课程补充它与正确选项的具体差异。""},""originalStem"":""Valid solutions to genetic algorithm can be represented as _____"",""quality"":""structural_draft"",""requiresSubjectMatterReview"":true,""schemaVersion"":""quiz-explanation.v1"",""sourceUrls"":[""https://github.com/microsoft/AI-For-Beginners/blob/33e781bf7bfb9b39fd27c4e4a3e592669b52cb4b/etc/quiz-app/src/assets/translations/en/lesson-21.json""],""summary"":""本题考查“遗传算法”，参考答案为 A：“基因”。""}",public_machine_translation,en-zh-candidate-2026-08-12,pending,pending,hold,,
item-fd128d60c7ed028d4b8e,item-version-36b66b848f162b7833b4,microsoft-ai-for-beginners,etc/quiz-app/src/assets/translations/en/lesson-21.json,json-3,33e781bf7bfb9b39fd27c4e4a3e592669b52cb4b,4c0e313661aed9d3829e416b9cb937e115a9d0ec57567db2f42ae17a42396ab9,kp-ai-lesson-21,Genetic Algorithms,遗传算法,Genetic Algorithms can solve which of these tasks,Schedule optimization,Optimal packing,both of a and b,C,遗传算法可以解决以下哪些任务,日程优化,最佳包装,a 和 b 两者,本题考查“遗传算法”，参考答案为 C：“a 和 b 两者”。,"{""correctOptionKey"":""C"",""correctReason"":""在给定选项中，“a 和 b 两者”最符合题干对“遗传算法”的描述或条件。"",""generationMethod"":""machine_translation_plus_structural_template"",""generationVersion"":""en-zh-candidate-2026-08-12"",""localizedStem"":""遗传算法可以解决以下哪些任务"",""memoryTip"":""复习“遗传算法”时，先定位题干关键词，再逐项核对定义和适用条件。"",""optionReasons"":{""A"":""“日程优化”不是本题参考答案；审核时需结合原课程补充它与正确选项的具体差异。"",""B"":""“最佳包装”不是本题参考答案；审核时需结合原课程补充它与正确选项的具体差异。"",""C"":""在给定选项中，“a 和 b 两者”最符合题干对“遗传算法”的描述或条件。""},""originalStem"":""Genetic Algorithms can solve which of these tasks"",""quality"":""structural_draft"",""requiresSubjectMatterReview"":true,""schemaVersion"":""quiz-explanation.v1"",""sourceUrls"":[""https://github.com/microsoft/AI-For-Beginners/blob/33e781bf7bfb9b39fd27c4e4a3e592669b52cb4b/etc/quiz-app/src/assets/translations/en/lesson-21.json""],""summary"":""本题考查“遗传算法”，参考答案为 C：“a 和 b 两者”。""}",public_machine_translation,en-zh-candidate-2026-08-12,pending,pending,hold,,
item-e5e6ba5690d6bfd673ae,item-version-ae95774ff24adf27082e,microsoft-ai-for-beginners,etc/quiz-app/src/assets/translations/en/lesson-21.json,json-4,33e781bf7bfb9b39fd27c4e4a3e592669b52cb4b,4c0e313661aed9d3829e416b9cb937e115a9d0ec57567db2f42ae17a42396ab9,kp-ai-lesson-21,Genetic Algorithms,遗传算法,In implementing a genetic algorithm the first step is to randomly select two genes,true,false,,B,在实现遗传算法时，第一步是随机选择两个基因,正确,错误,,本题考查“遗传算法”，参考答案为 B：“错误”。,"{""correctOptionKey"":""B"",""correctReason"":""该陈述与课程中“遗传算法”的说明不一致，因此应选择“错误”。"",""generationMethod"":""machine_translation_plus_structural_template"",""generationVersion"":""en-zh-candidate-2026-08-12"",""localizedStem"":""在实现遗传算法时，第一步是随机选择两个基因"",""memoryTip"":""复习“遗传算法”时，先定位题干关键词，再逐项核对定义和适用条件。"",""optionReasons"":{""A"":""“正确”不是本题参考答案；审核时需结合原课程补充它与正确选项的具体差异。"",""B"":""该陈述与课程中“遗传算法”的说明不一致，因此应选择“错误”。""},""originalStem"":""In implementing a genetic algorithm the first step is to randomly select two genes"",""quality"":""structural_draft"",""requiresSubjectMatterReview"":true,""schemaVersion"":""quiz-explanation.v1"",""sourceUrls"":[""https://github.com/microsoft/AI-For-Beginners/blob/33e781bf7bfb9b39fd27c4e4a3e592669b52cb4b/etc/quiz-app/src/assets/translations/en/lesson-21.json""],""summary"":""本题考查“遗传算法”，参考答案为 B：“错误”。""}",public_machine_translation,en-zh-candidate-2026-08-12,pending,pending,hold,,
item-d0744ffa98aa566b11a5,item-version-fe8a443c29e9914626de,microsoft-ai-for-beginners,etc/quiz-app/src/assets/translations/en/lesson-21.json,json-5,33e781bf7bfb9b39fd27c4e4a3e592669b52cb4b,4c0e313661aed9d3829e416b9cb937e115a9d0ec57567db2f42ae17a42396ab9,kp-ai-lesson-21,Genetic Algorithms,遗传算法,When using Crossover operation the algorithm randomly selects _____ genes,3,1,2,C,当使用交叉操作时，算法随机选择 _____ 基因,3,1,2,本题考查“遗传算法”，参考答案为 C：“2”。,"{""correctOptionKey"":""C"",""correctReason"":""根据“遗传算法”相关术语，题干空缺应填“2”。"",""generationMethod"":""machine_translation_plus_structural_template"",""generationVersion"":""en-zh-candidate-2026-08-12"",""localizedStem"":""当使用交叉操作时，算法随机选择 _____ 基因"",""memoryTip"":""复习“遗传算法”时，先定位题干关键词，再逐项核对定义和适用条件。"",""optionReasons"":{""A"":""“3”不是本题参考答案；审核时需结合原课程补充它与正确选项的具体差异。"",""B"":""“1”不是本题参考答案；审核时需结合原课程补充它与正确选项的具体差异。"",""C"":""根据“遗传算法”相关术语，题干空缺应填“2”。""},""originalStem"":""When using Crossover operation the algorithm randomly selects _____ genes"",""quality"":""structural_draft"",""requiresSubjectMatterReview"":true,""schemaVersion"":""quiz-explanation.v1"",""sourceUrls"":[""https://github.com/microsoft/AI-For-Beginners/blob/33e781bf7bfb9b39fd27c4e4a3e592669b52cb4b/etc/quiz-app/src/assets/translations/en/lesson-21.json""],""summary"":""本题考查“遗传算法”，参考答案为 C：“2”。""}",public_machine_translation,en-zh-candidate-2026-08-12,pending,pending,hold,,
item-acd1ebe36095d8ae3266,item-version-885a0dfc2885d9aad668,microsoft-ai-for-beginners,etc/quiz-app/src/assets/translations/en/lesson-22.json,json-0,33e781bf7bfb9b39fd27c4e4a3e592669b52cb4b,67787e9b7c5a79b70917218302933efbc555cf22ea65dc3885438c0cd315677a,kp-ai-lesson-22,Reinforcement Learning,强化学习,"To train RL model, we need",Simulation environment,Labeled dataset,Unlabeled dataset,A,为了训练 RL 模型，我们需要,模拟环境,标记数据集,未标记的数据集,本题考查“强化学习”，参考答案为 A：“模拟环境”。,"{""correctOptionKey"":""A"",""correctReason"":""在给定选项中，“模拟环境”最符合题干对“强化学习”的描述或条件。"",""generationMethod"":""machine_translation_plus_structural_template"",""generationVersion"":""en-zh-candidate-2026-08-12"",""localizedStem"":""为了训练 RL 模型，我们需要"",""memoryTip"":""复习“强化学习”时，先定位题干关键词，再逐项核对定义和适用条件。"",""optionReasons"":{""A"":""在给定选项中，“模拟环境”最符合题干对“强化学习”的描述或条件。"",""B"":""“标记数据集”不是本题参考答案；审核时需结合原课程补充它与正确选项的具体差异。"",""C"":""“未标记的数据集”不是本题参考答案；审核时需结合原课程补充它与正确选项的具体差异。""},""originalStem"":""To train RL model, we need"",""quality"":""structural_draft"",""requiresSubjectMatterReview"":true,""schemaVersion"":""quiz-explanation.v1"",""sourceUrls"":[""https://github.com/microsoft/AI-For-Beginners/blob/33e781bf7bfb9b39fd27c4e4a3e592669b52cb4b/etc/quiz-app/src/assets/translations/en/lesson-22.json""],""summary"":""本题考查“强化学习”，参考答案为 A：“模拟环境”。""}",public_machine_translation,en-zh-candidate-2026-08-12,pending,pending,hold,,
item-def99477943827ddc025,item-version-ac1a7330178c81a2fc86,microsoft-ai-for-beginners,etc/quiz-app/src/assets/translations/en/lesson-22.json,json-1,33e781bf7bfb9b39fd27c4e4a3e592669b52cb4b,67787e9b7c5a79b70917218302933efbc555cf22ea65dc3885438c0cd315677a,kp-ai-lesson-22,Reinforcement Learning,强化学习,What is a good example of Reinforcement learning:,Zero-shot image classification,Zero-shot text classification,Learning to play chess,C,强化学习的一个很好的例子是什么：,零样本图像分类,零样本文本分类,学习下棋,本题考查“强化学习”，参考答案为 C：“学习下棋”。,"{""correctOptionKey"":""C"",""correctReason"":""在给定选项中，“学习下棋”最符合题干对“强化学习”的描述或条件。"",""generationMethod"":""machine_translation_plus_structural_template"",""generationVersion"":""en-zh-candidate-2026-08-12"",""localizedStem"":""强化学习的一个很好的例子是什么："",""memoryTip"":""复习“强化学习”时，先定位题干关键词，再逐项核对定义和适用条件。"",""optionReasons"":{""A"":""“零样本图像分类”不是本题参考答案；审核时需结合原课程补充它与正确选项的具体差异。"",""B"":""“零样本文本分类”不是本题参考答案；审核时需结合原课程补充它与正确选项的具体差异。"",""C"":""在给定选项中，“学习下棋”最符合题干对“强化学习”的描述或条件。""},""originalStem"":""What is a good example of Reinforcement learning:"",""quality"":""structural_draft"",""requiresSubjectMatterReview"":true,""schemaVersion"":""quiz-explanation.v1"",""sourceUrls"":[""https://github.com/microsoft/AI-For-Beginners/blob/33e781bf7bfb9b39fd27c4e4a3e592669b52cb4b/etc/quiz-app/src/assets/translations/en/lesson-22.json""],""summary"":""本题考查“强化学习”，参考答案为 C：“学习下棋”。""}",public_machine_translation,en-zh-candidate-2026-08-12,pending,pending,hold,,
item-89a126218295eedd8af0,item-version-a1e3725bbb6f6af3b023,microsoft-ai-for-beginners,etc/quiz-app/src/assets/translations/en/lesson-22.json,json-2,33e781bf7bfb9b39fd27c4e4a3e592669b52cb4b,67787e9b7c5a79b70917218302933efbc555cf22ea65dc3885438c0cd315677a,kp-ai-lesson-22,Reinforcement Learning,强化学习,"When creating RL-based chess engine, we need to",use all existing chess matches as a dataset,let computer play against itself many times,program exhaustive search algorithm,B,在创建基于强化学习的国际象棋引擎时，我们需要,使用所有现有的国际象棋比赛作为数据集,让计算机与自己对战很多次,编写穷举搜索算法,本题考查“强化学习”，参考答案为 B：“让计算机与自己对战很多次”。,"{""correctOptionKey"":""B"",""correctReason"":""在给定选项中，“让计算机与自己对战很多次”最符合题干对“强化学习”的描述或条件。"",""generationMethod"":""machine_translation_plus_structural_template"",""generationVersion"":""en-zh-candidate-2026-08-12"",""localizedStem"":""在创建基于强化学习的国际象棋引擎时，我们需要"",""memoryTip"":""复习“强化学习”时，先定位题干关键词，再逐项核对定义和适用条件。"",""optionReasons"":{""A"":""“使用所有现有的国际象棋比赛作为数据集”不是本题参考答案；审核时需结合原课程补充它与正确选项的具体差异。"",""B"":""在给定选项中，“让计算机与自己对战很多次”最符合题干对“强化学习”的描述或条件。"",""C"":""“编写穷举搜索算法”不是本题参考答案；审核时需结合原课程补充它与正确选项的具体差异。""},""originalStem"":""When creating RL-based chess engine, we need to"",""quality"":""structural_draft"",""requiresSubjectMatterReview"":true,""schemaVersion"":""quiz-explanation.v1"",""sourceUrls"":[""https://github.com/microsoft/AI-For-Beginners/blob/33e781bf7bfb9b39fd27c4e4a3e592669b52cb4b/etc/quiz-app/src/assets/translations/en/lesson-22.json""],""summary"":""本题考查“强化学习”，参考答案为 B：“让计算机与自己对战很多次”。""}",public_machine_translation,en-zh-candidate-2026-08-12,pending,pending,hold,,
item-fa9252514b9aa6f234a3,item-version-75fbd74200af27eb5813,microsoft-ai-for-beginners,etc/quiz-app/src/assets/translations/en/lesson-22.json,json-3,33e781bf7bfb9b39fd27c4e4a3e592669b52cb4b,67787e9b7c5a79b70917218302933efbc555cf22ea65dc3885438c0cd315677a,kp-ai-lesson-22,Reinforcement Learning,强化学习,How does RL training algorithm knows how well it did?,It achieves high accuracy,Using perplexity metric,Using reward function,C,强化学习训练算法如何知道它的表现如何？,它实现了高精度,使用困惑度度量,使用奖励函数,本题考查“强化学习”，参考答案为 C：“使用奖励函数”。,"{""correctOptionKey"":""C"",""correctReason"":""在给定选项中，“使用奖励函数”最符合题干对“强化学习”的描述或条件。"",""generationMethod"":""machine_translation_plus_structural_template"",""generationVersion"":""en-zh-candidate-2026-08-12"",""localizedStem"":""强化学习训练算法如何知道它的表现如何？"",""memoryTip"":""复习“强化学习”时，先定位题干关键词，再逐项核对定义和适用条件。"",""optionReasons"":{""A"":""“它实现了高精度”不是本题参考答案；审核时需结合原课程补充它与正确选项的具体差异。"",""B"":""“使用困惑度度量”不是本题参考答案；审核时需结合原课程补充它与正确选项的具体差异。"",""C"":""在给定选项中，“使用奖励函数”最符合题干对“强化学习”的描述或条件。""},""originalStem"":""How does RL training algorithm knows how well it did?"",""quality"":""structural_draft"",""requiresSubjectMatterReview"":true,""schemaVersion"":""quiz-explanation.v1"",""sourceUrls"":[""https://github.com/microsoft/AI-For-Beginners/blob/33e781bf7bfb9b39fd27c4e4a3e592669b52cb4b/etc/quiz-app/src/assets/translations/en/lesson-22.json""],""summary"":""本题考查“强化学习”，参考答案为 C：“使用奖励函数”。""}",public_machine_translation,en-zh-candidate-2026-08-12,pending,pending,hold,,
item-984464a0c917695fda65,item-version-1eabf9baa46b8fc85432,microsoft-ai-for-beginners,etc/quiz-app/src/assets/translations/en/lesson-22.json,json-4,33e781bf7bfb9b39fd27c4e4a3e592669b52cb4b,67787e9b7c5a79b70917218302933efbc555cf22ea65dc3885438c0cd315677a,kp-ai-lesson-22,Reinforcement Learning,强化学习,Which problem(s) is RL is applicable to?,With discrete environment,With continuous environment,Both,C,强化学习适用于哪些问题？,具有离散环境,具有连续的环境,两者都,本题考查“强化学习”，参考答案为 C：“两者都”。,"{""correctOptionKey"":""C"",""correctReason"":""在给定选项中，“两者都”最符合题干对“强化学习”的描述或条件。"",""generationMethod"":""machine_translation_plus_structural_template"",""generationVersion"":""en-zh-candidate-2026-08-12"",""localizedStem"":""强化学习适用于哪些问题？"",""memoryTip"":""复习“强化学习”时，先定位题干关键词，再逐项核对定义和适用条件。"",""optionReasons"":{""A"":""“具有离散环境”不是本题参考答案；审核时需结合原课程补充它与正确选项的具体差异。"",""B"":""“具有连续的环境”不是本题参考答案；审核时需结合原课程补充它与正确选项的具体差异。"",""C"":""在给定选项中，“两者都”最符合题干对“强化学习”的描述或条件。""},""originalStem"":""Which problem(s) is RL is applicable to?"",""quality"":""structural_draft"",""requiresSubjectMatterReview"":true,""schemaVersion"":""quiz-explanation.v1"",""sourceUrls"":[""https://github.com/microsoft/AI-For-Beginners/blob/33e781bf7bfb9b39fd27c4e4a3e592669b52cb4b/etc/quiz-app/src/assets/translations/en/lesson-22.json""],""summary"":""本题考查“强化学习”，参考答案为 C：“两者都”。""}",public_machine_translation,en-zh-candidate-2026-08-12,pending,pending,hold,,
item-6fbd38dd68e97c7c0031,item-version-e3831040b51827187d76,microsoft-ai-for-beginners,etc/quiz-app/src/assets/translations/en/lesson-22.json,json-5,33e781bf7bfb9b39fd27c4e4a3e592669b52cb4b,67787e9b7c5a79b70917218302933efbc555cf22ea65dc3885438c0cd315677a,kp-ai-lesson-22,Reinforcement Learning,强化学习,"In Actor-Critic model, critic predicts",Reward function,Best next action,Probability of next actions,A,在 Actor-Critic 模型中，critic 预测,奖励功能,最佳下一步行动,下一步行动的概率,本题考查“强化学习”，参考答案为 A：“奖励功能”。,"{""correctOptionKey"":""A"",""correctReason"":""在给定选项中，“奖励功能”最符合题干对“强化学习”的描述或条件。"",""generationMethod"":""machine_translation_plus_structural_template"",""generationVersion"":""en-zh-candidate-2026-08-12"",""localizedStem"":""在 Actor-Critic 模型中，critic 预测"",""memoryTip"":""复习“强化学习”时，先定位题干关键词，再逐项核对定义和适用条件。"",""optionReasons"":{""A"":""在给定选项中，“奖励功能”最符合题干对“强化学习”的描述或条件。"",""B"":""“最佳下一步行动”不是本题参考答案；审核时需结合原课程补充它与正确选项的具体差异。"",""C"":""“下一步行动的概率”不是本题参考答案；审核时需结合原课程补充它与正确选项的具体差异。""},""originalStem"":""In Actor-Critic model, critic predicts"",""quality"":""structural_draft"",""requiresSubjectMatterReview"":true,""schemaVersion"":""quiz-explanation.v1"",""sourceUrls"":[""https://github.com/microsoft/AI-For-Beginners/blob/33e781bf7bfb9b39fd27c4e4a3e592669b52cb4b/etc/quiz-app/src/assets/translations/en/lesson-22.json""],""summary"":""本题考查“强化学习”，参考答案为 A：“奖励功能”。""}",public_machine_translation,en-zh-candidate-2026-08-12,pending,pending,hold,,
item-8dc5f3b70beaf412b8b8,item-version-fbfb66e8bdea647ac570,microsoft-ai-for-beginners,etc/quiz-app/src/assets/translations/en/lesson-23.json,json-0,33e781bf7bfb9b39fd27c4e4a3e592669b52cb4b,97dcdcb786f500636cb9077b6337a82afc06c33a9335f7b0ca625f3ae0264417,kp-ai-lesson-23,Multi-Agent Modeling,多智能体建模,"By modeling the behavior of simple agents, we can understand more complex behaviors of a system.",true,false,,A,通过对简单代理的行为进行建模，我们可以理解系统更复杂的行为。,正确,错误,,本题考查“多智能体建模”，参考答案为 A：“正确”。,"{""correctOptionKey"":""A"",""correctReason"":""该陈述与课程中“多智能体建模”的说明一致，因此应选择“正确”。"",""generationMethod"":""machine_translation_plus_structural_template"",""generationVersion"":""en-zh-candidate-2026-08-12"",""localizedStem"":""通过对简单代理的行为进行建模，我们可以理解系统更复杂的行为。"",""memoryTip"":""复习“多智能体建模”时，先定位题干关键词，再逐项核对定义和适用条件。"",""optionReasons"":{""A"":""该陈述与课程中“多智能体建模”的说明一致，因此应选择“正确”。"",""B"":""“错误”不是本题参考答案；审核时需结合原课程补充它与正确选项的具体差异。""},""originalStem"":""By modeling the behavior of simple agents, we can understand more complex behaviors of a system."",""quality"":""structural_draft"",""requiresSubjectMatterReview"":true,""schemaVersion"":""quiz-explanation.v1"",""sourceUrls"":[""https://github.com/microsoft/AI-For-Beginners/blob/33e781bf7bfb9b39fd27c4e4a3e592669b52cb4b/etc/quiz-app/src/assets/translations/en/lesson-23.json""],""summary"":""本题考查“多智能体建模”，参考答案为 A：“正确”。""}",public_machine_translation,en-zh-candidate-2026-08-12,pending,pending,hold,,
item-892ddc89678edc2913f3,item-version-9d7344e4337a5c9caeb7,microsoft-ai-for-beginners,etc/quiz-app/src/assets/translations/en/lesson-23.json,json-1,33e781bf7bfb9b39fd27c4e4a3e592669b52cb4b,97dcdcb786f500636cb9077b6337a82afc06c33a9335f7b0ca625f3ae0264417,kp-ai-lesson-23,Multi-Agent Modeling,多智能体建模,The principle of metasystem transition is derived from:,Evolutionary Cybernetics,Emergentism,both of these,C,元系统变迁的原理源自：,进化控制论,突现论,这两个,本题考查“多智能体建模”，参考答案为 C：“这两个”。,"{""correctOptionKey"":""C"",""correctReason"":""在给定选项中，“这两个”最符合题干对“多智能体建模”的描述或条件。"",""generationMethod"":""machine_translation_plus_structural_template"",""generationVersion"":""en-zh-candidate-2026-08-12"",""localizedStem"":""元系统变迁的原理源自："",""memoryTip"":""复习“多智能体建模”时，先定位题干关键词，再逐项核对定义和适用条件。"",""optionReasons"":{""A"":""“进化控制论”不是本题参考答案；审核时需结合原课程补充它与正确选项的具体差异。"",""B"":""“突现论”不是本题参考答案；审核时需结合原课程补充它与正确选项的具体差异。"",""C"":""在给定选项中，“这两个”最符合题干对“多智能体建模”的描述或条件。""},""originalStem"":""The principle of metasystem transition is derived from:"",""quality"":""structural_draft"",""requiresSubjectMatterReview"":true,""schemaVersion"":""quiz-explanation.v1"",""sourceUrls"":[""https://github.com/microsoft/AI-For-Beginners/blob/33e781bf7bfb9b39fd27c4e4a3e592669b52cb4b/etc/quiz-app/src/assets/translations/en/lesson-23.json""],""summary"":""本题考查“多智能体建模”，参考答案为 C：“这两个”。""}",public_machine_translation,en-zh-candidate-2026-08-12,pending,pending,hold,,
item-fc5d3a2bb47ac4357fe8,item-version-9865015ab238953c267c,microsoft-ai-for-beginners,etc/quiz-app/src/assets/translations/en/lesson-23.json,json-2,33e781bf7bfb9b39fd27c4e4a3e592669b52cb4b,97dcdcb786f500636cb9077b6337a82afc06c33a9335f7b0ca625f3ae0264417,kp-ai-lesson-23,Multi-Agent Modeling,多智能体建模,Multi-Agent systems emerged in the ____:,1970s,1980s,1990s,C,多代理系统出现于 ____:,20世纪70年代,20世纪80年代,20世纪90年代,本题考查“多智能体建模”，参考答案为 C：“20世纪90年代”。,"{""correctOptionKey"":""C"",""correctReason"":""根据“多智能体建模”相关术语，题干空缺应填“20世纪90年代”。"",""generationMethod"":""machine_translation_plus_structural_template"",""generationVersion"":""en-zh-candidate-2026-08-12"",""localizedStem"":""多代理系统出现于 ____:"",""memoryTip"":""复习“多智能体建模”时，先定位题干关键词，再逐项核对定义和适用条件。"",""optionReasons"":{""A"":""“20世纪70年代”不是本题参考答案；审核时需结合原课程补充它与正确选项的具体差异。"",""B"":""“20世纪80年代”不是本题参考答案；审核时需结合原课程补充它与正确选项的具体差异。"",""C"":""根据“多智能体建模”相关术语，题干空缺应填“20世纪90年代”。""},""originalStem"":""Multi-Agent systems emerged in the ____:"",""quality"":""structural_draft"",""requiresSubjectMatterReview"":true,""schemaVersion"":""quiz-explanation.v1"",""sourceUrls"":[""https://github.com/microsoft/AI-For-Beginners/blob/33e781bf7bfb9b39fd27c4e4a3e592669b52cb4b/etc/quiz-app/src/assets/translations/en/lesson-23.json""],""summary"":""本题考查“多智能体建模”，参考答案为 C：“20世纪90年代”。""}",public_machine_translation,en-zh-candidate-2026-08-12,pending,pending,hold,,
item-76a9e6cefa038893ecf2,item-version-5a22532a252089138aab,microsoft-ai-for-beginners,etc/quiz-app/src/assets/translations/en/lesson-23.json,json-3,33e781bf7bfb9b39fd27c4e4a3e592669b52cb4b,97dcdcb786f500636cb9077b6337a82afc06c33a9335f7b0ca625f3ae0264417,kp-ai-lesson-23,Multi-Agent Modeling,多智能体建模,An agent is:,an entity that lives alone,an entity that lives in an environment,an entity that is intelligent,B,代理人是：,一个单独存在的实体,生活在环境中的实体,一个有智能的实体,本题考查“多智能体建模”，参考答案为 B：“生活在环境中的实体”。,"{""correctOptionKey"":""B"",""correctReason"":""在给定选项中，“生活在环境中的实体”最符合题干对“多智能体建模”的描述或条件。"",""generationMethod"":""machine_translation_plus_structural_template"",""generationVersion"":""en-zh-candidate-2026-08-12"",""localizedStem"":""代理人是："",""memoryTip"":""复习“多智能体建模”时，先定位题干关键词，再逐项核对定义和适用条件。"",""optionReasons"":{""A"":""“一个单独存在的实体”不是本题参考答案；审核时需结合原课程补充它与正确选项的具体差异。"",""B"":""在给定选项中，“生活在环境中的实体”最符合题干对“多智能体建模”的描述或条件。"",""C"":""“一个有智能的实体”不是本题参考答案；审核时需结合原课程补充它与正确选项的具体差异。""},""originalStem"":""An agent is:"",""quality"":""structural_draft"",""requiresSubjectMatterReview"":true,""schemaVersion"":""quiz-explanation.v1"",""sourceUrls"":[""https://github.com/microsoft/AI-For-Beginners/blob/33e781bf7bfb9b39fd27c4e4a3e592669b52cb4b/etc/quiz-app/src/assets/translations/en/lesson-23.json""],""summary"":""本题考查“多智能体建模”，参考答案为 B：“生活在环境中的实体”。""}",public_machine_translation,en-zh-candidate-2026-08-12,pending,pending,hold,,
item-a65e19a3ae88c36fbf64,item-version-1fe251a945d12a825907,microsoft-ai-for-beginners,etc/quiz-app/src/assets/translations/en/lesson-23.json,json-4,33e781bf7bfb9b39fd27c4e4a3e592669b52cb4b,97dcdcb786f500636cb9077b6337a82afc06c33a9335f7b0ca625f3ae0264417,kp-ai-lesson-23,Multi-Agent Modeling,多智能体建模,Reactive agents usually have:,simple request-response behavior,complex behavior,no behavior,A,反应性试剂通常有：,简单的请求-响应行为,复杂的行为,没有行为,本题考查“多智能体建模”，参考答案为 A：“简单的请求-响应行为”。,"{""correctOptionKey"":""A"",""correctReason"":""在给定选项中，“简单的请求-响应行为”最符合题干对“多智能体建模”的描述或条件。"",""generationMethod"":""machine_translation_plus_structural_template"",""generationVersion"":""en-zh-candidate-2026-08-12"",""localizedStem"":""反应性试剂通常有："",""memoryTip"":""复习“多智能体建模”时，先定位题干关键词，再逐项核对定义和适用条件。"",""optionReasons"":{""A"":""在给定选项中，“简单的请求-响应行为”最符合题干对“多智能体建模”的描述或条件。"",""B"":""“复杂的行为”不是本题参考答案；审核时需结合原课程补充它与正确选项的具体差异。"",""C"":""“没有行为”不是本题参考答案；审核时需结合原课程补充它与正确选项的具体差异。""},""originalStem"":""Reactive agents usually have:"",""quality"":""structural_draft"",""requiresSubjectMatterReview"":true,""schemaVersion"":""quiz-explanation.v1"",""sourceUrls"":[""https://github.com/microsoft/AI-For-Beginners/blob/33e781bf7bfb9b39fd27c4e4a3e592669b52cb4b/etc/quiz-app/src/assets/translations/en/lesson-23.json""],""summary"":""本题考查“多智能体建模”，参考答案为 A：“简单的请求-响应行为”。""}",public_machine_translation,en-zh-candidate-2026-08-12,pending,pending,hold,,
item-788d1f240c3cf9380118,item-version-50035952a169b538d5e1,microsoft-ai-for-beginners,etc/quiz-app/src/assets/translations/en/lesson-23.json,json-5,33e781bf7bfb9b39fd27c4e4a3e592669b52cb4b,97dcdcb786f500636cb9077b6337a82afc06c33a9335f7b0ca625f3ae0264417,kp-ai-lesson-23,Multi-Agent Modeling,多智能体建模,Multi-agent systems are used in:,video production and systems modeling,games and automations,both the above,C,多代理系统用于：,视频制作和系统建模,游戏和自动化,以上两者,本题考查“多智能体建模”，参考答案为 C：“以上两者”。,"{""correctOptionKey"":""C"",""correctReason"":""在给定选项中，“以上两者”最符合题干对“多智能体建模”的描述或条件。"",""generationMethod"":""machine_translation_plus_structural_template"",""generationVersion"":""en-zh-candidate-2026-08-12"",""localizedStem"":""多代理系统用于："",""memoryTip"":""复习“多智能体建模”时，先定位题干关键词，再逐项核对定义和适用条件。"",""optionReasons"":{""A"":""“视频制作和系统建模”不是本题参考答案；审核时需结合原课程补充它与正确选项的具体差异。"",""B"":""“游戏和自动化”不是本题参考答案；审核时需结合原课程补充它与正确选项的具体差异。"",""C"":""在给定选项中，“以上两者”最符合题干对“多智能体建模”的描述或条件。""},""originalStem"":""Multi-agent systems are used in:"",""quality"":""structural_draft"",""requiresSubjectMatterReview"":true,""schemaVersion"":""quiz-explanation.v1"",""sourceUrls"":[""https://github.com/microsoft/AI-For-Beginners/blob/33e781bf7bfb9b39fd27c4e4a3e592669b52cb4b/etc/quiz-app/src/assets/translations/en/lesson-23.json""],""summary"":""本题考查“多智能体建模”，参考答案为 C：“以上两者”。""}",public_machine_translation,en-zh-candidate-2026-08-12,pending,pending,hold,,
item-0636462108bcdb3f5b92,item-version-0e262a15822efee40640,microsoft-ai-for-beginners,etc/quiz-app/src/assets/translations/en/lesson-24.json,json-0,33e781bf7bfb9b39fd27c4e4a3e592669b52cb4b,3beab44ac9832f4b06fe6bbac40d2d6c66884e1e9e2528ede8a8eda252ec2932,kp-ai-lesson-24,Ethical and Responsible AI,道德和负责任的人工智能,Why we need to worry about Ethical AI?,AI is a very powerful tool and can cause harm,We need to make sure AI models do not discriminate people,Both,C,为什么我们需要担心人工智能的道德问题？,人工智能是一个非常强大的工具，可能会造成伤害,我们需要确保人工智能模型不会歧视人,两者都,本题考查“道德和负责任的人工智能”，参考答案为 C：“两者都”。,"{""correctOptionKey"":""C"",""correctReason"":""在给定选项中，“两者都”最符合题干对“道德和负责任的人工智能”的描述或条件。"",""generationMethod"":""machine_translation_plus_structural_template"",""generationVersion"":""en-zh-candidate-2026-08-12"",""localizedStem"":""为什么我们需要担心人工智能的道德问题？"",""memoryTip"":""复习“道德和负责任的人工智能”时，先定位题干关键词，再逐项核对定义和适用条件。"",""optionReasons"":{""A"":""“人工智能是一个非常强大的工具，可能会造成伤害”不是本题参考答案；审核时需结合原课程补充它与正确选项的具体差异。"",""B"":""“我们需要确保人工智能模型不会歧视人”不是本题参考答案；审核时需结合原课程补充它与正确选项的具体差异。"",""C"":""在给定选项中，“两者都”最符合题干对“道德和负责任的人工智能”的描述或条件。""},""originalStem"":""Why we need to worry about Ethical AI?"",""quality"":""structural_draft"",""requiresSubjectMatterReview"":true,""schemaVersion"":""quiz-explanation.v1"",""sourceUrls"":[""https://github.com/microsoft/AI-For-Beginners/blob/33e781bf7bfb9b39fd27c4e4a3e592669b52cb4b/etc/quiz-app/src/assets/translations/en/lesson-24.json""],""summary"":""本题考查“道德和负责任的人工智能”，参考答案为 C：“两者都”。""}",public_machine_translation,en-zh-candidate-2026-08-12,pending,pending,hold,,
item-2dc5332709d67ad48816,item-version-1fadc9fe275a8ddac9ca,microsoft-ai-for-beginners,etc/quiz-app/src/assets/translations/en/lesson-24.json,json-1,33e781bf7bfb9b39fd27c4e4a3e592669b52cb4b,3beab44ac9832f4b06fe6bbac40d2d6c66884e1e9e2528ede8a8eda252ec2932,kp-ai-lesson-24,Ethical and Responsible AI,道德和负责任的人工智能,Which is the example of interpretable AI?,Expert system,Neural network,Image classifier,A,可解释人工智能的例子是什么？,专家系统,神经网络,图像分类器,本题考查“道德和负责任的人工智能”，参考答案为 A：“专家系统”。,"{""correctOptionKey"":""A"",""correctReason"":""在给定选项中，“专家系统”最符合题干对“道德和负责任的人工智能”的描述或条件。"",""generationMethod"":""machine_translation_plus_structural_template"",""generationVersion"":""en-zh-candidate-2026-08-12"",""localizedStem"":""可解释人工智能的例子是什么？"",""memoryTip"":""复习“道德和负责任的人工智能”时，先定位题干关键词，再逐项核对定义和适用条件。"",""optionReasons"":{""A"":""在给定选项中，“专家系统”最符合题干对“道德和负责任的人工智能”的描述或条件。"",""B"":""“神经网络”不是本题参考答案；审核时需结合原课程补充它与正确选项的具体差异。"",""C"":""“图像分类器”不是本题参考答案；审核时需结合原课程补充它与正确选项的具体差异。""},""originalStem"":""Which is the example of interpretable AI?"",""quality"":""structural_draft"",""requiresSubjectMatterReview"":true,""schemaVersion"":""quiz-explanation.v1"",""sourceUrls"":[""https://github.com/microsoft/AI-For-Beginners/blob/33e781bf7bfb9b39fd27c4e4a3e592669b52cb4b/etc/quiz-app/src/assets/translations/en/lesson-24.json""],""summary"":""本题考查“道德和负责任的人工智能”，参考答案为 A：“专家系统”。""}",public_machine_translation,en-zh-candidate-2026-08-12,pending,pending,hold,,
item-43fdb8fe303ea4174da8,item-version-49cae494df5d0140a4f3,microsoft-ai-for-beginners,etc/quiz-app/src/assets/translations/en/lesson-24.json,json-2,33e781bf7bfb9b39fd27c4e4a3e592669b52cb4b,3beab44ac9832f4b06fe6bbac40d2d6c66884e1e9e2528ede8a8eda252ec2932,kp-ai-lesson-24,Ethical and Responsible AI,道德和负责任的人工智能,It is not ethical to use AI in medicine,true,false,,B,在医学中使用人工智能是不道德的,正确,错误,,本题考查“道德和负责任的人工智能”，参考答案为 B：“错误”。,"{""correctOptionKey"":""B"",""correctReason"":""该陈述与课程中“道德和负责任的人工智能”的说明不一致，因此应选择“错误”。"",""generationMethod"":""machine_translation_plus_structural_template"",""generationVersion"":""en-zh-candidate-2026-08-12"",""localizedStem"":""在医学中使用人工智能是不道德的"",""memoryTip"":""复习“道德和负责任的人工智能”时，先定位题干关键词，再逐项核对定义和适用条件。"",""optionReasons"":{""A"":""“正确”不是本题参考答案；审核时需结合原课程补充它与正确选项的具体差异。"",""B"":""该陈述与课程中“道德和负责任的人工智能”的说明不一致，因此应选择“错误”。""},""originalStem"":""It is not ethical to use AI in medicine"",""quality"":""structural_draft"",""requiresSubjectMatterReview"":true,""schemaVersion"":""quiz-explanation.v1"",""sourceUrls"":[""https://github.com/microsoft/AI-For-Beginners/blob/33e781bf7bfb9b39fd27c4e4a3e592669b52cb4b/etc/quiz-app/src/assets/translations/en/lesson-24.json""],""summary"":""本题考查“道德和负责任的人工智能”，参考答案为 B：“错误”。""}",public_machine_translation,en-zh-candidate-2026-08-12,pending,pending,hold,,
item-04311915d18aff709e31,item-version-7dcbe2037923f8f33d37,microsoft-ai-for-beginners,etc/quiz-app/src/assets/translations/en/lesson-24.json,json-3,33e781bf7bfb9b39fd27c4e4a3e592669b52cb4b,3beab44ac9832f4b06fe6bbac40d2d6c66884e1e9e2528ede8a8eda252ec2932,kp-ai-lesson-24,Ethical and Responsible AI,道德和负责任的人工智能,Why an AI model can discriminate?,Because it may become unfriendly,Because datasets were not properly balanced,Because developers programmed it in such a way,B,为什么人工智能模型可以区分？,因为可能会变得不友好,因为数据集没有适当平衡,因为开发者是这样编程的,本题考查“道德和负责任的人工智能”，参考答案为 B：“因为数据集没有适当平衡”。,"{""correctOptionKey"":""B"",""correctReason"":""在给定选项中，“因为数据集没有适当平衡”最符合题干对“道德和负责任的人工智能”的描述或条件。"",""generationMethod"":""machine_translation_plus_structural_template"",""generationVersion"":""en-zh-candidate-2026-08-12"",""localizedStem"":""为什么人工智能模型可以区分？"",""memoryTip"":""复习“道德和负责任的人工智能”时，先定位题干关键词，再逐项核对定义和适用条件。"",""optionReasons"":{""A"":""“因为可能会变得不友好”不是本题参考答案；审核时需结合原课程补充它与正确选项的具体差异。"",""B"":""在给定选项中，“因为数据集没有适当平衡”最符合题干对“道德和负责任的人工智能”的描述或条件。"",""C"":""“因为开发者是这样编程的”不是本题参考答案；审核时需结合原课程补充它与正确选项的具体差异。""},""originalStem"":""Why an AI model can discriminate?"",""quality"":""structural_draft"",""requiresSubjectMatterReview"":true,""schemaVersion"":""quiz-explanation.v1"",""sourceUrls"":[""https://github.com/microsoft/AI-For-Beginners/blob/33e781bf7bfb9b39fd27c4e4a3e592669b52cb4b/etc/quiz-app/src/assets/translations/en/lesson-24.json""],""summary"":""本题考查“道德和负责任的人工智能”，参考答案为 B：“因为数据集没有适当平衡”。""}",public_machine_translation,en-zh-candidate-2026-08-12,pending,pending,hold,,
item-1a6319ca50d33cf133e8,item-version-21a1598a38631f9116ba,microsoft-ai-for-beginners,etc/quiz-app/src/assets/translations/en/lesson-24.json,json-4,33e781bf7bfb9b39fd27c4e4a3e592669b52cb4b,3beab44ac9832f4b06fe6bbac40d2d6c66884e1e9e2528ede8a8eda252ec2932,kp-ai-lesson-24,Ethical and Responsible AI,道德和负责任的人工智能,Which of the following is not a principle of Responsible AI?,Transparency,Fairness,Cleverness,C,以下哪一项不是 Responsible AI 的原则？,透明度,公平性,聪明,本题考查“道德和负责任的人工智能”，参考答案为 C：“聪明”。,"{""correctOptionKey"":""C"",""correctReason"":""在给定选项中，“聪明”最符合题干对“道德和负责任的人工智能”的描述或条件。"",""generationMethod"":""machine_translation_plus_structural_template"",""generationVersion"":""en-zh-candidate-2026-08-12"",""localizedStem"":""以下哪一项不是 Responsible AI 的原则？"",""memoryTip"":""复习“道德和负责任的人工智能”时，先定位题干关键词，再逐项核对定义和适用条件。"",""optionReasons"":{""A"":""“透明度”不是本题参考答案；审核时需结合原课程补充它与正确选项的具体差异。"",""B"":""“公平性”不是本题参考答案；审核时需结合原课程补充它与正确选项的具体差异。"",""C"":""在给定选项中，“聪明”最符合题干对“道德和负责任的人工智能”的描述或条件。""},""originalStem"":""Which of the following is not a principle of Responsible AI?"",""quality"":""structural_draft"",""requiresSubjectMatterReview"":true,""schemaVersion"":""quiz-explanation.v1"",""sourceUrls"":[""https://github.com/microsoft/AI-For-Beginners/blob/33e781bf7bfb9b39fd27c4e4a3e592669b52cb4b/etc/quiz-app/src/assets/translations/en/lesson-24.json""],""summary"":""本题考查“道德和负责任的人工智能”，参考答案为 C：“聪明”。""}",public_machine_translation,en-zh-candidate-2026-08-12,pending,pending,hold,,
item-d2b565e9468d9cb54780,item-version-aee07f59ae7be1c351a8,microsoft-ai-for-beginners,etc/quiz-app/src/assets/translations/en/lesson-24.json,json-5,33e781bf7bfb9b39fd27c4e4a3e592669b52cb4b,3beab44ac9832f4b06fe6bbac40d2d6c66884e1e9e2528ede8a8eda252ec2932,kp-ai-lesson-24,Ethical and Responsible AI,道德和负责任的人工智能,Accountability of an AI system means that,"there should be a human being involved in taking decisions, who can take responsibility",AI system should be held responsible for its actions,AI system developers should be held responsible,A,人工智能系统的责任意味着,应该有人参与决策并承担责任,人工智能系统应该对其行为负责,AI系统开发者应承担责任,本题考查“道德和负责任的人工智能”，参考答案为 A：“应该有人参与决策并承担责任”。,"{""correctOptionKey"":""A"",""correctReason"":""在给定选项中，“应该有人参与决策并承担责任”最符合题干对“道德和负责任的人工智能”的描述或条件。"",""generationMethod"":""machine_translation_plus_structural_template"",""generationVersion"":""en-zh-candidate-2026-08-12"",""localizedStem"":""人工智能系统的责任意味着"",""memoryTip"":""复习“道德和负责任的人工智能”时，先定位题干关键词，再逐项核对定义和适用条件。"",""optionReasons"":{""A"":""在给定选项中，“应该有人参与决策并承担责任”最符合题干对“道德和负责任的人工智能”的描述或条件。"",""B"":""“人工智能系统应该对其行为负责”不是本题参考答案；审核时需结合原课程补充它与正确选项的具体差异。"",""C"":""“AI系统开发者应承担责任”不是本题参考答案；审核时需结合原课程补充它与正确选项的具体差异。""},""originalStem"":""Accountability of an AI system means that"",""quality"":""structural_draft"",""requiresSubjectMatterReview"":true,""schemaVersion"":""quiz-explanation.v1"",""sourceUrls"":[""https://github.com/microsoft/AI-For-Beginners/blob/33e781bf7bfb9b39fd27c4e4a3e592669b52cb4b/etc/quiz-app/src/assets/translations/en/lesson-24.json""],""summary"":""本题考查“道德和负责任的人工智能”，参考答案为 A：“应该有人参与决策并承担责任”。""}",public_machine_translation,en-zh-candidate-2026-08-12,pending,pending,hold,,
item-99bea8a64e14b26dce0a,item-version-ebd623e1932977281b61,microsoft-ai-for-beginners,etc/quiz-app/src/assets/translations/en/lesson-24.json,json-6,33e781bf7bfb9b39fd27c4e4a3e592669b52cb4b,3beab44ac9832f4b06fe6bbac40d2d6c66884e1e9e2528ede8a8eda252ec2932,kp-ai-lesson-24,Ethical and Responsible AI,道德和负责任的人工智能,Model fairness is related to,Interpretability,Biases,Accountability,B,模型公平性与,可解释性,偏见,问责制,本题考查“道德和负责任的人工智能”，参考答案为 B：“偏见”。,"{""correctOptionKey"":""B"",""correctReason"":""在给定选项中，“偏见”最符合题干对“道德和负责任的人工智能”的描述或条件。"",""generationMethod"":""machine_translation_plus_structural_template"",""generationVersion"":""en-zh-candidate-2026-08-12"",""localizedStem"":""模型公平性与"",""memoryTip"":""复习“道德和负责任的人工智能”时，先定位题干关键词，再逐项核对定义和适用条件。"",""optionReasons"":{""A"":""“可解释性”不是本题参考答案；审核时需结合原课程补充它与正确选项的具体差异。"",""B"":""在给定选项中，“偏见”最符合题干对“道德和负责任的人工智能”的描述或条件。"",""C"":""“问责制”不是本题参考答案；审核时需结合原课程补充它与正确选项的具体差异。""},""originalStem"":""Model fairness is related to"",""quality"":""structural_draft"",""requiresSubjectMatterReview"":true,""schemaVersion"":""quiz-explanation.v1"",""sourceUrls"":[""https://github.com/microsoft/AI-For-Beginners/blob/33e781bf7bfb9b39fd27c4e4a3e592669b52cb4b/etc/quiz-app/src/assets/translations/en/lesson-24.json""],""summary"":""本题考查“道德和负责任的人工智能”，参考答案为 B：“偏见”。""}",public_machine_translation,en-zh-candidate-2026-08-12,pending,pending,hold,,
item-fe9de931f757a1fd91ec,item-version-aed5aab0dd414af066f0,microsoft-ai-for-beginners,etc/quiz-app/src/assets/translations/en/lesson-3.json,json-0,33e781bf7bfb9b39fd27c4e4a3e592669b52cb4b,d60713e1e20398002464f198801bd39bba61476efff3e206443a038fac553cab,kp-ai-lesson-03,Perceptron,感知器,Early neural networks required,manual weight adjusting,terabytes of data,special reasoning,A,需要早期的神经网络,手动重量调整,TB 级数据,特殊推理,本题考查“感知器”，参考答案为 A：“手动重量调整”。,"{""correctOptionKey"":""A"",""correctReason"":""在给定选项中，“手动重量调整”最符合题干对“感知器”的描述或条件。"",""generationMethod"":""machine_translation_plus_structural_template"",""generationVersion"":""en-zh-candidate-2026-08-12"",""localizedStem"":""需要早期的神经网络"",""memoryTip"":""复习“感知器”时，先定位题干关键词，再逐项核对定义和适用条件。"",""optionReasons"":{""A"":""在给定选项中，“手动重量调整”最符合题干对“感知器”的描述或条件。"",""B"":""“TB 级数据”不是本题参考答案；审核时需结合原课程补充它与正确选项的具体差异。"",""C"":""“特殊推理”不是本题参考答案；审核时需结合原课程补充它与正确选项的具体差异。""},""originalStem"":""Early neural networks required"",""quality"":""structural_draft"",""requiresSubjectMatterReview"":true,""schemaVersion"":""quiz-explanation.v1"",""sourceUrls"":[""https://github.com/microsoft/AI-For-Beginners/blob/33e781bf7bfb9b39fd27c4e4a3e592669b52cb4b/etc/quiz-app/src/assets/translations/en/lesson-3.json""],""summary"":""本题考查“感知器”，参考答案为 A：“手动重量调整”。""}",public_machine_translation,en-zh-candidate-2026-08-12,pending,pending,hold,,
item-0fe7701b06ed31e9da83,item-version-fa14e48dd93c4a4c4605,microsoft-ai-for-beginners,etc/quiz-app/src/assets/translations/en/lesson-3.json,json-1,33e781bf7bfb9b39fd27c4e4a3e592669b52cb4b,d60713e1e20398002464f198801bd39bba61476efff3e206443a038fac553cab,kp-ai-lesson-03,Perceptron,感知器,A simple neuron is also called a 'threshold logic unit',true,false,,A,简单的神经元也称为“阈值逻辑单元”,正确,错误,,本题考查“感知器”，参考答案为 A：“正确”。,"{""correctOptionKey"":""A"",""correctReason"":""该陈述与课程中“感知器”的说明一致，因此应选择“正确”。"",""generationMethod"":""machine_translation_plus_structural_template"",""generationVersion"":""en-zh-candidate-2026-08-12"",""localizedStem"":""简单的神经元也称为“阈值逻辑单元”"",""memoryTip"":""复习“感知器”时，先定位题干关键词，再逐项核对定义和适用条件。"",""optionReasons"":{""A"":""该陈述与课程中“感知器”的说明一致，因此应选择“正确”。"",""B"":""“错误”不是本题参考答案；审核时需结合原课程补充它与正确选项的具体差异。""},""originalStem"":""A simple neuron is also called a 'threshold logic unit'"",""quality"":""structural_draft"",""requiresSubjectMatterReview"":true,""schemaVersion"":""quiz-explanation.v1"",""sourceUrls"":[""https://github.com/microsoft/AI-For-Beginners/blob/33e781bf7bfb9b39fd27c4e4a3e592669b52cb4b/etc/quiz-app/src/assets/translations/en/lesson-3.json""],""summary"":""本题考查“感知器”，参考答案为 A：“正确”。""}",public_machine_translation,en-zh-candidate-2026-08-12,pending,pending,hold,,
item-b31900d947e6409f10d6,item-version-38d2f70e319e04d1e9d1,microsoft-ai-for-beginners,etc/quiz-app/src/assets/translations/en/lesson-3.json,json-2,33e781bf7bfb9b39fd27c4e4a3e592669b52cb4b,d60713e1e20398002464f198801bd39bba61476efff3e206443a038fac553cab,kp-ai-lesson-03,Perceptron,感知器,A perceptron is a ___ type of model,multi-class classification,clustering,binary classification,C,感知器是一种 ___ 类型的模型,多类分类,聚类,二元分类,本题考查“感知器”，参考答案为 C：“二元分类”。,"{""correctOptionKey"":""C"",""correctReason"":""根据“感知器”相关术语，题干空缺应填“二元分类”。"",""generationMethod"":""machine_translation_plus_structural_template"",""generationVersion"":""en-zh-candidate-2026-08-12"",""localizedStem"":""感知器是一种 ___ 类型的模型"",""memoryTip"":""复习“感知器”时，先定位题干关键词，再逐项核对定义和适用条件。"",""optionReasons"":{""A"":""“多类分类”不是本题参考答案；审核时需结合原课程补充它与正确选项的具体差异。"",""B"":""“聚类”不是本题参考答案；审核时需结合原课程补充它与正确选项的具体差异。"",""C"":""根据“感知器”相关术语，题干空缺应填“二元分类”。""},""originalStem"":""A perceptron is a ___ type of model"",""quality"":""structural_draft"",""requiresSubjectMatterReview"":true,""schemaVersion"":""quiz-explanation.v1"",""sourceUrls"":[""https://github.com/microsoft/AI-For-Beginners/blob/33e781bf7bfb9b39fd27c4e4a3e592669b52cb4b/etc/quiz-app/src/assets/translations/en/lesson-3.json""],""summary"":""本题考查“感知器”，参考答案为 C：“二元分类”。""}",public_machine_translation,en-zh-candidate-2026-08-12,pending,pending,hold,,
item-b3c71184df28df15eb30,item-version-d25ccabbdef8beb656f2,microsoft-ai-for-beginners,etc/quiz-app/src/assets/translations/en/lesson-3.json,json-3,33e781bf7bfb9b39fd27c4e4a3e592669b52cb4b,d60713e1e20398002464f198801bd39bba61476efff3e206443a038fac553cab,kp-ai-lesson-03,Perceptron,感知器,"To train a perceptron, find a weights vector that results in the smallest ___.",size,error,nodes,B,要训​​练感知器，请找到导致最小 ___ 的权重向量。,尺寸,错误,节点,本题考查“感知器”，参考答案为 B：“错误”。,"{""correctOptionKey"":""B"",""correctReason"":""根据“感知器”相关术语，题干空缺应填“错误”。"",""generationMethod"":""machine_translation_plus_structural_template"",""generationVersion"":""en-zh-candidate-2026-08-12"",""localizedStem"":""要训​​练感知器，请找到导致最小 ___ 的权重向量。"",""memoryTip"":""复习“感知器”时，先定位题干关键词，再逐项核对定义和适用条件。"",""optionReasons"":{""A"":""“尺寸”不是本题参考答案；审核时需结合原课程补充它与正确选项的具体差异。"",""B"":""根据“感知器”相关术语，题干空缺应填“错误”。"",""C"":""“节点”不是本题参考答案；审核时需结合原课程补充它与正确选项的具体差异。""},""originalStem"":""To train a perceptron, find a weights vector that results in the smallest ___."",""quality"":""structural_draft"",""requiresSubjectMatterReview"":true,""schemaVersion"":""quiz-explanation.v1"",""sourceUrls"":[""https://github.com/microsoft/AI-For-Beginners/blob/33e781bf7bfb9b39fd27c4e4a3e592669b52cb4b/etc/quiz-app/src/assets/translations/en/lesson-3.json""],""summary"":""本题考查“感知器”，参考答案为 B：“错误”。""}",public_machine_translation,en-zh-candidate-2026-08-12,pending,pending,hold,,
item-646fb9545ddeff07770b,item-version-cd6d43c23b5e4db2752d,microsoft-ai-for-beginners,etc/quiz-app/src/assets/translations/en/lesson-3.json,json-4,33e781bf7bfb9b39fd27c4e4a3e592669b52cb4b,d60713e1e20398002464f198801bd39bba61476efff3e206443a038fac553cab,kp-ai-lesson-03,Perceptron,感知器,"To minimize the function of weights, you can use gradient descent",true,false,,A,为了最小化权重的函数，可以使用梯度下降,正确,错误,,本题考查“感知器”，参考答案为 A：“正确”。,"{""correctOptionKey"":""A"",""correctReason"":""该陈述与课程中“感知器”的说明一致，因此应选择“正确”。"",""generationMethod"":""machine_translation_plus_structural_template"",""generationVersion"":""en-zh-candidate-2026-08-12"",""localizedStem"":""为了最小化权重的函数，可以使用梯度下降"",""memoryTip"":""复习“感知器”时，先定位题干关键词，再逐项核对定义和适用条件。"",""optionReasons"":{""A"":""该陈述与课程中“感知器”的说明一致，因此应选择“正确”。"",""B"":""“错误”不是本题参考答案；审核时需结合原课程补充它与正确选项的具体差异。""},""originalStem"":""To minimize the function of weights, you can use gradient descent"",""quality"":""structural_draft"",""requiresSubjectMatterReview"":true,""schemaVersion"":""quiz-explanation.v1"",""sourceUrls"":[""https://github.com/microsoft/AI-For-Beginners/blob/33e781bf7bfb9b39fd27c4e4a3e592669b52cb4b/etc/quiz-app/src/assets/translations/en/lesson-3.json""],""summary"":""本题考查“感知器”，参考答案为 A：“正确”。""}",public_machine_translation,en-zh-candidate-2026-08-12,pending,pending,hold,,
item-507467480fb300787540,item-version-d779f5ce6a4b889bbb8c,microsoft-ai-for-beginners,etc/quiz-app/src/assets/translations/en/lesson-3.json,json-5,33e781bf7bfb9b39fd27c4e4a3e592669b52cb4b,d60713e1e20398002464f198801bd39bba61476efff3e206443a038fac553cab,kp-ai-lesson-03,Perceptron,感知器,"During gradient descent, each step updates the ___",learning rate,weights,gradient,B,在梯度下降期间，每一步都会更新 ___,学习率,重量,渐变,本题考查“感知器”，参考答案为 B：“重量”。,"{""correctOptionKey"":""B"",""correctReason"":""根据“感知器”相关术语，题干空缺应填“重量”。"",""generationMethod"":""machine_translation_plus_structural_template"",""generationVersion"":""en-zh-candidate-2026-08-12"",""localizedStem"":""在梯度下降期间，每一步都会更新 ___"",""memoryTip"":""复习“感知器”时，先定位题干关键词，再逐项核对定义和适用条件。"",""optionReasons"":{""A"":""“学习率”不是本题参考答案；审核时需结合原课程补充它与正确选项的具体差异。"",""B"":""根据“感知器”相关术语，题干空缺应填“重量”。"",""C"":""“渐变”不是本题参考答案；审核时需结合原课程补充它与正确选项的具体差异。""},""originalStem"":""During gradient descent, each step updates the ___"",""quality"":""structural_draft"",""requiresSubjectMatterReview"":true,""schemaVersion"":""quiz-explanation.v1"",""sourceUrls"":[""https://github.com/microsoft/AI-For-Beginners/blob/33e781bf7bfb9b39fd27c4e4a3e592669b52cb4b/etc/quiz-app/src/assets/translations/en/lesson-3.json""],""summary"":""本题考查“感知器”，参考答案为 B：“重量”。""}",public_machine_translation,en-zh-candidate-2026-08-12,pending,pending,hold,,
item-7dd496fbc84de60bd4cb,item-version-09b19afd088ca762861f,microsoft-ai-for-beginners,etc/quiz-app/src/assets/translations/en/lesson-4.json,json-0,33e781bf7bfb9b39fd27c4e4a3e592669b52cb4b,c1454c4e661b0c270889248a8437e472d1751387b1af30d9a049eb84dd07fcbf,kp-ai-lesson-04,Neural Networks,神经网络,The quality of prediction is measured by Loss function,True,False,,A,预测的质量通过损失函数来衡量,正确,错误,,本题考查“神经网络”，参考答案为 A：“正确”。,"{""correctOptionKey"":""A"",""correctReason"":""该陈述与课程中“神经网络”的说明一致，因此应选择“正确”。"",""generationMethod"":""machine_translation_plus_structural_template"",""generationVersion"":""en-zh-candidate-2026-08-12"",""localizedStem"":""预测的质量通过损失函数来衡量"",""memoryTip"":""复习“神经网络”时，先定位题干关键词，再逐项核对定义和适用条件。"",""optionReasons"":{""A"":""该陈述与课程中“神经网络”的说明一致，因此应选择“正确”。"",""B"":""“错误”不是本题参考答案；审核时需结合原课程补充它与正确选项的具体差异。""},""originalStem"":""The quality of prediction is measured by Loss function"",""quality"":""structural_draft"",""requiresSubjectMatterReview"":true,""schemaVersion"":""quiz-explanation.v1"",""sourceUrls"":[""https://github.com/microsoft/AI-For-Beginners/blob/33e781bf7bfb9b39fd27c4e4a3e592669b52cb4b/etc/quiz-app/src/assets/translations/en/lesson-4.json""],""summary"":""本题考查“神经网络”，参考答案为 A：“正确”。""}",public_machine_translation,en-zh-candidate-2026-08-12,pending,pending,hold,,
item-26cee7ac640346e49bb1,item-version-5439ab60090235715ccb,microsoft-ai-for-beginners,etc/quiz-app/src/assets/translations/en/lesson-4.json,json-1,33e781bf7bfb9b39fd27c4e4a3e592669b52cb4b,c1454c4e661b0c270889248a8437e472d1751387b1af30d9a049eb84dd07fcbf,kp-ai-lesson-04,Neural Networks,神经网络,One layer network is capable of classifying ____,linearly joined classes,linearly separable classes,single layers of classes,B,一层网络能够分类____,线性连接类,线性可分类,单层类,本题考查“神经网络”，参考答案为 B：“线性可分类”。,"{""correctOptionKey"":""B"",""correctReason"":""根据“神经网络”相关术语，题干空缺应填“线性可分类”。"",""generationMethod"":""machine_translation_plus_structural_template"",""generationVersion"":""en-zh-candidate-2026-08-12"",""localizedStem"":""一层网络能够分类____"",""memoryTip"":""复习“神经网络”时，先定位题干关键词，再逐项核对定义和适用条件。"",""optionReasons"":{""A"":""“线性连接类”不是本题参考答案；审核时需结合原课程补充它与正确选项的具体差异。"",""B"":""根据“神经网络”相关术语，题干空缺应填“线性可分类”。"",""C"":""“单层类”不是本题参考答案；审核时需结合原课程补充它与正确选项的具体差异。""},""originalStem"":""One layer network is capable of classifying ____"",""quality"":""structural_draft"",""requiresSubjectMatterReview"":true,""schemaVersion"":""quiz-explanation.v1"",""sourceUrls"":[""https://github.com/microsoft/AI-For-Beginners/blob/33e781bf7bfb9b39fd27c4e4a3e592669b52cb4b/etc/quiz-app/src/assets/translations/en/lesson-4.json""],""summary"":""本题考查“神经网络”，参考答案为 B：“线性可分类”。""}",public_machine_translation,en-zh-candidate-2026-08-12,pending,pending,hold,,
item-26f75553147a1f135651,item-version-af8b4738f464ed598f90,microsoft-ai-for-beginners,etc/quiz-app/src/assets/translations/en/lesson-4.json,json-2,33e781bf7bfb9b39fd27c4e4a3e592669b52cb4b,c1454c4e661b0c270889248a8437e472d1751387b1af30d9a049eb84dd07fcbf,kp-ai-lesson-04,Neural Networks,神经网络,The method of training multi-layered perceptron is called ____,back propagation,multiple propagation,front propagation,A,训练多层感知器的方法称为____,反向传播,多重传播,前向传播,本题考查“神经网络”，参考答案为 A：“反向传播”。,"{""correctOptionKey"":""A"",""correctReason"":""根据“神经网络”相关术语，题干空缺应填“反向传播”。"",""generationMethod"":""machine_translation_plus_structural_template"",""generationVersion"":""en-zh-candidate-2026-08-12"",""localizedStem"":""训练多层感知器的方法称为____"",""memoryTip"":""复习“神经网络”时，先定位题干关键词，再逐项核对定义和适用条件。"",""optionReasons"":{""A"":""根据“神经网络”相关术语，题干空缺应填“反向传播”。"",""B"":""“多重传播”不是本题参考答案；审核时需结合原课程补充它与正确选项的具体差异。"",""C"":""“前向传播”不是本题参考答案；审核时需结合原课程补充它与正确选项的具体差异。""},""originalStem"":""The method of training multi-layered perceptron is called ____"",""quality"":""structural_draft"",""requiresSubjectMatterReview"":true,""schemaVersion"":""quiz-explanation.v1"",""sourceUrls"":[""https://github.com/microsoft/AI-For-Beginners/blob/33e781bf7bfb9b39fd27c4e4a3e592669b52cb4b/etc/quiz-app/src/assets/translations/en/lesson-4.json""],""summary"":""本题考查“神经网络”，参考答案为 A：“反向传播”。""}",public_machine_translation,en-zh-candidate-2026-08-12,pending,pending,hold,,
item-e87b8ef08036b0e4c4d3,item-version-152b0f4f009611c8e7c5,microsoft-ai-for-beginners,etc/quiz-app/src/assets/translations/en/lesson-4.json,json-3,33e781bf7bfb9b39fd27c4e4a3e592669b52cb4b,c1454c4e661b0c270889248a8437e472d1751387b1af30d9a049eb84dd07fcbf,kp-ai-lesson-04,Neural Networks,神经网络,We use ____ for regression loss functions,absolute error,mean squared error,all of the above,C,我们使用____作为回归损失函数,绝对误差,均方误差,以上全部,本题考查“神经网络”，参考答案为 C：“以上全部”。,"{""correctOptionKey"":""C"",""correctReason"":""根据“神经网络”相关术语，题干空缺应填“以上全部”。"",""generationMethod"":""machine_translation_plus_structural_template"",""generationVersion"":""en-zh-candidate-2026-08-12"",""localizedStem"":""我们使用____作为回归损失函数"",""memoryTip"":""复习“神经网络”时，先定位题干关键词，再逐项核对定义和适用条件。"",""optionReasons"":{""A"":""“绝对误差”不是本题参考答案；审核时需结合原课程补充它与正确选项的具体差异。"",""B"":""“均方误差”不是本题参考答案；审核时需结合原课程补充它与正确选项的具体差异。"",""C"":""根据“神经网络”相关术语，题干空缺应填“以上全部”。""},""originalStem"":""We use ____ for regression loss functions"",""quality"":""structural_draft"",""requiresSubjectMatterReview"":true,""schemaVersion"":""quiz-explanation.v1"",""sourceUrls"":[""https://github.com/microsoft/AI-For-Beginners/blob/33e781bf7bfb9b39fd27c4e4a3e592669b52cb4b/etc/quiz-app/src/assets/translations/en/lesson-4.json""],""summary"":""本题考查“神经网络”，参考答案为 C：“以上全部”。""}",public_machine_translation,en-zh-candidate-2026-08-12,pending,pending,hold,,
item-5f74c27ca56dbec045c7,item-version-2bc08fb7220729204c1a,microsoft-ai-for-beginners,etc/quiz-app/src/assets/translations/en/lesson-4.json,json-4,33e781bf7bfb9b39fd27c4e4a3e592669b52cb4b,c1454c4e661b0c270889248a8437e472d1751387b1af30d9a049eb84dd07fcbf,kp-ai-lesson-04,Neural Networks,神经网络,All but one is a type of classification loss function,0-1 loss,binary loss,logistic loss,B,除了一个之外，其他都是一种分类损失函数,0-1负,二元损失,物流损失,本题考查“神经网络”，参考答案为 B：“二元损失”。,"{""correctOptionKey"":""B"",""correctReason"":""在给定选项中，“二元损失”最符合题干对“神经网络”的描述或条件。"",""generationMethod"":""machine_translation_plus_structural_template"",""generationVersion"":""en-zh-candidate-2026-08-12"",""localizedStem"":""除了一个之外，其他都是一种分类损失函数"",""memoryTip"":""复习“神经网络”时，先定位题干关键词，再逐项核对定义和适用条件。"",""optionReasons"":{""A"":""“0-1负”不是本题参考答案；审核时需结合原课程补充它与正确选项的具体差异。"",""B"":""在给定选项中，“二元损失”最符合题干对“神经网络”的描述或条件。"",""C"":""“物流损失”不是本题参考答案；审核时需结合原课程补充它与正确选项的具体差异。""},""originalStem"":""All but one is a type of classification loss function"",""quality"":""structural_draft"",""requiresSubjectMatterReview"":true,""schemaVersion"":""quiz-explanation.v1"",""sourceUrls"":[""https://github.com/microsoft/AI-For-Beginners/blob/33e781bf7bfb9b39fd27c4e4a3e592669b52cb4b/etc/quiz-app/src/assets/translations/en/lesson-4.json""],""summary"":""本题考查“神经网络”，参考答案为 B：“二元损失”。""}",public_machine_translation,en-zh-candidate-2026-08-12,pending,pending,hold,,
item-45f327692b723e4decb7,item-version-471087a24992002795cf,microsoft-ai-for-beginners,etc/quiz-app/src/assets/translations/en/lesson-4.json,json-5,33e781bf7bfb9b39fd27c4e4a3e592669b52cb4b,c1454c4e661b0c270889248a8437e472d1751387b1af30d9a049eb84dd07fcbf,kp-ai-lesson-04,Neural Networks,神经网络,Cross-entropy loss is a function that can calculate similarity between two arbitrary probability distributions,True,False,,A,交叉熵损失是一个可以计算两个任意概率分布之间相似度的函数,正确,错误,,本题考查“神经网络”，参考答案为 A：“正确”。,"{""correctOptionKey"":""A"",""correctReason"":""该陈述与课程中“神经网络”的说明一致，因此应选择“正确”。"",""generationMethod"":""machine_translation_plus_structural_template"",""generationVersion"":""en-zh-candidate-2026-08-12"",""localizedStem"":""交叉熵损失是一个可以计算两个任意概率分布之间相似度的函数"",""memoryTip"":""复习“神经网络”时，先定位题干关键词，再逐项核对定义和适用条件。"",""optionReasons"":{""A"":""该陈述与课程中“神经网络”的说明一致，因此应选择“正确”。"",""B"":""“错误”不是本题参考答案；审核时需结合原课程补充它与正确选项的具体差异。""},""originalStem"":""Cross-entropy loss is a function that can calculate similarity between two arbitrary probability distributions"",""quality"":""structural_draft"",""requiresSubjectMatterReview"":true,""schemaVersion"":""quiz-explanation.v1"",""sourceUrls"":[""https://github.com/microsoft/AI-For-Beginners/blob/33e781bf7bfb9b39fd27c4e4a3e592669b52cb4b/etc/quiz-app/src/assets/translations/en/lesson-4.json""],""summary"":""本题考查“神经网络”，参考答案为 A：“正确”。""}",public_machine_translation,en-zh-candidate-2026-08-12,pending,pending,hold,,
item-2cdb6f399823581f2110,item-version-7bdae6fae7e4962df06d,microsoft-ai-for-beginners,etc/quiz-app/src/assets/translations/en/lesson-5.json,json-0,33e781bf7bfb9b39fd27c4e4a3e592669b52cb4b,5bd97b12a3c6b112d7589956dcba966382d19623d3a0820c8abdb6fb81f4bc61,kp-ai-lesson-05,Deep Learning Frameworks,深度学习框架,Deep Neural Network training requires a lot of computations,True,False,,A,深度神经网络训练需要大量计算,正确,错误,,本题考查“深度学习框架”，参考答案为 A：“正确”。,"{""correctOptionKey"":""A"",""correctReason"":""该陈述与课程中“深度学习框架”的说明一致，因此应选择“正确”。"",""generationMethod"":""machine_translation_plus_structural_template"",""generationVersion"":""en-zh-candidate-2026-08-12"",""localizedStem"":""深度神经网络训练需要大量计算"",""memoryTip"":""复习“深度学习框架”时，先定位题干关键词，再逐项核对定义和适用条件。"",""optionReasons"":{""A"":""该陈述与课程中“深度学习框架”的说明一致，因此应选择“正确”。"",""B"":""“错误”不是本题参考答案；审核时需结合原课程补充它与正确选项的具体差异。""},""originalStem"":""Deep Neural Network training requires a lot of computations"",""quality"":""structural_draft"",""requiresSubjectMatterReview"":true,""schemaVersion"":""quiz-explanation.v1"",""sourceUrls"":[""https://github.com/microsoft/AI-For-Beginners/blob/33e781bf7bfb9b39fd27c4e4a3e592669b52cb4b/etc/quiz-app/src/assets/translations/en/lesson-5.json""],""summary"":""本题考查“深度学习框架”，参考答案为 A：“正确”。""}",public_machine_translation,en-zh-candidate-2026-08-12,pending,pending,hold,,
item-1e9aa13b860d330a0edc,item-version-fc9a7ab416840a7ba319,microsoft-ai-for-beginners,etc/quiz-app/src/assets/translations/en/lesson-5.json,json-1,33e781bf7bfb9b39fd27c4e4a3e592669b52cb4b,5bd97b12a3c6b112d7589956dcba966382d19623d3a0820c8abdb6fb81f4bc61,kp-ai-lesson-05,Deep Learning Frameworks,深度学习框架,Overfitting occurs because of ____,Not enough testing data,Too powerful model,Too much noise in output data,B,发生过拟合的原因是____,测试数据不足,模型太给力了,输出数据中噪声过多,本题考查“深度学习框架”，参考答案为 B：“模型太给力了”。,"{""correctOptionKey"":""B"",""correctReason"":""根据“深度学习框架”相关术语，题干空缺应填“模型太给力了”。"",""generationMethod"":""machine_translation_plus_structural_template"",""generationVersion"":""en-zh-candidate-2026-08-12"",""localizedStem"":""发生过拟合的原因是____"",""memoryTip"":""复习“深度学习框架”时，先定位题干关键词，再逐项核对定义和适用条件。"",""optionReasons"":{""A"":""“测试数据不足”不是本题参考答案；审核时需结合原课程补充它与正确选项的具体差异。"",""B"":""根据“深度学习框架”相关术语，题干空缺应填“模型太给力了”。"",""C"":""“输出数据中噪声过多”不是本题参考答案；审核时需结合原课程补充它与正确选项的具体差异。""},""originalStem"":""Overfitting occurs because of ____"",""quality"":""structural_draft"",""requiresSubjectMatterReview"":true,""schemaVersion"":""quiz-explanation.v1"",""sourceUrls"":[""https://github.com/microsoft/AI-For-Beginners/blob/33e781bf7bfb9b39fd27c4e4a3e592669b52cb4b/etc/quiz-app/src/assets/translations/en/lesson-5.json""],""summary"":""本题考查“深度学习框架”，参考答案为 B：“模型太给力了”。""}",public_machine_translation,en-zh-candidate-2026-08-12,pending,pending,hold,,
item-959ea57d4eccbb67e99c,item-version-6a399420d11e6f38a8e7,microsoft-ai-for-beginners,etc/quiz-app/src/assets/translations/en/lesson-5.json,json-2,33e781bf7bfb9b39fd27c4e4a3e592669b52cb4b,5bd97b12a3c6b112d7589956dcba966382d19623d3a0820c8abdb6fb81f4bc61,kp-ai-lesson-05,Deep Learning Frameworks,深度学习框架,Bias errors are caused by our ____ not being able to capture the relationship between training data correctly.,model,algorithm,computer,B,偏差错误是由于我们____无法正确捕获训练数据之间的关系而引起的。,模型,算法,电脑,本题考查“深度学习框架”，参考答案为 B：“算法”。,"{""correctOptionKey"":""B"",""correctReason"":""根据“深度学习框架”相关术语，题干空缺应填“算法”。"",""generationMethod"":""machine_translation_plus_structural_template"",""generationVersion"":""en-zh-candidate-2026-08-12"",""localizedStem"":""偏差错误是由于我们____无法正确捕获训练数据之间的关系而引起的。"",""memoryTip"":""复习“深度学习框架”时，先定位题干关键词，再逐项核对定义和适用条件。"",""optionReasons"":{""A"":""“模型”不是本题参考答案；审核时需结合原课程补充它与正确选项的具体差异。"",""B"":""根据“深度学习框架”相关术语，题干空缺应填“算法”。"",""C"":""“电脑”不是本题参考答案；审核时需结合原课程补充它与正确选项的具体差异。""},""originalStem"":""Bias errors are caused by our ____ not being able to capture the relationship between training data correctly."",""quality"":""structural_draft"",""requiresSubjectMatterReview"":true,""schemaVersion"":""quiz-explanation.v1"",""sourceUrls"":[""https://github.com/microsoft/AI-For-Beginners/blob/33e781bf7bfb9b39fd27c4e4a3e592669b52cb4b/etc/quiz-app/src/assets/translations/en/lesson-5.json""],""summary"":""本题考查“深度学习框架”，参考答案为 B：“算法”。""}",public_machine_translation,en-zh-candidate-2026-08-12,pending,pending,hold,,
item-bf93840a01e6c3027060,item-version-c8b598509dec5a662cb4,microsoft-ai-for-beginners,etc/quiz-app/src/assets/translations/en/lesson-5.json,json-3,33e781bf7bfb9b39fd27c4e4a3e592669b52cb4b,5bd97b12a3c6b112d7589956dcba966382d19623d3a0820c8abdb6fb81f4bc61,kp-ai-lesson-05,Deep Learning Frameworks,深度学习框架,"After compiling our model object, we train by calling ____ function",fit,train,teach,A,编译模型对象后，我们通过调用____函数进行训练,适合,火车,教,本题考查“深度学习框架”，参考答案为 A：“适合”。,"{""correctOptionKey"":""A"",""correctReason"":""根据“深度学习框架”相关术语，题干空缺应填“适合”。"",""generationMethod"":""machine_translation_plus_structural_template"",""generationVersion"":""en-zh-candidate-2026-08-12"",""localizedStem"":""编译模型对象后，我们通过调用____函数进行训练"",""memoryTip"":""复习“深度学习框架”时，先定位题干关键词，再逐项核对定义和适用条件。"",""optionReasons"":{""A"":""根据“深度学习框架”相关术语，题干空缺应填“适合”。"",""B"":""“火车”不是本题参考答案；审核时需结合原课程补充它与正确选项的具体差异。"",""C"":""“教”不是本题参考答案；审核时需结合原课程补充它与正确选项的具体差异。""},""originalStem"":""After compiling our model object, we train by calling ____ function"",""quality"":""structural_draft"",""requiresSubjectMatterReview"":true,""schemaVersion"":""quiz-explanation.v1"",""sourceUrls"":[""https://github.com/microsoft/AI-For-Beginners/blob/33e781bf7bfb9b39fd27c4e4a3e592669b52cb4b/etc/quiz-app/src/assets/translations/en/lesson-5.json""],""summary"":""本题考查“深度学习框架”，参考答案为 A：“适合”。""}",public_machine_translation,en-zh-candidate-2026-08-12,pending,pending,hold,,
item-71c70d414b6758d7b748,item-version-aaa26287c216c67dd5c5,microsoft-ai-for-beginners,etc/quiz-app/src/assets/translations/en/lesson-5.json,json-4,33e781bf7bfb9b39fd27c4e4a3e592669b52cb4b,5bd97b12a3c6b112d7589956dcba966382d19623d3a0820c8abdb6fb81f4bc61,kp-ai-lesson-05,Deep Learning Frameworks,深度学习框架,Binary cross-entropy is also called log loss,True,False,,A,二元交叉熵也称为对数损失,正确,错误,,本题考查“深度学习框架”，参考答案为 A：“正确”。,"{""correctOptionKey"":""A"",""correctReason"":""该陈述与课程中“深度学习框架”的说明一致，因此应选择“正确”。"",""generationMethod"":""machine_translation_plus_structural_template"",""generationVersion"":""en-zh-candidate-2026-08-12"",""localizedStem"":""二元交叉熵也称为对数损失"",""memoryTip"":""复习“深度学习框架”时，先定位题干关键词，再逐项核对定义和适用条件。"",""optionReasons"":{""A"":""该陈述与课程中“深度学习框架”的说明一致，因此应选择“正确”。"",""B"":""“错误”不是本题参考答案；审核时需结合原课程补充它与正确选项的具体差异。""},""originalStem"":""Binary cross-entropy is also called log loss"",""quality"":""structural_draft"",""requiresSubjectMatterReview"":true,""schemaVersion"":""quiz-explanation.v1"",""sourceUrls"":[""https://github.com/microsoft/AI-For-Beginners/blob/33e781bf7bfb9b39fd27c4e4a3e592669b52cb4b/etc/quiz-app/src/assets/translations/en/lesson-5.json""],""summary"":""本题考查“深度学习框架”，参考答案为 A：“正确”。""}",public_machine_translation,en-zh-candidate-2026-08-12,pending,pending,hold,,
item-593e83d3528252097631,item-version-c258aca27117407be3f5,microsoft-ai-for-beginners,etc/quiz-app/src/assets/translations/en/lesson-5.json,json-5,33e781bf7bfb9b39fd27c4e4a3e592669b52cb4b,5bd97b12a3c6b112d7589956dcba966382d19623d3a0820c8abdb6fb81f4bc61,kp-ai-lesson-05,Deep Learning Frameworks,深度学习框架,TensorFlow is to ____ while PyTorch is to ____,"Facebook, Google","Google, Facebook","Microsoft, Google",B,TensorFlow 旨在 ____，而 PyTorch 旨在 ____,脸书、谷歌,谷歌、脸书,微软、谷歌,本题考查“深度学习框架”，参考答案为 B：“谷歌、脸书”。,"{""correctOptionKey"":""B"",""correctReason"":""根据“深度学习框架”相关术语，题干空缺应填“谷歌、脸书”。"",""generationMethod"":""machine_translation_plus_structural_template"",""generationVersion"":""en-zh-candidate-2026-08-12"",""localizedStem"":""TensorFlow 旨在 ____，而 PyTorch 旨在 ____"",""memoryTip"":""复习“深度学习框架”时，先定位题干关键词，再逐项核对定义和适用条件。"",""optionReasons"":{""A"":""“脸书、谷歌”不是本题参考答案；审核时需结合原课程补充它与正确选项的具体差异。"",""B"":""根据“深度学习框架”相关术语，题干空缺应填“谷歌、脸书”。"",""C"":""“微软、谷歌”不是本题参考答案；审核时需结合原课程补充它与正确选项的具体差异。""},""originalStem"":""TensorFlow is to ____ while PyTorch is to ____"",""quality"":""structural_draft"",""requiresSubjectMatterReview"":true,""schemaVersion"":""quiz-explanation.v1"",""sourceUrls"":[""https://github.com/microsoft/AI-For-Beginners/blob/33e781bf7bfb9b39fd27c4e4a3e592669b52cb4b/etc/quiz-app/src/assets/translations/en/lesson-5.json""],""summary"":""本题考查“深度学习框架”，参考答案为 B：“谷歌、脸书”。""}",public_machine_translation,en-zh-candidate-2026-08-12,pending,pending,hold,,
item-239582beee2564aa94e0,item-version-070de2bab1299452bf93,microsoft-ai-for-beginners,etc/quiz-app/src/assets/translations/en/lesson-6.json,json-0,33e781bf7bfb9b39fd27c4e4a3e592669b52cb4b,25382db5e646f672ee1b3752147aff737bdd6376a42277c6d1571a731e565bfc,kp-ai-lesson-06,Introduction to Computer Vision,计算机视觉简介,Computer vision aims to allow computers gain understanding of _____,images,text,computers,A,计算机视觉旨在让计算机了解_____,图片,文字,电脑,本题考查“计算机视觉简介”，参考答案为 A：“图片”。,"{""correctOptionKey"":""A"",""correctReason"":""根据“计算机视觉简介”相关术语，题干空缺应填“图片”。"",""generationMethod"":""machine_translation_plus_structural_template"",""generationVersion"":""en-zh-candidate-2026-08-12"",""localizedStem"":""计算机视觉旨在让计算机了解_____"",""memoryTip"":""复习“计算机视觉简介”时，先定位题干关键词，再逐项核对定义和适用条件。"",""optionReasons"":{""A"":""根据“计算机视觉简介”相关术语，题干空缺应填“图片”。"",""B"":""“文字”不是本题参考答案；审核时需结合原课程补充它与正确选项的具体差异。"",""C"":""“电脑”不是本题参考答案；审核时需结合原课程补充它与正确选项的具体差异。""},""originalStem"":""Computer vision aims to allow computers gain understanding of _____"",""quality"":""structural_draft"",""requiresSubjectMatterReview"":true,""schemaVersion"":""quiz-explanation.v1"",""sourceUrls"":[""https://github.com/microsoft/AI-For-Beginners/blob/33e781bf7bfb9b39fd27c4e4a3e592669b52cb4b/etc/quiz-app/src/assets/translations/en/lesson-6.json""],""summary"":""本题考查“计算机视觉简介”，参考答案为 A：“图片”。""}",public_machine_translation,en-zh-candidate-2026-08-12,pending,pending,hold,,
item-9a9ff43a274b9d790d39,item-version-3c165cffb283a9001eb6,microsoft-ai-for-beginners,etc/quiz-app/src/assets/translations/en/lesson-6.json,json-1,33e781bf7bfb9b39fd27c4e4a3e592669b52cb4b,25382db5e646f672ee1b3752147aff737bdd6376a42277c6d1571a731e565bfc,kp-ai-lesson-06,Introduction to Computer Vision,计算机视觉简介,Python libraries available for image processing includes,OpenCV,Pillow,a and b,C,可用于图像处理的 Python 库包括,开放式计算机视觉,枕头,A 和 B,本题考查“计算机视觉简介”，参考答案为 C：“A 和 B”。,"{""correctOptionKey"":""C"",""correctReason"":""在给定选项中，“A 和 B”最符合题干对“计算机视觉简介”的描述或条件。"",""generationMethod"":""machine_translation_plus_structural_template"",""generationVersion"":""en-zh-candidate-2026-08-12"",""localizedStem"":""可用于图像处理的 Python 库包括"",""memoryTip"":""复习“计算机视觉简介”时，先定位题干关键词，再逐项核对定义和适用条件。"",""optionReasons"":{""A"":""“开放式计算机视觉”不是本题参考答案；审核时需结合原课程补充它与正确选项的具体差异。"",""B"":""“枕头”不是本题参考答案；审核时需结合原课程补充它与正确选项的具体差异。"",""C"":""在给定选项中，“A 和 B”最符合题干对“计算机视觉简介”的描述或条件。""},""originalStem"":""Python libraries available for image processing includes"",""quality"":""structural_draft"",""requiresSubjectMatterReview"":true,""schemaVersion"":""quiz-explanation.v1"",""sourceUrls"":[""https://github.com/microsoft/AI-For-Beginners/blob/33e781bf7bfb9b39fd27c4e4a3e592669b52cb4b/etc/quiz-app/src/assets/translations/en/lesson-6.json""],""summary"":""本题考查“计算机视觉简介”，参考答案为 C：“A 和 B”。""}",public_machine_translation,en-zh-candidate-2026-08-12,pending,pending,hold,,
item-4e478e051095d5320cb5,item-version-0e1a65d24c3208020f13,microsoft-ai-for-beginners,etc/quiz-app/src/assets/translations/en/lesson-6.json,json-2,33e781bf7bfb9b39fd27c4e4a3e592669b52cb4b,25382db5e646f672ee1b3752147aff737bdd6376a42277c6d1571a731e565bfc,kp-ai-lesson-06,Introduction to Computer Vision,计算机视觉简介,Images cannot be represented as NumPy arrays in Python,true,False,,B,图像无法在 Python 中表示为 NumPy 数组,正确,错误,,本题考查“计算机视觉简介”，参考答案为 B：“错误”。,"{""correctOptionKey"":""B"",""correctReason"":""该陈述与课程中“计算机视觉简介”的说明不一致，因此应选择“错误”。"",""generationMethod"":""machine_translation_plus_structural_template"",""generationVersion"":""en-zh-candidate-2026-08-12"",""localizedStem"":""图像无法在 Python 中表示为 NumPy 数组"",""memoryTip"":""复习“计算机视觉简介”时，先定位题干关键词，再逐项核对定义和适用条件。"",""optionReasons"":{""A"":""“正确”不是本题参考答案；审核时需结合原课程补充它与正确选项的具体差异。"",""B"":""该陈述与课程中“计算机视觉简介”的说明不一致，因此应选择“错误”。""},""originalStem"":""Images cannot be represented as NumPy arrays in Python"",""quality"":""structural_draft"",""requiresSubjectMatterReview"":true,""schemaVersion"":""quiz-explanation.v1"",""sourceUrls"":[""https://github.com/microsoft/AI-For-Beginners/blob/33e781bf7bfb9b39fd27c4e4a3e592669b52cb4b/etc/quiz-app/src/assets/translations/en/lesson-6.json""],""summary"":""本题考查“计算机视觉简介”，参考答案为 B：“错误”。""}",public_machine_translation,en-zh-candidate-2026-08-12,pending,pending,hold,,
item-3f18720088806adf8459,item-version-dcc61635d0539864061c,microsoft-ai-for-beginners,etc/quiz-app/src/assets/translations/en/lesson-6.json,json-3,33e781bf7bfb9b39fd27c4e4a3e592669b52cb4b,25382db5e646f672ee1b3752147aff737bdd6376a42277c6d1571a731e565bfc,kp-ai-lesson-06,Introduction to Computer Vision,计算机视觉简介,Optical Flow helps us to understand how each pixel on video frames move.,true,false,,A,光流帮助我们了解视频帧上的每个像素如何移动。,正确,错误,,本题考查“计算机视觉简介”，参考答案为 A：“正确”。,"{""correctOptionKey"":""A"",""correctReason"":""该陈述与课程中“计算机视觉简介”的说明一致，因此应选择“正确”。"",""generationMethod"":""machine_translation_plus_structural_template"",""generationVersion"":""en-zh-candidate-2026-08-12"",""localizedStem"":""光流帮助我们了解视频帧上的每个像素如何移动。"",""memoryTip"":""复习“计算机视觉简介”时，先定位题干关键词，再逐项核对定义和适用条件。"",""optionReasons"":{""A"":""该陈述与课程中“计算机视觉简介”的说明一致，因此应选择“正确”。"",""B"":""“错误”不是本题参考答案；审核时需结合原课程补充它与正确选项的具体差异。""},""originalStem"":""Optical Flow helps us to understand how each pixel on video frames move."",""quality"":""structural_draft"",""requiresSubjectMatterReview"":true,""schemaVersion"":""quiz-explanation.v1"",""sourceUrls"":[""https://github.com/microsoft/AI-For-Beginners/blob/33e781bf7bfb9b39fd27c4e4a3e592669b52cb4b/etc/quiz-app/src/assets/translations/en/lesson-6.json""],""summary"":""本题考查“计算机视觉简介”，参考答案为 A：“正确”。""}",public_machine_translation,en-zh-candidate-2026-08-12,pending,pending,hold,,
item-0ef44c836927ab8867ac,item-version-194672612c3d15c9e0cb,microsoft-ai-for-beginners,etc/quiz-app/src/assets/translations/en/lesson-6.json,json-4,33e781bf7bfb9b39fd27c4e4a3e592669b52cb4b,25382db5e646f672ee1b3752147aff737bdd6376a42277c6d1571a731e565bfc,kp-ai-lesson-06,Introduction to Computer Vision,计算机视觉简介,_____ computes the vector field that shows where each pixel is moving,Sparse Optical Flow,Dense Optical Flow,none,B,_____ 计算显示每个像素移动位置的矢量场,稀疏光流,密集光流,无,本题考查“计算机视觉简介”，参考答案为 B：“密集光流”。,"{""correctOptionKey"":""B"",""correctReason"":""根据“计算机视觉简介”相关术语，题干空缺应填“密集光流”。"",""generationMethod"":""machine_translation_plus_structural_template"",""generationVersion"":""en-zh-candidate-2026-08-12"",""localizedStem"":""_____ 计算显示每个像素移动位置的矢量场"",""memoryTip"":""复习“计算机视觉简介”时，先定位题干关键词，再逐项核对定义和适用条件。"",""optionReasons"":{""A"":""“稀疏光流”不是本题参考答案；审核时需结合原课程补充它与正确选项的具体差异。"",""B"":""根据“计算机视觉简介”相关术语，题干空缺应填“密集光流”。"",""C"":""“无”不是本题参考答案；审核时需结合原课程补充它与正确选项的具体差异。""},""originalStem"":""_____ computes the vector field that shows where each pixel is moving"",""quality"":""structural_draft"",""requiresSubjectMatterReview"":true,""schemaVersion"":""quiz-explanation.v1"",""sourceUrls"":[""https://github.com/microsoft/AI-For-Beginners/blob/33e781bf7bfb9b39fd27c4e4a3e592669b52cb4b/etc/quiz-app/src/assets/translations/en/lesson-6.json""],""summary"":""本题考查“计算机视觉简介”，参考答案为 B：“密集光流”。""}",public_machine_translation,en-zh-candidate-2026-08-12,pending,pending,hold,,
item-846a82235debf3d105fb,item-version-84c96318bf23b62bc105,microsoft-ai-for-beginners,etc/quiz-app/src/assets/translations/en/lesson-6.json,json-5,33e781bf7bfb9b39fd27c4e4a3e592669b52cb4b,25382db5e646f672ee1b3752147aff737bdd6376a42277c6d1571a731e565bfc,kp-ai-lesson-06,Introduction to Computer Vision,计算机视觉简介,Resizing and Blurring are steps that can be taken during?,pre-processing,training,image transformation,A,调整大小和模糊是可以在期间采取的步骤？,预处理,培训,图像变换,本题考查“计算机视觉简介”，参考答案为 A：“预处理”。,"{""correctOptionKey"":""A"",""correctReason"":""在给定选项中，“预处理”最符合题干对“计算机视觉简介”的描述或条件。"",""generationMethod"":""machine_translation_plus_structural_template"",""generationVersion"":""en-zh-candidate-2026-08-12"",""localizedStem"":""调整大小和模糊是可以在期间采取的步骤？"",""memoryTip"":""复习“计算机视觉简介”时，先定位题干关键词，再逐项核对定义和适用条件。"",""optionReasons"":{""A"":""在给定选项中，“预处理”最符合题干对“计算机视觉简介”的描述或条件。"",""B"":""“培训”不是本题参考答案；审核时需结合原课程补充它与正确选项的具体差异。"",""C"":""“图像变换”不是本题参考答案；审核时需结合原课程补充它与正确选项的具体差异。""},""originalStem"":""Resizing and Blurring are steps that can be taken during?"",""quality"":""structural_draft"",""requiresSubjectMatterReview"":true,""schemaVersion"":""quiz-explanation.v1"",""sourceUrls"":[""https://github.com/microsoft/AI-For-Beginners/blob/33e781bf7bfb9b39fd27c4e4a3e592669b52cb4b/etc/quiz-app/src/assets/translations/en/lesson-6.json""],""summary"":""本题考查“计算机视觉简介”，参考答案为 A：“预处理”。""}",public_machine_translation,en-zh-candidate-2026-08-12,pending,pending,hold,,
item-688d5e352f07de01bbcd,item-version-32721c22ce51bd4b5ee3,microsoft-ai-for-beginners,etc/quiz-app/src/assets/translations/en/lesson-7.json,json-0,33e781bf7bfb9b39fd27c4e4a3e592669b52cb4b,814860f1b4da72aa7fe07f1d4bbaa2c6512e170ec426903014e9f2c4d88dc8aa,kp-ai-lesson-07,Convolutional Neural Networks,卷积神经网络,To extract patterns from images we use?,convolutional filters,extractor,filters,A,从我们使用的图像中提取模式？,卷积滤波器,提取器,过滤器,本题考查“卷积神经网络”，参考答案为 A：“卷积滤波器”。,"{""correctOptionKey"":""A"",""correctReason"":""在给定选项中，“卷积滤波器”最符合题干对“卷积神经网络”的描述或条件。"",""generationMethod"":""machine_translation_plus_structural_template"",""generationVersion"":""en-zh-candidate-2026-08-12"",""localizedStem"":""从我们使用的图像中提取模式？"",""memoryTip"":""复习“卷积神经网络”时，先定位题干关键词，再逐项核对定义和适用条件。"",""optionReasons"":{""A"":""在给定选项中，“卷积滤波器”最符合题干对“卷积神经网络”的描述或条件。"",""B"":""“提取器”不是本题参考答案；审核时需结合原课程补充它与正确选项的具体差异。"",""C"":""“过滤器”不是本题参考答案；审核时需结合原课程补充它与正确选项的具体差异。""},""originalStem"":""To extract patterns from images we use?"",""quality"":""structural_draft"",""requiresSubjectMatterReview"":true,""schemaVersion"":""quiz-explanation.v1"",""sourceUrls"":[""https://github.com/microsoft/AI-For-Beginners/blob/33e781bf7bfb9b39fd27c4e4a3e592669b52cb4b/etc/quiz-app/src/assets/translations/en/lesson-7.json""],""summary"":""本题考查“卷积神经网络”，参考答案为 A：“卷积滤波器”。""}",public_machine_translation,en-zh-candidate-2026-08-12,pending,pending,hold,,
item-9134c70a507c0fa2b03b,item-version-f9475ca83cc9bfa5fbe4,microsoft-ai-for-beginners,etc/quiz-app/src/assets/translations/en/lesson-7.json,json-1,33e781bf7bfb9b39fd27c4e4a3e592669b52cb4b,814860f1b4da72aa7fe07f1d4bbaa2c6512e170ec426903014e9f2c4d88dc8aa,kp-ai-lesson-07,Convolutional Neural Networks,卷积神经网络,One of these is not a CNN Architecture,ResNet,MobileNet,TensorFlow,C,其中之一不是 CNN 架构,残差网络,移动网络,TensorFlow,本题考查“卷积神经网络”，参考答案为 C：“TensorFlow”。,"{""correctOptionKey"":""C"",""correctReason"":""在给定选项中，“TensorFlow”最符合题干对“卷积神经网络”的描述或条件。"",""generationMethod"":""machine_translation_plus_structural_template"",""generationVersion"":""en-zh-candidate-2026-08-12"",""localizedStem"":""其中之一不是 CNN 架构"",""memoryTip"":""复习“卷积神经网络”时，先定位题干关键词，再逐项核对定义和适用条件。"",""optionReasons"":{""A"":""“残差网络”不是本题参考答案；审核时需结合原课程补充它与正确选项的具体差异。"",""B"":""“移动网络”不是本题参考答案；审核时需结合原课程补充它与正确选项的具体差异。"",""C"":""在给定选项中，“TensorFlow”最符合题干对“卷积神经网络”的描述或条件。""},""originalStem"":""One of these is not a CNN Architecture"",""quality"":""structural_draft"",""requiresSubjectMatterReview"":true,""schemaVersion"":""quiz-explanation.v1"",""sourceUrls"":[""https://github.com/microsoft/AI-For-Beginners/blob/33e781bf7bfb9b39fd27c4e4a3e592669b52cb4b/etc/quiz-app/src/assets/translations/en/lesson-7.json""],""summary"":""本题考查“卷积神经网络”，参考答案为 C：“TensorFlow”。""}",public_machine_translation,en-zh-candidate-2026-08-12,pending,pending,hold,,
item-6e3b002b7c0f1d16815b,item-version-2533759e8d4867317dd8,microsoft-ai-for-beginners,etc/quiz-app/src/assets/translations/en/lesson-7.json,json-2,33e781bf7bfb9b39fd27c4e4a3e592669b52cb4b,814860f1b4da72aa7fe07f1d4bbaa2c6512e170ec426903014e9f2c4d88dc8aa,kp-ai-lesson-07,Convolutional Neural Networks,卷积神经网络,CNN are mostly used for computer vision tasks.,true,false,,A,CNN 主要用于计算机视觉任务。,正确,错误,,本题考查“卷积神经网络”，参考答案为 A：“正确”。,"{""correctOptionKey"":""A"",""correctReason"":""该陈述与课程中“卷积神经网络”的说明一致，因此应选择“正确”。"",""generationMethod"":""machine_translation_plus_structural_template"",""generationVersion"":""en-zh-candidate-2026-08-12"",""localizedStem"":""CNN 主要用于计算机视觉任务。"",""memoryTip"":""复习“卷积神经网络”时，先定位题干关键词，再逐项核对定义和适用条件。"",""optionReasons"":{""A"":""该陈述与课程中“卷积神经网络”的说明一致，因此应选择“正确”。"",""B"":""“错误”不是本题参考答案；审核时需结合原课程补充它与正确选项的具体差异。""},""originalStem"":""CNN are mostly used for computer vision tasks."",""quality"":""structural_draft"",""requiresSubjectMatterReview"":true,""schemaVersion"":""quiz-explanation.v1"",""sourceUrls"":[""https://github.com/microsoft/AI-For-Beginners/blob/33e781bf7bfb9b39fd27c4e4a3e592669b52cb4b/etc/quiz-app/src/assets/translations/en/lesson-7.json""],""summary"":""本题考查“卷积神经网络”，参考答案为 A：“正确”。""}",public_machine_translation,en-zh-candidate-2026-08-12,pending,pending,hold,,
item-64245ed1394b3edae1e1,item-version-1d05c813e3de3e636492,microsoft-ai-for-beginners,etc/quiz-app/src/assets/translations/en/lesson-7.json,json-3,33e781bf7bfb9b39fd27c4e4a3e592669b52cb4b,814860f1b4da72aa7fe07f1d4bbaa2c6512e170ec426903014e9f2c4d88dc8aa,kp-ai-lesson-07,Convolutional Neural Networks,卷积神经网络,"Which pooling layer is used ""scale down"" the size of the image",average pooling,max pooling,a and b,C,使用哪个池化层“缩小”图像的大小,平均池化,最大池化,A 和 B,本题考查“卷积神经网络”，参考答案为 C：“A 和 B”。,"{""correctOptionKey"":""C"",""correctReason"":""在给定选项中，“A 和 B”最符合题干对“卷积神经网络”的描述或条件。"",""generationMethod"":""machine_translation_plus_structural_template"",""generationVersion"":""en-zh-candidate-2026-08-12"",""localizedStem"":""使用哪个池化层“缩小”图像的大小"",""memoryTip"":""复习“卷积神经网络”时，先定位题干关键词，再逐项核对定义和适用条件。"",""optionReasons"":{""A"":""“平均池化”不是本题参考答案；审核时需结合原课程补充它与正确选项的具体差异。"",""B"":""“最大池化”不是本题参考答案；审核时需结合原课程补充它与正确选项的具体差异。"",""C"":""在给定选项中，“A 和 B”最符合题干对“卷积神经网络”的描述或条件。""},""originalStem"":""Which pooling layer is used \""scale down\"" the size of the image"",""quality"":""structural_draft"",""requiresSubjectMatterReview"":true,""schemaVersion"":""quiz-explanation.v1"",""sourceUrls"":[""https://github.com/microsoft/AI-For-Beginners/blob/33e781bf7bfb9b39fd27c4e4a3e592669b52cb4b/etc/quiz-app/src/assets/translations/en/lesson-7.json""],""summary"":""本题考查“卷积神经网络”，参考答案为 C：“A 和 B”。""}",public_machine_translation,en-zh-candidate-2026-08-12,pending,pending,hold,,
item-0c5fd18f5ff9fd9ac2b5,item-version-26dd8f038c13c07c0866,microsoft-ai-for-beginners,etc/quiz-app/src/assets/translations/en/lesson-7.json,json-4,33e781bf7bfb9b39fd27c4e4a3e592669b52cb4b,814860f1b4da72aa7fe07f1d4bbaa2c6512e170ec426903014e9f2c4d88dc8aa,kp-ai-lesson-07,Convolutional Neural Networks,卷积神经网络,Convolutional networks generalizes much better,True,False,,A,卷积网络泛化能力更好,正确,错误,,本题考查“卷积神经网络”，参考答案为 A：“正确”。,"{""correctOptionKey"":""A"",""correctReason"":""该陈述与课程中“卷积神经网络”的说明一致，因此应选择“正确”。"",""generationMethod"":""machine_translation_plus_structural_template"",""generationVersion"":""en-zh-candidate-2026-08-12"",""localizedStem"":""卷积网络泛化能力更好"",""memoryTip"":""复习“卷积神经网络”时，先定位题干关键词，再逐项核对定义和适用条件。"",""optionReasons"":{""A"":""该陈述与课程中“卷积神经网络”的说明一致，因此应选择“正确”。"",""B"":""“错误”不是本题参考答案；审核时需结合原课程补充它与正确选项的具体差异。""},""originalStem"":""Convolutional networks generalizes much better"",""quality"":""structural_draft"",""requiresSubjectMatterReview"":true,""schemaVersion"":""quiz-explanation.v1"",""sourceUrls"":[""https://github.com/microsoft/AI-For-Beginners/blob/33e781bf7bfb9b39fd27c4e4a3e592669b52cb4b/etc/quiz-app/src/assets/translations/en/lesson-7.json""],""summary"":""本题考查“卷积神经网络”，参考答案为 A：“正确”。""}",public_machine_translation,en-zh-candidate-2026-08-12,pending,pending,hold,,
item-f224b760ff6b0894d4f9,item-version-6a5913cd7b4d400265ad,microsoft-ai-for-beginners,etc/quiz-app/src/assets/translations/en/lesson-7.json,json-5,33e781bf7bfb9b39fd27c4e4a3e592669b52cb4b,814860f1b4da72aa7fe07f1d4bbaa2c6512e170ec426903014e9f2c4d88dc8aa,kp-ai-lesson-07,Convolutional Neural Networks,卷积神经网络,"To train our neural network, we need to convert images to tensors",true,false,,A,为了训练我们的神经网络，我们需要将图像转换为张量,正确,错误,,本题考查“卷积神经网络”，参考答案为 A：“正确”。,"{""correctOptionKey"":""A"",""correctReason"":""该陈述与课程中“卷积神经网络”的说明一致，因此应选择“正确”。"",""generationMethod"":""machine_translation_plus_structural_template"",""generationVersion"":""en-zh-candidate-2026-08-12"",""localizedStem"":""为了训练我们的神经网络，我们需要将图像转换为张量"",""memoryTip"":""复习“卷积神经网络”时，先定位题干关键词，再逐项核对定义和适用条件。"",""optionReasons"":{""A"":""该陈述与课程中“卷积神经网络”的说明一致，因此应选择“正确”。"",""B"":""“错误”不是本题参考答案；审核时需结合原课程补充它与正确选项的具体差异。""},""originalStem"":""To train our neural network, we need to convert images to tensors"",""quality"":""structural_draft"",""requiresSubjectMatterReview"":true,""schemaVersion"":""quiz-explanation.v1"",""sourceUrls"":[""https://github.com/microsoft/AI-For-Beginners/blob/33e781bf7bfb9b39fd27c4e4a3e592669b52cb4b/etc/quiz-app/src/assets/translations/en/lesson-7.json""],""summary"":""本题考查“卷积神经网络”，参考答案为 A：“正确”。""}",public_machine_translation,en-zh-candidate-2026-08-12,pending,pending,hold,,
item-f71f4abce148efcd6b2d,item-version-3c9206b0dce226978d9b,microsoft-ai-for-beginners,etc/quiz-app/src/assets/translations/en/lesson-8.json,json-0,33e781bf7bfb9b39fd27c4e4a3e592669b52cb4b,d86b49ca56adfe9556fef1226e0c9009af10d3e960346dc14b66f7581fb51a30,kp-ai-lesson-08,Pre-trained Networks and Transfer Learning,预训练网络和迁移学习,Transfer learning approach uses untrained models for classification,true,false,,B,迁移学习方法使用未经训练的模型进行分类,正确,错误,,本题考查“预训练网络和迁移学习”，参考答案为 B：“错误”。,"{""correctOptionKey"":""B"",""correctReason"":""该陈述与课程中“预训练网络和迁移学习”的说明不一致，因此应选择“错误”。"",""generationMethod"":""machine_translation_plus_structural_template"",""generationVersion"":""en-zh-candidate-2026-08-12"",""localizedStem"":""迁移学习方法使用未经训练的模型进行分类"",""memoryTip"":""复习“预训练网络和迁移学习”时，先定位题干关键词，再逐项核对定义和适用条件。"",""optionReasons"":{""A"":""“正确”不是本题参考答案；审核时需结合原课程补充它与正确选项的具体差异。"",""B"":""该陈述与课程中“预训练网络和迁移学习”的说明不一致，因此应选择“错误”。""},""originalStem"":""Transfer learning approach uses untrained models for classification"",""quality"":""structural_draft"",""requiresSubjectMatterReview"":true,""schemaVersion"":""quiz-explanation.v1"",""sourceUrls"":[""https://github.com/microsoft/AI-For-Beginners/blob/33e781bf7bfb9b39fd27c4e4a3e592669b52cb4b/etc/quiz-app/src/assets/translations/en/lesson-8.json""],""summary"":""本题考查“预训练网络和迁移学习”，参考答案为 B：“错误”。""}",public_machine_translation,en-zh-candidate-2026-08-12,pending,pending,hold,,
item-143e8d4364189705326e,item-version-1af947d6872fd8c45497,microsoft-ai-for-beginners,etc/quiz-app/src/assets/translations/en/lesson-8.json,json-1,33e781bf7bfb9b39fd27c4e4a3e592669b52cb4b,d86b49ca56adfe9556fef1226e0c9009af10d3e960346dc14b66f7581fb51a30,kp-ai-lesson-08,Pre-trained Networks and Transfer Learning,预训练网络和迁移学习,One of these is not a normalization technique?,height normalization,weight normalization,layer normalization,A,其中之一不是归一化技术？,身高标准化,体重标准化,层归一化,本题考查“预训练网络和迁移学习”，参考答案为 A：“身高标准化”。,"{""correctOptionKey"":""A"",""correctReason"":""在给定选项中，“身高标准化”最符合题干对“预训练网络和迁移学习”的描述或条件。"",""generationMethod"":""machine_translation_plus_structural_template"",""generationVersion"":""en-zh-candidate-2026-08-12"",""localizedStem"":""其中之一不是归一化技术？"",""memoryTip"":""复习“预训练网络和迁移学习”时，先定位题干关键词，再逐项核对定义和适用条件。"",""optionReasons"":{""A"":""在给定选项中，“身高标准化”最符合题干对“预训练网络和迁移学习”的描述或条件。"",""B"":""“体重标准化”不是本题参考答案；审核时需结合原课程补充它与正确选项的具体差异。"",""C"":""“层归一化”不是本题参考答案；审核时需结合原课程补充它与正确选项的具体差异。""},""originalStem"":""One of these is not a normalization technique?"",""quality"":""structural_draft"",""requiresSubjectMatterReview"":true,""schemaVersion"":""quiz-explanation.v1"",""sourceUrls"":[""https://github.com/microsoft/AI-For-Beginners/blob/33e781bf7bfb9b39fd27c4e4a3e592669b52cb4b/etc/quiz-app/src/assets/translations/en/lesson-8.json""],""summary"":""本题考查“预训练网络和迁移学习”，参考答案为 A：“身高标准化”。""}",public_machine_translation,en-zh-candidate-2026-08-12,pending,pending,hold,,
item-062d172186c4dd35f8e9,item-version-cdb0dd095b1bf8b32b70,microsoft-ai-for-beginners,etc/quiz-app/src/assets/translations/en/lesson-8.json,json-2,33e781bf7bfb9b39fd27c4e4a3e592669b52cb4b,d86b49ca56adfe9556fef1226e0c9009af10d3e960346dc14b66f7581fb51a30,kp-ai-lesson-08,Pre-trained Networks and Transfer Learning,预训练网络和迁移学习,We choose Stochastic Gradient Descent(SGD) in deep learning because classical gradient descent can be ____,fast,slow,,B,我们在深度学习中选择随机梯度下降（SGD）是因为经典梯度下降可以____,快,慢,,本题考查“预训练网络和迁移学习”，参考答案为 B：“慢”。,"{""correctOptionKey"":""B"",""correctReason"":""根据“预训练网络和迁移学习”相关术语，题干空缺应填“慢”。"",""generationMethod"":""machine_translation_plus_structural_template"",""generationVersion"":""en-zh-candidate-2026-08-12"",""localizedStem"":""我们在深度学习中选择随机梯度下降（SGD）是因为经典梯度下降可以____"",""memoryTip"":""复习“预训练网络和迁移学习”时，先定位题干关键词，再逐项核对定义和适用条件。"",""optionReasons"":{""A"":""“快”不是本题参考答案；审核时需结合原课程补充它与正确选项的具体差异。"",""B"":""根据“预训练网络和迁移学习”相关术语，题干空缺应填“慢”。""},""originalStem"":""We choose Stochastic Gradient Descent(SGD) in deep learning because classical gradient descent can be ____"",""quality"":""structural_draft"",""requiresSubjectMatterReview"":true,""schemaVersion"":""quiz-explanation.v1"",""sourceUrls"":[""https://github.com/microsoft/AI-For-Beginners/blob/33e781bf7bfb9b39fd27c4e4a3e592669b52cb4b/etc/quiz-app/src/assets/translations/en/lesson-8.json""],""summary"":""本题考查“预训练网络和迁移学习”，参考答案为 B：“慢”。""}",public_machine_translation,en-zh-candidate-2026-08-12,pending,pending,hold,,
item-f42bf8120a5dfa783874,item-version-d817a2cf3aca0951ccfc,microsoft-ai-for-beginners,etc/quiz-app/src/assets/translations/en/lesson-8.json,json-3,33e781bf7bfb9b39fd27c4e4a3e592669b52cb4b,d86b49ca56adfe9556fef1226e0c9009af10d3e960346dc14b66f7581fb51a30,kp-ai-lesson-08,Pre-trained Networks and Transfer Learning,预训练网络和迁移学习,Dropout layers act as a ____ technique,gradient boosting,training,regularization,C,Dropout 层充当一种 ____ 技术,梯度提升,培训,正则化,本题考查“预训练网络和迁移学习”，参考答案为 C：“正则化”。,"{""correctOptionKey"":""C"",""correctReason"":""根据“预训练网络和迁移学习”相关术语，题干空缺应填“正则化”。"",""generationMethod"":""machine_translation_plus_structural_template"",""generationVersion"":""en-zh-candidate-2026-08-12"",""localizedStem"":""Dropout 层充当一种 ____ 技术"",""memoryTip"":""复习“预训练网络和迁移学习”时，先定位题干关键词，再逐项核对定义和适用条件。"",""optionReasons"":{""A"":""“梯度提升”不是本题参考答案；审核时需结合原课程补充它与正确选项的具体差异。"",""B"":""“培训”不是本题参考答案；审核时需结合原课程补充它与正确选项的具体差异。"",""C"":""根据“预训练网络和迁移学习”相关术语，题干空缺应填“正则化”。""},""originalStem"":""Dropout layers act as a ____ technique"",""quality"":""structural_draft"",""requiresSubjectMatterReview"":true,""schemaVersion"":""quiz-explanation.v1"",""sourceUrls"":[""https://github.com/microsoft/AI-For-Beginners/blob/33e781bf7bfb9b39fd27c4e4a3e592669b52cb4b/etc/quiz-app/src/assets/translations/en/lesson-8.json""],""summary"":""本题考查“预训练网络和迁移学习”，参考答案为 C：“正则化”。""}",public_machine_translation,en-zh-candidate-2026-08-12,pending,pending,hold,,
item-eaf8733953342480eb7e,item-version-d27c48a11c464175c4ff,microsoft-ai-for-beginners,etc/quiz-app/src/assets/translations/en/lesson-8.json,json-4,33e781bf7bfb9b39fd27c4e4a3e592669b52cb4b,d86b49ca56adfe9556fef1226e0c9009af10d3e960346dc14b66f7581fb51a30,kp-ai-lesson-08,Pre-trained Networks and Transfer Learning,预训练网络和迁移学习,freezing weights of convolutional feature extractor can be done by ____,setting `requires_grad` property to `False`,setting `trainable` property to `False`,a and b,C,冻结卷积特征提取器的权重可以通过____来完成,将“requires_grad”属性设置为“False”,将“trainable”属性设置为“False”,A 和 B,本题考查“预训练网络和迁移学习”，参考答案为 C：“A 和 B”。,"{""correctOptionKey"":""C"",""correctReason"":""根据“预训练网络和迁移学习”相关术语，题干空缺应填“A 和 B”。"",""generationMethod"":""machine_translation_plus_structural_template"",""generationVersion"":""en-zh-candidate-2026-08-12"",""localizedStem"":""冻结卷积特征提取器的权重可以通过____来完成"",""memoryTip"":""复习“预训练网络和迁移学习”时，先定位题干关键词，再逐项核对定义和适用条件。"",""optionReasons"":{""A"":""“将“requires_grad”属性设置为“False””不是本题参考答案；审核时需结合原课程补充它与正确选项的具体差异。"",""B"":""“将“trainable”属性设置为“False””不是本题参考答案；审核时需结合原课程补充它与正确选项的具体差异。"",""C"":""根据“预训练网络和迁移学习”相关术语，题干空缺应填“A 和 B”。""},""originalStem"":""freezing weights of convolutional feature extractor can be done by ____"",""quality"":""structural_draft"",""requiresSubjectMatterReview"":true,""schemaVersion"":""quiz-explanation.v1"",""sourceUrls"":[""https://github.com/microsoft/AI-For-Beginners/blob/33e781bf7bfb9b39fd27c4e4a3e592669b52cb4b/etc/quiz-app/src/assets/translations/en/lesson-8.json""],""summary"":""本题考查“预训练网络和迁移学习”，参考答案为 C：“A 和 B”。""}",public_machine_translation,en-zh-candidate-2026-08-12,pending,pending,hold,,
item-a1e965fd506213c63c8b,item-version-43802b400e0f60d60a4a,microsoft-ai-for-beginners,etc/quiz-app/src/assets/translations/en/lesson-8.json,json-5,33e781bf7bfb9b39fd27c4e4a3e592669b52cb4b,d86b49ca56adfe9556fef1226e0c9009af10d3e960346dc14b66f7581fb51a30,kp-ai-lesson-08,Pre-trained Networks and Transfer Learning,预训练网络和迁移学习,Batch normalization is to bring values that flow through the ____ to right interval,algorithms,batches,neural network,C,批量归一化是将流经____的值带到右边的区间,算法,批次,神经网络,本题考查“预训练网络和迁移学习”，参考答案为 C：“神经网络”。,"{""correctOptionKey"":""C"",""correctReason"":""根据“预训练网络和迁移学习”相关术语，题干空缺应填“神经网络”。"",""generationMethod"":""machine_translation_plus_structural_template"",""generationVersion"":""en-zh-candidate-2026-08-12"",""localizedStem"":""批量归一化是将流经____的值带到右边的区间"",""memoryTip"":""复习“预训练网络和迁移学习”时，先定位题干关键词，再逐项核对定义和适用条件。"",""optionReasons"":{""A"":""“算法”不是本题参考答案；审核时需结合原课程补充它与正确选项的具体差异。"",""B"":""“批次”不是本题参考答案；审核时需结合原课程补充它与正确选项的具体差异。"",""C"":""根据“预训练网络和迁移学习”相关术语，题干空缺应填“神经网络”。""},""originalStem"":""Batch normalization is to bring values that flow through the ____ to right interval"",""quality"":""structural_draft"",""requiresSubjectMatterReview"":true,""schemaVersion"":""quiz-explanation.v1"",""sourceUrls"":[""https://github.com/microsoft/AI-For-Beginners/blob/33e781bf7bfb9b39fd27c4e4a3e592669b52cb4b/etc/quiz-app/src/assets/translations/en/lesson-8.json""],""summary"":""本题考查“预训练网络和迁移学习”，参考答案为 C：“神经网络”。""}",public_machine_translation,en-zh-candidate-2026-08-12,pending,pending,hold,,
item-79642a9051f7a6ce1977,item-version-f237ca757e3571653f2d,microsoft-ai-for-beginners,etc/quiz-app/src/assets/translations/en/lesson-9.json,json-0,33e781bf7bfb9b39fd27c4e4a3e592669b52cb4b,37e0d2eda9186f5daf97e894fb0a0774b11e3d9a48e3931244cb8eb379281457,kp-ai-lesson-09,Autoencoders,自动编码器,Self-supervised learning uses ____ data for training,pre-trained,raw,labeled,B,自监督学习使用____数据进行训练,预训练的,原始的,贴上标签,本题考查“自动编码器”，参考答案为 B：“原始的”。,"{""correctOptionKey"":""B"",""correctReason"":""根据“自动编码器”相关术语，题干空缺应填“原始的”。"",""generationMethod"":""machine_translation_plus_structural_template"",""generationVersion"":""en-zh-candidate-2026-08-12"",""localizedStem"":""自监督学习使用____数据进行训练"",""memoryTip"":""复习“自动编码器”时，先定位题干关键词，再逐项核对定义和适用条件。"",""optionReasons"":{""A"":""“预训练的”不是本题参考答案；审核时需结合原课程补充它与正确选项的具体差异。"",""B"":""根据“自动编码器”相关术语，题干空缺应填“原始的”。"",""C"":""“贴上标签”不是本题参考答案；审核时需结合原课程补充它与正确选项的具体差异。""},""originalStem"":""Self-supervised learning uses ____ data for training"",""quality"":""structural_draft"",""requiresSubjectMatterReview"":true,""schemaVersion"":""quiz-explanation.v1"",""sourceUrls"":[""https://github.com/microsoft/AI-For-Beginners/blob/33e781bf7bfb9b39fd27c4e4a3e592669b52cb4b/etc/quiz-app/src/assets/translations/en/lesson-9.json""],""summary"":""本题考查“自动编码器”，参考答案为 B：“原始的”。""}",public_machine_translation,en-zh-candidate-2026-08-12,pending,pending,hold,,
item-0133b78ef2e0f166a553,item-version-89b85cc04597d810748f,microsoft-ai-for-beginners,etc/quiz-app/src/assets/translations/en/lesson-9.json,json-1,33e781bf7bfb9b39fd27c4e4a3e592669b52cb4b,37e0d2eda9186f5daf97e894fb0a0774b11e3d9a48e3931244cb8eb379281457,kp-ai-lesson-09,Autoencoders,自动编码器,Encoder Network coverts input images into latent spaces,true,false,,A,编码器网络将输入图像转换为潜在空间,正确,错误,,本题考查“自动编码器”，参考答案为 A：“正确”。,"{""correctOptionKey"":""A"",""correctReason"":""该陈述与课程中“自动编码器”的说明一致，因此应选择“正确”。"",""generationMethod"":""machine_translation_plus_structural_template"",""generationVersion"":""en-zh-candidate-2026-08-12"",""localizedStem"":""编码器网络将输入图像转换为潜在空间"",""memoryTip"":""复习“自动编码器”时，先定位题干关键词，再逐项核对定义和适用条件。"",""optionReasons"":{""A"":""该陈述与课程中“自动编码器”的说明一致，因此应选择“正确”。"",""B"":""“错误”不是本题参考答案；审核时需结合原课程补充它与正确选项的具体差异。""},""originalStem"":""Encoder Network coverts input images into latent spaces"",""quality"":""structural_draft"",""requiresSubjectMatterReview"":true,""schemaVersion"":""quiz-explanation.v1"",""sourceUrls"":[""https://github.com/microsoft/AI-For-Beginners/blob/33e781bf7bfb9b39fd27c4e4a3e592669b52cb4b/etc/quiz-app/src/assets/translations/en/lesson-9.json""],""summary"":""本题考查“自动编码器”，参考答案为 A：“正确”。""}",public_machine_translation,en-zh-candidate-2026-08-12,pending,pending,hold,,
item-1271ff943eeae8208fc6,item-version-781d9e8619b1ded86d6b,microsoft-ai-for-beginners,etc/quiz-app/src/assets/translations/en/lesson-9.json,json-2,33e781bf7bfb9b39fd27c4e4a3e592669b52cb4b,37e0d2eda9186f5daf97e894fb0a0774b11e3d9a48e3931244cb8eb379281457,kp-ai-lesson-09,Autoencoders,自动编码器,VAE is short for?,Variable AutoEncoding,Variation auto-encoder,Variational automated encoders,B,VAE 是缩写吗？,变量自动编码,变化自动编码器,变分自动编码器,本题考查“自动编码器”，参考答案为 B：“变化自动编码器”。,"{""correctOptionKey"":""B"",""correctReason"":""在给定选项中，“变化自动编码器”最符合题干对“自动编码器”的描述或条件。"",""generationMethod"":""machine_translation_plus_structural_template"",""generationVersion"":""en-zh-candidate-2026-08-12"",""localizedStem"":""VAE 是缩写吗？"",""memoryTip"":""复习“自动编码器”时，先定位题干关键词，再逐项核对定义和适用条件。"",""optionReasons"":{""A"":""“变量自动编码”不是本题参考答案；审核时需结合原课程补充它与正确选项的具体差异。"",""B"":""在给定选项中，“变化自动编码器”最符合题干对“自动编码器”的描述或条件。"",""C"":""“变分自动编码器”不是本题参考答案；审核时需结合原课程补充它与正确选项的具体差异。""},""originalStem"":""VAE is short for?"",""quality"":""structural_draft"",""requiresSubjectMatterReview"":true,""schemaVersion"":""quiz-explanation.v1"",""sourceUrls"":[""https://github.com/microsoft/AI-For-Beginners/blob/33e781bf7bfb9b39fd27c4e4a3e592669b52cb4b/etc/quiz-app/src/assets/translations/en/lesson-9.json""],""summary"":""本题考查“自动编码器”，参考答案为 B：“变化自动编码器”。""}",public_machine_translation,en-zh-candidate-2026-08-12,pending,pending,hold,,
item-fa6edbd42286101bbf0f,item-version-08e852b5d51241ddc811,microsoft-ai-for-beginners,etc/quiz-app/src/assets/translations/en/lesson-9.json,json-3,33e781bf7bfb9b39fd27c4e4a3e592669b52cb4b,37e0d2eda9186f5daf97e894fb0a0774b11e3d9a48e3931244cb8eb379281457,kp-ai-lesson-09,Autoencoders,自动编码器,Properties of autoencoders include,it is data Specific,works on unlabeled data,all of the above,C,自动编码器的属性包括,这是数据特定的,适用于未标记的数据,以上全部,本题考查“自动编码器”，参考答案为 C：“以上全部”。,"{""correctOptionKey"":""C"",""correctReason"":""在给定选项中，“以上全部”最符合题干对“自动编码器”的描述或条件。"",""generationMethod"":""machine_translation_plus_structural_template"",""generationVersion"":""en-zh-candidate-2026-08-12"",""localizedStem"":""自动编码器的属性包括"",""memoryTip"":""复习“自动编码器”时，先定位题干关键词，再逐项核对定义和适用条件。"",""optionReasons"":{""A"":""“这是数据特定的”不是本题参考答案；审核时需结合原课程补充它与正确选项的具体差异。"",""B"":""“适用于未标记的数据”不是本题参考答案；审核时需结合原课程补充它与正确选项的具体差异。"",""C"":""在给定选项中，“以上全部”最符合题干对“自动编码器”的描述或条件。""},""originalStem"":""Properties of autoencoders include"",""quality"":""structural_draft"",""requiresSubjectMatterReview"":true,""schemaVersion"":""quiz-explanation.v1"",""sourceUrls"":[""https://github.com/microsoft/AI-For-Beginners/blob/33e781bf7bfb9b39fd27c4e4a3e592669b52cb4b/etc/quiz-app/src/assets/translations/en/lesson-9.json""],""summary"":""本题考查“自动编码器”，参考答案为 C：“以上全部”。""}",public_machine_translation,en-zh-candidate-2026-08-12,pending,pending,hold,,
item-de936c7370643ebd88ee,item-version-b17aea3da3eef25eac8a,microsoft-ai-for-beginners,etc/quiz-app/src/assets/translations/en/lesson-9.json,json-4,33e781bf7bfb9b39fd27c4e4a3e592669b52cb4b,37e0d2eda9186f5daf97e894fb0a0774b11e3d9a48e3931244cb8eb379281457,kp-ai-lesson-09,Autoencoders,自动编码器,Auto encoders can be used to effectively remove noise from images,true,false,,A,自动编码器可用于有效去除图像中的噪声,正确,错误,,本题考查“自动编码器”，参考答案为 A：“正确”。,"{""correctOptionKey"":""A"",""correctReason"":""该陈述与课程中“自动编码器”的说明一致，因此应选择“正确”。"",""generationMethod"":""machine_translation_plus_structural_template"",""generationVersion"":""en-zh-candidate-2026-08-12"",""localizedStem"":""自动编码器可用于有效去除图像中的噪声"",""memoryTip"":""复习“自动编码器”时，先定位题干关键词，再逐项核对定义和适用条件。"",""optionReasons"":{""A"":""该陈述与课程中“自动编码器”的说明一致，因此应选择“正确”。"",""B"":""“错误”不是本题参考答案；审核时需结合原课程补充它与正确选项的具体差异。""},""originalStem"":""Auto encoders can be used to effectively remove noise from images"",""quality"":""structural_draft"",""requiresSubjectMatterReview"":true,""schemaVersion"":""quiz-explanation.v1"",""sourceUrls"":[""https://github.com/microsoft/AI-For-Beginners/blob/33e781bf7bfb9b39fd27c4e4a3e592669b52cb4b/etc/quiz-app/src/assets/translations/en/lesson-9.json""],""summary"":""本题考查“自动编码器”，参考答案为 A：“正确”。""}",public_machine_translation,en-zh-candidate-2026-08-12,pending,pending,hold,,
item-b7c4bdf2ebc8d185c0e8,item-version-c2eaecf91ab5e9ece180,microsoft-ai-for-beginners,etc/quiz-app/src/assets/translations/en/lesson-9.json,json-5,33e781bf7bfb9b39fd27c4e4a3e592669b52cb4b,37e0d2eda9186f5daf97e894fb0a0774b11e3d9a48e3931244cb8eb379281457,kp-ai-lesson-09,Autoencoders,自动编码器,Variational auto-encoders loss function does not consist of which of these?,reconstruction loss,KL loss,TF loss,C,变分自动编码器损失函数不包含以下哪一项？,重建损失,KL损失,TF损失,本题考查“自动编码器”，参考答案为 C：“TF损失”。,"{""correctOptionKey"":""C"",""correctReason"":""在给定选项中，“TF损失”最符合题干对“自动编码器”的描述或条件。"",""generationMethod"":""machine_translation_plus_structural_template"",""generationVersion"":""en-zh-candidate-2026-08-12"",""localizedStem"":""变分自动编码器损失函数不包含以下哪一项？"",""memoryTip"":""复习“自动编码器”时，先定位题干关键词，再逐项核对定义和适用条件。"",""optionReasons"":{""A"":""“重建损失”不是本题参考答案；审核时需结合原课程补充它与正确选项的具体差异。"",""B"":""“KL损失”不是本题参考答案；审核时需结合原课程补充它与正确选项的具体差异。"",""C"":""在给定选项中，“TF损失”最符合题干对“自动编码器”的描述或条件。""},""originalStem"":""Variational auto-encoders loss function does not consist of which of these?"",""quality"":""structural_draft"",""requiresSubjectMatterReview"":true,""schemaVersion"":""quiz-explanation.v1"",""sourceUrls"":[""https://github.com/microsoft/AI-For-Beginners/blob/33e781bf7bfb9b39fd27c4e4a3e592669b52cb4b/etc/quiz-app/src/assets/translations/en/lesson-9.json""],""summary"":""本题考查“自动编码器”，参考答案为 C：“TF损失”。""}",public_machine_translation,en-zh-candidate-2026-08-12,pending,pending,hold,,
